{
"type": "FeatureCollection",
"name": "transects_with_cvi_equal",
"crs": { "type": "name", "properties": { "name": "urn:ogc:def:crs:OGC:1.3:CRS84" } },
"features": [
{ "type": "Feature", "properties": { "label": "T1", "land_cover_score": 5.0, "slope_score": 3, "erosion_score": 1, "elevation_score": 3, "CVI_equal": 3.3541019662496847, "CVI_equal_norm": 0.31082111702975423, "CVI_equal_class": 2, "CVI_equal_label": "Low Vulnerability", "CVI_equal_color": "lightgreen" }, "geometry": { "type": "LineString", "coordinates": [ [ 8.664586828474535, 44.389016353993476 ], [ 8.664715571525463, 44.391582417880478 ] ] } },
{ "type": "Feature", "properties": { "label": "T2", "land_cover_score": 5.0, "slope_score": 3, "erosion_score": 1, "elevation_score": 2, "CVI_equal": 2.7386127875258306, "CVI_equal_norm": 0.24379231556683612, "CVI_equal_class": 2, "CVI_equal_label": "Low Vulnerability", "CVI_equal_color": "lightgreen" }, "geometry": { "type": "LineString", "coordinates": [ [ 8.664212150280425, 44.389169002754684 ], [ 8.665986090732414, 44.391401990322038 ] ] } },
{ "type": "Feature", "properties": { "label": "T3", "land_cover_score": 5.0, "slope_score": 4, "erosion_score": 1, "elevation_score": 2, "CVI_equal": 3.1622776601683795, "CVI_equal_norm": 0.28993081745577165, "CVI_equal_class": 2, "CVI_equal_label": "Low Vulnerability", "CVI_equal_color": "lightgreen" }, "geometry": { "type": "LineString", "coordinates": [ [ 8.665366784894438, 44.388850662453542 ], [ 8.665616368087401, 44.391412180866965 ] ] } },
{ "type": "Feature", "properties": { "label": "T4", "land_cover_score": 5.0, "slope_score": 4, "erosion_score": 1, "elevation_score": 3, "CVI_equal": 3.872983346207417, "CVI_equal_norm": 0.36732901059191914, "CVI_equal_class": 2, "CVI_equal_label": "Low Vulnerability", "CVI_equal_color": "lightgreen" }, "geometry": { "type": "LineString", "coordinates": [ [ 8.666103180655554, 44.38883272890844 ], [ 8.66577605349028, 44.391389786769295 ] ] } },
{ "type": "Feature", "properties": { "label": "T5", "land_cover_score": 5.0, "slope_score": 3, "erosion_score": 1, "elevation_score": 2, "CVI_equal": 2.7386127875258306, "CVI_equal_norm": 0.24379231556683612, "CVI_equal_class": 2, "CVI_equal_label": "Low Vulnerability", "CVI_equal_color": "lightgreen" }, "geometry": { "type": "LineString", "coordinates": [ [ 8.666572501459523, 44.388863651355933 ], [ 8.666201273043804, 44.391417630871693 ] ] } },
{ "type": "Feature", "properties": { "label": "T6", "land_cover_score": 5.0, "slope_score": 3, "erosion_score": 1, "elevation_score": 2, "CVI_equal": 2.7386127875258306, "CVI_equal_norm": 0.24379231556683612, "CVI_equal_class": 2, "CVI_equal_label": "Low Vulnerability", "CVI_equal_color": "lightgreen" }, "geometry": { "type": "LineString", "coordinates": [ [ 8.667019255640016, 44.388896811726632 ], [ 8.666648027224253, 44.391450789795421 ] ] } },
{ "type": "Feature", "properties": { "label": "T7", "land_cover_score": 5.0, "slope_score": 3, "erosion_score": 1, "elevation_score": 2, "CVI_equal": 2.7386127875258306, "CVI_equal_norm": 0.24379231556683612, "CVI_equal_class": 2, "CVI_equal_label": "Low Vulnerability", "CVI_equal_color": "lightgreen" }, "geometry": { "type": "LineString", "coordinates": [ [ 8.667794249659451, 44.388979308659593 ], [ 8.666765184514244, 44.391439473429692 ] ] } },
{ "type": "Feature", "properties": { "label": "T8", "land_cover_score": 5.0, "slope_score": 3, "erosion_score": 1, "elevation_score": 2, "CVI_equal": 2.7386127875258306, "CVI_equal_norm": 0.24379231556683612, "CVI_equal_class": 2, "CVI_equal_label": "Low Vulnerability", "CVI_equal_color": "lightgreen" }, "geometry": { "type": "LineString", "coordinates": [ [ 8.668729375561364, 44.389252472760859 ], [ 8.666682274741184, 44.391362744132586 ] ] } },
{ "type": "Feature", "properties": { "label": "T9", "land_cover_score": 5.0, "slope_score": 2, "erosion_score": 1, "elevation_score": 1, "CVI_equal": 1.5811388300841898, "CVI_equal_norm": 0.11773958422115174, "CVI_equal_class": 1, "CVI_equal_label": "Very Low Vulnerability", "CVI_equal_color": "green" }, "geometry": { "type": "LineString", "coordinates": [ [ 8.669050607372425, 44.38941152953219 ], [ 8.667100465201411, 44.391568175952784 ] ] } },
{ "type": "Feature", "properties": { "label": "T10", "land_cover_score": 5.0, "slope_score": 1, "erosion_score": 3, "elevation_score": 2, "CVI_equal": 2.7386127875258306, "CVI_equal_norm": 0.24379231556683612, "CVI_equal_class": 2, "CVI_equal_label": "Low Vulnerability", "CVI_equal_color": "lightgreen" }, "geometry": { "type": "LineString", "coordinates": [ [ 8.669296818602099, 44.389528470885146 ], [ 8.6676115369916, 44.39179623982556 ] ] } },
{ "type": "Feature", "properties": { "label": "T11", "land_cover_score": 5.0, "slope_score": 1, "erosion_score": 3, "elevation_score": 1, "CVI_equal": 1.9364916731037085, "CVI_equal_norm": 0.15643868078922549, "CVI_equal_class": 1, "CVI_equal_label": "Very Low Vulnerability", "CVI_equal_color": "green" }, "geometry": { "type": "LineString", "coordinates": [ [ 8.66953218035002, 44.389622395256701 ], [ 8.668172356082676, 44.391999118283813 ] ] } },
{ "type": "Feature", "properties": { "label": "T12", "land_cover_score": 5.0, "slope_score": 1, "erosion_score": 3, "elevation_score": 1, "CVI_equal": 1.9364916731037085, "CVI_equal_norm": 0.15643868078922549, "CVI_equal_class": 1, "CVI_equal_label": "Very Low Vulnerability", "CVI_equal_color": "green" }, "geometry": { "type": "LineString", "coordinates": [ [ 8.669945826253283, 44.389743214566295 ], [ 8.668590246748151, 44.39212117052589 ] ] } },
{ "type": "Feature", "properties": { "label": "T13", "land_cover_score": 5.0, "slope_score": 1, "erosion_score": 3, "elevation_score": 1, "CVI_equal": 1.9364916731037085, "CVI_equal_norm": 0.15643868078922549, "CVI_equal_class": 1, "CVI_equal_label": "Very Low Vulnerability", "CVI_equal_color": "green" }, "geometry": { "type": "LineString", "coordinates": [ [ 8.670614143548885, 44.389959250102457 ], [ 8.668749154360665, 44.392153998627464 ] ] } },
{ "type": "Feature", "properties": { "label": "T14", "land_cover_score": 5.0, "slope_score": 1, "erosion_score": 3, "elevation_score": 1, "CVI_equal": 1.9364916731037085, "CVI_equal_norm": 0.15643868078922549, "CVI_equal_class": 1, "CVI_equal_label": "Very Low Vulnerability", "CVI_equal_color": "green" }, "geometry": { "type": "LineString", "coordinates": [ [ 8.669644416864688, 44.389954100956352 ], [ 8.670496171442629, 44.392448593566648 ] ] } },
{ "type": "Feature", "properties": { "label": "T15", "land_cover_score": 1.0, "slope_score": 2, "erosion_score": 3, "elevation_score": 3, "CVI_equal": 2.1213203435596424, "CVI_equal_norm": 0.17656713257181045, "CVI_equal_class": 1, "CVI_equal_label": "Very Low Vulnerability", "CVI_equal_color": "green" }, "geometry": { "type": "LineString", "coordinates": [ [ 8.669121440426535, 44.390209558283715 ], [ 8.671794890579749, 44.391925178124325 ] ] } },
{ "type": "Feature", "properties": { "label": "T16", "land_cover_score": null, "slope_score": 3, "erosion_score": 3, "elevation_score": 5, "CVI_equal": 3.872983346207417, "CVI_equal_norm": 0.36732901059191914, "CVI_equal_class": 2, "CVI_equal_label": "Low Vulnerability", "CVI_equal_color": "lightgreen" }, "geometry": { "type": "LineString", "coordinates": [ [ 8.672209412041214, 44.391542599249924 ], [ 8.668779098643352, 44.390778139722578 ] ] } },
{ "type": "Feature", "properties": { "label": "T17", "land_cover_score": 5.0, "slope_score": 2, "erosion_score": 3, "elevation_score": 1, "CVI_equal": 2.7386127875258306, "CVI_equal_norm": 0.24379231556683612, "CVI_equal_class": 2, "CVI_equal_label": "Low Vulnerability", "CVI_equal_color": "lightgreen" }, "geometry": { "type": "LineString", "coordinates": [ [ 8.671744287117448, 44.390354650192307 ], [ 8.669622397884183, 44.392426816373678 ] ] } },
{ "type": "Feature", "properties": { "label": "T18", "land_cover_score": 5.0, "slope_score": 1, "erosion_score": 3, "elevation_score": 1, "CVI_equal": 1.9364916731037085, "CVI_equal_norm": 0.15643868078922549, "CVI_equal_class": 1, "CVI_equal_label": "Very Low Vulnerability", "CVI_equal_color": "green" }, "geometry": { "type": "LineString", "coordinates": [ [ 8.671610913799229, 44.390280411468659 ], [ 8.670578412439587, 44.392739786280472 ] ] } },
{ "type": "Feature", "properties": { "label": "T19", "land_cover_score": 1.0, "slope_score": 1, "erosion_score": 3, "elevation_score": 1, "CVI_equal": 0.8660254037844386, "CVI_equal_norm": 0.039861373633766406, "CVI_equal_class": 1, "CVI_equal_label": "Very Low Vulnerability", "CVI_equal_color": "green" }, "geometry": { "type": "LineString", "coordinates": [ [ 8.672144647462734, 44.390413290468004 ], [ 8.670891749621894, 44.392819804029827 ] ] } },
{ "type": "Feature", "properties": { "label": "T20", "land_cover_score": 1.0, "slope_score": 1, "erosion_score": 3, "elevation_score": 1, "CVI_equal": 0.8660254037844386, "CVI_equal_norm": 0.039861373633766406, "CVI_equal_class": 1, "CVI_equal_label": "Very Low Vulnerability", "CVI_equal_color": "green" }, "geometry": { "type": "LineString", "coordinates": [ [ 8.672473678217743, 44.390488784146271 ], [ 8.671416681141528, 44.39294283115283 ] ] } },
{ "type": "Feature", "properties": { "label": "T21", "land_cover_score": 1.0, "slope_score": 1, "erosion_score": 3, "elevation_score": 1, "CVI_equal": 0.8660254037844386, "CVI_equal_norm": 0.039861373633766406, "CVI_equal_class": 1, "CVI_equal_label": "Very Low Vulnerability", "CVI_equal_color": "green" }, "geometry": { "type": "LineString", "coordinates": [ [ 8.67305290359112, 44.390645561095248 ], [ 8.671674836193514, 44.393016871150223 ] ] } },
{ "type": "Feature", "properties": { "label": "T22", "land_cover_score": 1.0, "slope_score": 1, "erosion_score": 3, "elevation_score": 1, "CVI_equal": 0.8660254037844386, "CVI_equal_norm": 0.039861373633766406, "CVI_equal_class": 1, "CVI_equal_label": "Very Low Vulnerability", "CVI_equal_color": "green" }, "geometry": { "type": "LineString", "coordinates": [ [ 8.67330764804854, 44.390702357276382 ], [ 8.672272280464483, 44.393161099013675 ] ] } },
{ "type": "Feature", "properties": { "label": "T23", "land_cover_score": 1.0, "slope_score": 1, "erosion_score": 3, "elevation_score": 1, "CVI_equal": 0.8660254037844386, "CVI_equal_norm": 0.039861373633766406, "CVI_equal_class": 1, "CVI_equal_label": "Very Low Vulnerability", "CVI_equal_color": "green" }, "geometry": { "type": "LineString", "coordinates": [ [ 8.673531447967996, 44.3907302463113 ], [ 8.672927367918698, 44.393261340349135 ] ] } },
{ "type": "Feature", "properties": { "label": "T24", "land_cover_score": 5.0, "slope_score": 2, "erosion_score": 3, "elevation_score": 1, "CVI_equal": 2.7386127875258306, "CVI_equal_norm": 0.24379231556683612, "CVI_equal_class": 2, "CVI_equal_label": "Low Vulnerability", "CVI_equal_color": "lightgreen" }, "geometry": { "type": "LineString", "coordinates": [ [ 8.672173648340825, 44.390999658252134 ], [ 8.674934616980128, 44.392642954160465 ] ] } },
{ "type": "Feature", "properties": { "label": "T25", "land_cover_score": 1.0, "slope_score": 1, "erosion_score": 3, "elevation_score": 1, "CVI_equal": 0.8660254037844386, "CVI_equal_norm": 0.039861373633766406, "CVI_equal_class": 1, "CVI_equal_label": "Very Low Vulnerability", "CVI_equal_color": "green" }, "geometry": { "type": "LineString", "coordinates": [ [ 8.674360583454177, 44.390861956985191 ], [ 8.67299585666257, 44.393237194427726 ] ] } },
{ "type": "Feature", "properties": { "label": "T26", "land_cover_score": 5.0, "slope_score": 1, "erosion_score": 3, "elevation_score": 1, "CVI_equal": 1.9364916731037085, "CVI_equal_norm": 0.15643868078922549, "CVI_equal_class": 1, "CVI_equal_label": "Very Low Vulnerability", "CVI_equal_color": "green" }, "geometry": { "type": "LineString", "coordinates": [ [ 8.674487025226908, 44.390911055043283 ], [ 8.673706775500612, 44.393417421866857 ] ] } },
{ "type": "Feature", "properties": { "label": "T27", "land_cover_score": 5.0, "slope_score": 1, "erosion_score": 3, "elevation_score": 1, "CVI_equal": 1.9364916731037085, "CVI_equal_norm": 0.15643868078922549, "CVI_equal_class": 1, "CVI_equal_label": "Very Low Vulnerability", "CVI_equal_color": "green" }, "geometry": { "type": "LineString", "coordinates": [ [ 8.674906404247267, 44.390977299385973 ], [ 8.674164566334843, 44.39348961166818 ] ] } },
{ "type": "Feature", "properties": { "label": "T28", "land_cover_score": 5.0, "slope_score": 1, "erosion_score": 3, "elevation_score": 1, "CVI_equal": 1.9364916731037085, "CVI_equal_norm": 0.15643868078922549, "CVI_equal_class": 1, "CVI_equal_label": "Very Low Vulnerability", "CVI_equal_color": "green" }, "geometry": { "type": "LineString", "coordinates": [ [ 8.675209372141451, 44.391023401057005 ], [ 8.674742186628745, 44.393569231325614 ] ] } },
{ "type": "Feature", "properties": { "label": "T29", "land_cover_score": 5.0, "slope_score": 1, "erosion_score": 3, "elevation_score": 1, "CVI_equal": 1.9364916731037085, "CVI_equal_norm": 0.15643868078922549, "CVI_equal_class": 1, "CVI_equal_label": "Very Low Vulnerability", "CVI_equal_color": "green" }, "geometry": { "type": "LineString", "coordinates": [ [ 8.675626126243426, 44.391061897422873 ], [ 8.675216367437724, 44.393612771145278 ] ] } },
{ "type": "Feature", "properties": { "label": "T30", "land_cover_score": 5.0, "slope_score": 1, "erosion_score": 3, "elevation_score": 1, "CVI_equal": 1.9364916731037085, "CVI_equal_norm": 0.15643868078922549, "CVI_equal_class": 1, "CVI_equal_label": "Very Low Vulnerability", "CVI_equal_color": "green" }, "geometry": { "type": "LineString", "coordinates": [ [ 8.676053871129675, 44.391096586525386 ], [ 8.675681218737667, 44.393650362713053 ] ] } },
{ "type": "Feature", "properties": { "label": "T31", "land_cover_score": 1.0, "slope_score": 1, "erosion_score": 3, "elevation_score": 1, "CVI_equal": 0.8660254037844386, "CVI_equal_norm": 0.039861373633766406, "CVI_equal_class": 1, "CVI_equal_label": "Very Low Vulnerability", "CVI_equal_color": "green" }, "geometry": { "type": "LineString", "coordinates": [ [ 8.676339108277272, 44.391119059987211 ], [ 8.676290113106768, 44.393686441536744 ] ] } },
{ "type": "Feature", "properties": { "label": "T32", "land_cover_score": 5.0, "slope_score": 1, "erosion_score": 3, "elevation_score": 1, "CVI_equal": 1.9364916731037085, "CVI_equal_norm": 0.15643868078922549, "CVI_equal_class": 1, "CVI_equal_label": "Very Low Vulnerability", "CVI_equal_color": "green" }, "geometry": { "type": "LineString", "coordinates": [ [ 8.675306342336915, 44.391590731758946 ], [ 8.678167114260861, 44.393144400693735 ] ] } },
{ "type": "Feature", "properties": { "label": "T33", "land_cover_score": 2.0, "slope_score": 1, "erosion_score": 3, "elevation_score": 1, "CVI_equal": 1.2247448713915889, "CVI_equal_norm": 0.07892710672265181, "CVI_equal_class": 1, "CVI_equal_label": "Very Low Vulnerability", "CVI_equal_color": "green" }, "geometry": { "type": "LineString", "coordinates": [ [ 8.678528423350448, 44.391690803700349 ], [ 8.675452387290544, 44.393017960364993 ] ] } },
{ "type": "Feature", "properties": { "label": "T34", "land_cover_score": 1.0, "slope_score": 1, "erosion_score": 3, "elevation_score": 1, "CVI_equal": 0.8660254037844386, "CVI_equal_norm": 0.039861373633766406, "CVI_equal_class": 1, "CVI_equal_label": "Very Low Vulnerability", "CVI_equal_color": "green" }, "geometry": { "type": "LineString", "coordinates": [ [ 8.677664117101745, 44.391227126091437 ], [ 8.677044425635248, 44.393756270907829 ] ] } },
{ "type": "Feature", "properties": { "label": "T35", "land_cover_score": 5.0, "slope_score": 1, "erosion_score": 1, "elevation_score": 1, "CVI_equal": 1.1180339887498949, "CVI_equal_norm": 0.067305939667605993, "CVI_equal_class": 1, "CVI_equal_label": "Very Low Vulnerability", "CVI_equal_color": "green" }, "geometry": { "type": "LineString", "coordinates": [ [ 8.677995513237791, 44.391258214392401 ], [ 8.677602949767371, 44.393810459933277 ] ] } },
{ "type": "Feature", "properties": { "label": "T36", "land_cover_score": 5.0, "slope_score": 1, "erosion_score": 1, "elevation_score": 1, "CVI_equal": 1.1180339887498949, "CVI_equal_norm": 0.067305939667605993, "CVI_equal_class": 1, "CVI_equal_label": "Very Low Vulnerability", "CVI_equal_color": "green" }, "geometry": { "type": "LineString", "coordinates": [ [ 8.678724390660619, 44.391366394267749 ], [ 8.677749248549386, 44.393837648590413 ] ] } },
{ "type": "Feature", "properties": { "label": "T37", "land_cover_score": 1.0, "slope_score": 1, "erosion_score": 1, "elevation_score": 1, "CVI_equal": 0.5, "CVI_equal_norm": 0.0, "CVI_equal_class": 1, "CVI_equal_label": "Very Low Vulnerability", "CVI_equal_color": "green" }, "geometry": { "type": "LineString", "coordinates": [ [ 8.679446629472215, 44.391573709209197 ], [ 8.677853593964581, 44.393875192334924 ] ] } },
{ "type": "Feature", "properties": { "label": "T38", "land_cover_score": 1.0, "slope_score": 1, "erosion_score": 1, "elevation_score": 1, "CVI_equal": 0.5, "CVI_equal_norm": 0.0, "CVI_equal_class": 1, "CVI_equal_label": "Very Low Vulnerability", "CVI_equal_color": "green" }, "geometry": { "type": "LineString", "coordinates": [ [ 8.680047414103226, 44.391836875624449 ], [ 8.678011890323997, 44.393952764253449 ] ] } },
{ "type": "Feature", "properties": { "label": "T39", "land_cover_score": 1.0, "slope_score": 1, "erosion_score": 1, "elevation_score": 1, "CVI_equal": 0.5, "CVI_equal_norm": 0.0, "CVI_equal_class": 1, "CVI_equal_label": "Very Low Vulnerability", "CVI_equal_color": "green" }, "geometry": { "type": "LineString", "coordinates": [ [ 8.680196463650649, 44.391920677658305 ], [ 8.678610600734713, 44.394224674950742 ] ] } },
{ "type": "Feature", "properties": { "label": "T40", "land_cover_score": 1.0, "slope_score": 1, "erosion_score": 1, "elevation_score": 1, "CVI_equal": 0.5, "CVI_equal_norm": 0.0, "CVI_equal_class": 1, "CVI_equal_label": "Very Low Vulnerability", "CVI_equal_color": "green" }, "geometry": { "type": "LineString", "coordinates": [ [ 8.679022521608438, 44.392051933037145 ], [ 8.680599340784907, 44.394359092233053 ] ] } },
{ "type": "Feature", "properties": { "label": "T41", "land_cover_score": 1.0, "slope_score": 1, "erosion_score": 1, "elevation_score": 1, "CVI_equal": 0.5, "CVI_equal_norm": 0.0, "CVI_equal_class": 1, "CVI_equal_label": "Very Low Vulnerability", "CVI_equal_color": "green" }, "geometry": { "type": "LineString", "coordinates": [ [ 8.681878770397171, 44.392983475285334 ], [ 8.678342479965391, 44.39343887516921 ] ] } },
{ "type": "Feature", "properties": { "label": "T42", "land_cover_score": 1.0, "slope_score": 1, "erosion_score": 1, "elevation_score": 1, "CVI_equal": 0.5, "CVI_equal_norm": 0.0, "CVI_equal_class": 1, "CVI_equal_label": "Very Low Vulnerability", "CVI_equal_color": "green" }, "geometry": { "type": "LineString", "coordinates": [ [ 8.681516674764397, 44.392539936432627 ], [ 8.67908220483978, 44.394428421332073 ] ] } },
{ "type": "Feature", "properties": { "label": "T43", "land_cover_score": 1.0, "slope_score": 1, "erosion_score": 1, "elevation_score": 1, "CVI_equal": 0.5, "CVI_equal_norm": 0.0, "CVI_equal_class": 1, "CVI_equal_label": "Very Low Vulnerability", "CVI_equal_color": "green" }, "geometry": { "type": "LineString", "coordinates": [ [ 8.681816206314803, 44.392732748109616 ], [ 8.679450156074589, 44.394665116982502 ] ] } },
{ "type": "Feature", "properties": { "label": "T44", "land_cover_score": 1.0, "slope_score": 1, "erosion_score": 1, "elevation_score": 1, "CVI_equal": 0.5, "CVI_equal_norm": 0.0, "CVI_equal_class": 1, "CVI_equal_label": "Very Low Vulnerability", "CVI_equal_color": "green" }, "geometry": { "type": "LineString", "coordinates": [ [ 8.681996439733238, 44.392834716290608 ], [ 8.679976096578436, 44.394957984533079 ] ] } },
{ "type": "Feature", "properties": { "label": "T45", "land_cover_score": 1.0, "slope_score": 1, "erosion_score": 1, "elevation_score": 1, "CVI_equal": 0.5, "CVI_equal_norm": 0.0, "CVI_equal_class": 1, "CVI_equal_label": "Very Low Vulnerability", "CVI_equal_color": "green" }, "geometry": { "type": "LineString", "coordinates": [ [ 8.682437132139864, 44.393059948226522 ], [ 8.680266041638941, 44.395105830454995 ] ] } },
{ "type": "Feature", "properties": { "label": "T46", "land_cover_score": 1.0, "slope_score": 1, "erosion_score": 1, "elevation_score": 1, "CVI_equal": 0.5, "CVI_equal_norm": 0.0, "CVI_equal_class": 1, "CVI_equal_label": "Very Low Vulnerability", "CVI_equal_color": "green" }, "geometry": { "type": "LineString", "coordinates": [ [ 8.682788107706774, 44.39324917930476 ], [ 8.680632154957745, 44.395303211855243 ] ] } },
{ "type": "Feature", "properties": { "label": "T47", "land_cover_score": 1.0, "slope_score": 1, "erosion_score": 1, "elevation_score": 1, "CVI_equal": 0.5, "CVI_equal_norm": 0.0, "CVI_equal_class": 1, "CVI_equal_label": "Very Low Vulnerability", "CVI_equal_color": "green" }, "geometry": { "type": "LineString", "coordinates": [ [ 8.682803505795375, 44.393259757042841 ], [ 8.681383578569632, 44.395618318188724 ] ] } },
{ "type": "Feature", "properties": { "label": "T48", "land_cover_score": 1.0, "slope_score": 1, "erosion_score": 1, "elevation_score": 1, "CVI_equal": 0.5, "CVI_equal_norm": 0.0, "CVI_equal_class": 1, "CVI_equal_label": "Very Low Vulnerability", "CVI_equal_color": "green" }, "geometry": { "type": "LineString", "coordinates": [ [ 8.683274402935856, 44.393411610453448 ], [ 8.681731394132944, 44.39573035816629 ] ] } },
{ "type": "Feature", "properties": { "label": "T49", "land_cover_score": 1.0, "slope_score": 1, "erosion_score": 1, "elevation_score": 1, "CVI_equal": 0.5, "CVI_equal_norm": 0.0, "CVI_equal_class": 1, "CVI_equal_label": "Very Low Vulnerability", "CVI_equal_color": "green" }, "geometry": { "type": "LineString", "coordinates": [ [ 8.684104619532217, 44.393813528928696 ], [ 8.681638742975238, 44.395681052399475 ] ] } },
{ "type": "Feature", "properties": { "label": "T50", "land_cover_score": 1.0, "slope_score": 1, "erosion_score": 1, "elevation_score": 1, "CVI_equal": 0.5, "CVI_equal_norm": 0.0, "CVI_equal_class": 1, "CVI_equal_label": "Very Low Vulnerability", "CVI_equal_color": "green" }, "geometry": { "type": "LineString", "coordinates": [ [ 8.684574827037398, 44.394176024094634 ], [ 8.681778083303326, 44.39578804659552 ] ] } },
{ "type": "Feature", "properties": { "label": "T51", "land_cover_score": 1.0, "slope_score": 1, "erosion_score": 1, "elevation_score": 1, "CVI_equal": 0.5, "CVI_equal_norm": 0.0, "CVI_equal_class": 1, "CVI_equal_label": "Very Low Vulnerability", "CVI_equal_color": "green" }, "geometry": { "type": "LineString", "coordinates": [ [ 8.684902977531804, 44.39448235066601 ], [ 8.681995746980823, 44.395991269302648 ] ] } },
{ "type": "Feature", "properties": { "label": "T52", "land_cover_score": 1.0, "slope_score": 1, "erosion_score": 1, "elevation_score": 1, "CVI_equal": 0.5, "CVI_equal_norm": 0.0, "CVI_equal_class": 1, "CVI_equal_label": "Very Low Vulnerability", "CVI_equal_color": "green" }, "geometry": { "type": "LineString", "coordinates": [ [ 8.685108280474882, 44.394670507810574 ], [ 8.682342141362309, 44.39630925505255 ] ] } },
{ "type": "Feature", "properties": { "label": "T53", "land_cover_score": 1.0, "slope_score": 1, "erosion_score": 1, "elevation_score": 1, "CVI_equal": 0.5, "CVI_equal_norm": 0.0, "CVI_equal_class": 1, "CVI_equal_label": "Very Low Vulnerability", "CVI_equal_color": "green" }, "geometry": { "type": "LineString", "coordinates": [ [ 8.685321335357433, 44.394840142415553 ], [ 8.682728108917273, 44.396617385918461 ] ] } },
{ "type": "Feature", "properties": { "label": "T54", "land_cover_score": 1.0, "slope_score": 1, "erosion_score": 1, "elevation_score": 1, "CVI_equal": 0.5, "CVI_equal_norm": 0.0, "CVI_equal_class": 1, "CVI_equal_label": "Very Low Vulnerability", "CVI_equal_color": "green" }, "geometry": { "type": "LineString", "coordinates": [ [ 8.685541251210593, 44.394990051272224 ], [ 8.683156834003135, 44.396910784597139 ] ] } },
{ "type": "Feature", "properties": { "label": "T55", "land_cover_score": 1.0, "slope_score": 1, "erosion_score": 1, "elevation_score": 1, "CVI_equal": 0.5, "CVI_equal_norm": 0.0, "CVI_equal_class": 1, "CVI_equal_label": "Very Low Vulnerability", "CVI_equal_color": "green" }, "geometry": { "type": "LineString", "coordinates": [ [ 8.686055215613406, 44.395377821383804 ], [ 8.683256933711705, 44.396988447391585 ] ] } },
{ "type": "Feature", "properties": { "label": "T56", "land_cover_score": 1.0, "slope_score": 1, "erosion_score": 1, "elevation_score": 1, "CVI_equal": 0.5, "CVI_equal_norm": 0.0, "CVI_equal_class": 1, "CVI_equal_label": "Very Low Vulnerability", "CVI_equal_color": "green" }, "geometry": { "type": "LineString", "coordinates": [ [ 8.686274655351962, 44.395558705148751 ], [ 8.683624847666456, 44.397292794437661 ] ] } },
{ "type": "Feature", "properties": { "label": "T57", "land_cover_score": 1.0, "slope_score": 1, "erosion_score": 1, "elevation_score": 1, "CVI_equal": 0.5, "CVI_equal_norm": 0.0, "CVI_equal_class": 1, "CVI_equal_label": "Very Low Vulnerability", "CVI_equal_color": "green" }, "geometry": { "type": "LineString", "coordinates": [ [ 8.686685252202601, 44.395923702081632 ], [ 8.683773922581661, 44.39742854326213 ] ] } },
{ "type": "Feature", "properties": { "label": "T58", "land_cover_score": 1.0, "slope_score": 1, "erosion_score": 1, "elevation_score": 1, "CVI_equal": 0.5, "CVI_equal_norm": 0.0, "CVI_equal_class": 1, "CVI_equal_label": "Very Low Vulnerability", "CVI_equal_color": "green" }, "geometry": { "type": "LineString", "coordinates": [ [ 8.686570187933867, 44.395829269661988 ], [ 8.684543275531544, 44.397949230356197 ] ] } },
{ "type": "Feature", "properties": { "label": "T59", "land_cover_score": 5.0, "slope_score": 1, "erosion_score": 1, "elevation_score": 1, "CVI_equal": 1.1180339887498949, "CVI_equal_norm": 0.067305939667605993, "CVI_equal_class": 1, "CVI_equal_label": "Very Low Vulnerability", "CVI_equal_color": "green" }, "geometry": { "type": "LineString", "coordinates": [ [ 8.686695881494748, 44.395873935551158 ], [ 8.685204285452819, 44.39820969824941 ] ] } },
{ "type": "Feature", "properties": { "label": "T60", "land_cover_score": 5.0, "slope_score": 3, "erosion_score": 1, "elevation_score": 5, "CVI_equal": 4.3301270189221936, "CVI_equal_norm": 0.41711346422270468, "CVI_equal_class": 2, "CVI_equal_label": "Low Vulnerability", "CVI_equal_color": "lightgreen" }, "geometry": { "type": "LineString", "coordinates": [ [ 8.6855464070594, 44.395862564648496 ], [ 8.687162126750897, 44.398155791414574 ] ] } },
{ "type": "Feature", "properties": { "label": "T61", "land_cover_score": 1.0, "slope_score": 1, "erosion_score": 1, "elevation_score": 1, "CVI_equal": 0.5, "CVI_equal_norm": 0.0, "CVI_equal_class": 1, "CVI_equal_label": "Very Low Vulnerability", "CVI_equal_color": "green" }, "geometry": { "type": "LineString", "coordinates": [ [ 8.688271344117684, 44.396976841857352 ], [ 8.684746103986988, 44.3974740314492 ] ] } },
{ "type": "Feature", "properties": { "label": "T62", "land_cover_score": 5.0, "slope_score": 1, "erosion_score": 1, "elevation_score": 1, "CVI_equal": 1.1180339887498949, "CVI_equal_norm": 0.067305939667605993, "CVI_equal_class": 1, "CVI_equal_label": "Very Low Vulnerability", "CVI_equal_color": "green" }, "geometry": { "type": "LineString", "coordinates": [ [ 8.688345169966986, 44.397416147865954 ], [ 8.684769870248457, 44.397672531412738 ] ] } },
{ "type": "Feature", "properties": { "label": "T63", "land_cover_score": 5.0, "slope_score": 3, "erosion_score": 3, "elevation_score": 5, "CVI_equal": 7.5, "CVI_equal_norm": 0.76232308618855393, "CVI_equal_class": 4, "CVI_equal_label": "High Vulnerability", "CVI_equal_color": "orange" }, "geometry": { "type": "LineString", "coordinates": [ [ 8.687152037719317, 44.396412293172048 ], [ 8.686750822505036, 44.39896362695707 ] ] } },
{ "type": "Feature", "properties": { "label": "T64", "land_cover_score": 5.0, "slope_score": 5, "erosion_score": 3, "elevation_score": 5, "CVI_equal": 9.6824583655185421, "CVI_equal_norm": 1.0, "CVI_equal_class": 4, "CVI_equal_label": "High Vulnerability", "CVI_equal_color": "orange" }, "geometry": { "type": "LineString", "coordinates": [ [ 8.687506239311492, 44.396411953497598 ], [ 8.687294412356019, 44.398974876589541 ] ] } },
{ "type": "Feature", "properties": { "label": "T65", "land_cover_score": null, "slope_score": 5, "erosion_score": 1, "elevation_score": 5, "CVI_equal": 2.8867513459481291, "CVI_equal_norm": 0.25992509314398038, "CVI_equal_class": 2, "CVI_equal_label": "Low Vulnerability", "CVI_equal_color": "lightgreen" }, "geometry": { "type": "LineString", "coordinates": [ [ 8.686382741444632, 44.396950042219736 ], [ 8.689298547199504, 44.398450426179011 ] ] } },
{ "type": "Feature", "properties": { "label": "T66", "land_cover_score": 5.0, "slope_score": 5, "erosion_score": 1, "elevation_score": 5, "CVI_equal": 5.5901699437494745, "CVI_equal_norm": 0.55433629439190246, "CVI_equal_class": 3, "CVI_equal_label": "Moderate Vulnerability", "CVI_equal_color": "yellow" }, "geometry": { "type": "LineString", "coordinates": [ [ 8.688408411734777, 44.396197277958159 ], [ 8.687825832611981, 44.398730707511348 ] ] } },
{ "type": "Feature", "properties": { "label": "T67", "land_cover_score": 5.0, "slope_score": 5, "erosion_score": 1, "elevation_score": 4, "CVI_equal": 5.0, "CVI_equal_norm": 0.49006484112121329, "CVI_equal_class": 3, "CVI_equal_label": "Moderate Vulnerability", "CVI_equal_color": "yellow" }, "geometry": { "type": "LineString", "coordinates": [ [ 8.690289692436515, 44.397437454729427 ], [ 8.686711718113029, 44.397674024493412 ] ] } },
{ "type": "Feature", "properties": { "label": "T68", "land_cover_score": null, "slope_score": 5, "erosion_score": 1, "elevation_score": 5, "CVI_equal": 2.8867513459481291, "CVI_equal_norm": 0.25992509314398038, "CVI_equal_class": 2, "CVI_equal_label": "Low Vulnerability", "CVI_equal_color": "lightgreen" }, "geometry": { "type": "LineString", "coordinates": [ [ 8.689735952281856, 44.398761479537235 ], [ 8.687191411342935, 44.396948729999522 ] ] } },
{ "type": "Feature", "properties": { "label": "T69", "land_cover_score": 5.0, "slope_score": 3, "erosion_score": 1, "elevation_score": 5, "CVI_equal": 4.3301270189221936, "CVI_equal_norm": 0.41711346422270468, "CVI_equal_class": 2, "CVI_equal_label": "Low Vulnerability", "CVI_equal_color": "lightgreen" }, "geometry": { "type": "LineString", "coordinates": [ [ 8.69003985766026, 44.39781835108392 ], [ 8.686541631976898, 44.398404909293987 ] ] } },
{ "type": "Feature", "properties": { "label": "T70", "land_cover_score": 5.0, "slope_score": 5, "erosion_score": 3, "elevation_score": 5, "CVI_equal": 9.6824583655185421, "CVI_equal_norm": 1.0, "CVI_equal_class": 4, "CVI_equal_label": "High Vulnerability", "CVI_equal_color": "orange" }, "geometry": { "type": "LineString", "coordinates": [ [ 8.69016082036323, 44.398317565973848 ], [ 8.686580554475235, 44.398535716351127 ] ] } },
{ "type": "Feature", "properties": { "label": "T71", "land_cover_score": 5.0, "slope_score": 5, "erosion_score": 1, "elevation_score": 5, "CVI_equal": 5.5901699437494745, "CVI_equal_norm": 0.55433629439190246, "CVI_equal_class": 3, "CVI_equal_label": "Moderate Vulnerability", "CVI_equal_color": "yellow" }, "geometry": { "type": "LineString", "coordinates": [ [ 8.690194763267197, 44.398722089665277 ], [ 8.686602167221892, 44.398771483735061 ] ] } },
{ "type": "Feature", "properties": { "label": "T72", "land_cover_score": 5.0, "slope_score": 5, "erosion_score": 1, "elevation_score": 5, "CVI_equal": 5.5901699437494745, "CVI_equal_norm": 0.55433629439190246, "CVI_equal_class": 3, "CVI_equal_label": "Moderate Vulnerability", "CVI_equal_color": "yellow" }, "geometry": { "type": "LineString", "coordinates": [ [ 8.690195448707346, 44.399103025541471 ], [ 8.686603554496211, 44.399032217427553 ] ] } },
{ "type": "Feature", "properties": { "label": "T73", "land_cover_score": 5.0, "slope_score": 5, "erosion_score": 3, "elevation_score": 5, "CVI_equal": 9.6824583655185421, "CVI_equal_norm": 1.0, "CVI_equal_class": 4, "CVI_equal_label": "High Vulnerability", "CVI_equal_color": "orange" }, "geometry": { "type": "LineString", "coordinates": [ [ 8.690172043130744, 44.399479392315577 ], [ 8.68658786836483, 44.399296931315135 ] ] } },
{ "type": "Feature", "properties": { "label": "T74", "land_cover_score": 5.0, "slope_score": 5, "erosion_score": 1, "elevation_score": 5, "CVI_equal": 5.5901699437494745, "CVI_equal_norm": 0.55433629439190246, "CVI_equal_class": 3, "CVI_equal_label": "Moderate Vulnerability", "CVI_equal_color": "yellow" }, "geometry": { "type": "LineString", "coordinates": [ [ 8.690151671866433, 44.399435222751997 ], [ 8.686639184653652, 44.399976510642432 ] ] } },
{ "type": "Feature", "properties": { "label": "T75", "land_cover_score": 5.0, "slope_score": 5, "erosion_score": 1, "elevation_score": 5, "CVI_equal": 5.5901699437494745, "CVI_equal_norm": 0.55433629439190246, "CVI_equal_class": 3, "CVI_equal_label": "Moderate Vulnerability", "CVI_equal_color": "yellow" }, "geometry": { "type": "LineString", "coordinates": [ [ 8.689892995069796, 44.400669880083761 ], [ 8.686821682173026, 44.399337323937168 ] ] } },
{ "type": "Feature", "properties": { "label": "T76", "land_cover_score": 5.0, "slope_score": 5, "erosion_score": 1, "elevation_score": 5, "CVI_equal": 5.5901699437494745, "CVI_equal_norm": 0.55433629439190246, "CVI_equal_class": 3, "CVI_equal_label": "Moderate Vulnerability", "CVI_equal_color": "yellow" }, "geometry": { "type": "LineString", "coordinates": [ [ 8.688415248952413, 44.401443307529355 ], [ 8.687655278712107, 44.398934105186825 ] ] } },
{ "type": "Feature", "properties": { "label": "T77", "land_cover_score": 2.0, "slope_score": 5, "erosion_score": 1, "elevation_score": 5, "CVI_equal": 3.5355339059327378, "CVI_equal_norm": 0.33057965362866293, "CVI_equal_class": 2, "CVI_equal_label": "Low Vulnerability", "CVI_equal_color": "lightgreen" }, "geometry": { "type": "LineString", "coordinates": [ [ 8.686115955913451, 44.400699896112556 ], [ 8.689285654091915, 44.399490656701417 ] ] } },
{ "type": "Feature", "properties": { "label": "T78", "land_cover_score": 5.0, "slope_score": 4, "erosion_score": 3, "elevation_score": 5, "CVI_equal": 8.6602540378443873, "CVI_equal_norm": 0.88867857745887746, "CVI_equal_class": 4, "CVI_equal_label": "High Vulnerability", "CVI_equal_color": "orange" }, "geometry": { "type": "LineString", "coordinates": [ [ 8.686155520795614, 44.399186031440479 ], [ 8.689289581978789, 44.400441798375205 ] ] } },
{ "type": "Feature", "properties": { "label": "T79", "land_cover_score": 5.0, "slope_score": 5, "erosion_score": 3, "elevation_score": 5, "CVI_equal": 9.6824583655185421, "CVI_equal_norm": 1.0, "CVI_equal_class": 4, "CVI_equal_label": "High Vulnerability", "CVI_equal_color": "orange" }, "geometry": { "type": "LineString", "coordinates": [ [ 8.686038185658267, 44.399333715081482 ], [ 8.689599476498559, 44.399675422065727 ] ] } },
{ "type": "Feature", "properties": { "label": "T80", "land_cover_score": 5.0, "slope_score": 3, "erosion_score": 3, "elevation_score": 3, "CVI_equal": 5.8094750193111251, "CVI_equal_norm": 0.57821934039461276, "CVI_equal_class": 3, "CVI_equal_label": "Moderate Vulnerability", "CVI_equal_color": "yellow" }, "geometry": { "type": "LineString", "coordinates": [ [ 8.686384449700473, 44.398349952029214 ], [ 8.689078531108002, 44.40004877601541 ] ] } },
{ "type": "Feature", "properties": { "label": "T81", "land_cover_score": 5.0, "slope_score": 4, "erosion_score": 3, "elevation_score": 5, "CVI_equal": 8.6602540378443873, "CVI_equal_norm": 0.88867857745887746, "CVI_equal_class": 4, "CVI_equal_label": "High Vulnerability", "CVI_equal_color": "orange" }, "geometry": { "type": "LineString", "coordinates": [ [ 8.686065001305886, 44.399034672984875 ], [ 8.689643386809157, 44.398801305239651 ] ] } },
{ "type": "Feature", "properties": { "label": "T82", "land_cover_score": 5.0, "slope_score": 3, "erosion_score": 3, "elevation_score": 4, "CVI_equal": 6.7082039324993694, "CVI_equal_norm": 0.67609388307297669, "CVI_equal_class": 3, "CVI_equal_label": "Moderate Vulnerability", "CVI_equal_color": "yellow" }, "geometry": { "type": "LineString", "coordinates": [ [ 8.686024872046787, 44.398703185234496 ], [ 8.689606111471111, 44.398493351634997 ] ] } },
{ "type": "Feature", "properties": { "label": "T83", "land_cover_score": 5.0, "slope_score": 3, "erosion_score": 1, "elevation_score": 4, "CVI_equal": 3.872983346207417, "CVI_equal_norm": 0.36732901059191914, "CVI_equal_class": 2, "CVI_equal_label": "Low Vulnerability", "CVI_equal_color": "lightgreen" }, "geometry": { "type": "LineString", "coordinates": [ [ 8.685994267245324, 44.398565561364933 ], [ 8.689498740259509, 44.397998362074418 ] ] } },
{ "type": "Feature", "properties": { "label": "T84", "land_cover_score": 5.0, "slope_score": 5, "erosion_score": 3, "elevation_score": 5, "CVI_equal": 9.6824583655185421, "CVI_equal_norm": 1.0, "CVI_equal_class": 4, "CVI_equal_label": "High Vulnerability", "CVI_equal_color": "orange" }, "geometry": { "type": "LineString", "coordinates": [ [ 8.686736613227755, 44.399234481024159 ], [ 8.68822434370453, 44.396897500970319 ] ] } },
{ "type": "Feature", "properties": { "label": "T85", "land_cover_score": 5.0, "slope_score": 3, "erosion_score": 3, "elevation_score": 5, "CVI_equal": 7.5, "CVI_equal_norm": 0.76232308618855393, "CVI_equal_class": 4, "CVI_equal_label": "High Vulnerability", "CVI_equal_color": "orange" }, "geometry": { "type": "LineString", "coordinates": [ [ 8.687117025306295, 44.399308030593204 ], [ 8.686975577571875, 44.396742646985203 ] ] } },
{ "type": "Feature", "properties": { "label": "T86", "land_cover_score": 5.0, "slope_score": 1, "erosion_score": 1, "elevation_score": 1, "CVI_equal": 1.1180339887498949, "CVI_equal_norm": 0.067305939667605993, "CVI_equal_class": 1, "CVI_equal_label": "Very Low Vulnerability", "CVI_equal_color": "green" }, "geometry": { "type": "LineString", "coordinates": [ [ 8.688436550368968, 44.398736032498753 ], [ 8.685132133024904, 44.397727518933841 ] ] } },
{ "type": "Feature", "properties": { "label": "T87", "land_cover_score": 5.0, "slope_score": 5, "erosion_score": 3, "elevation_score": 5, "CVI_equal": 9.6824583655185421, "CVI_equal_norm": 1.0, "CVI_equal_class": 4, "CVI_equal_label": "High Vulnerability", "CVI_equal_color": "orange" }, "geometry": { "type": "LineString", "coordinates": [ [ 8.687122921149918, 44.397198711935992 ], [ 8.686782310738055, 44.399754505291433 ] ] } },
{ "type": "Feature", "properties": { "label": "T88", "land_cover_score": 5.0, "slope_score": 5, "erosion_score": 3, "elevation_score": 5, "CVI_equal": 9.6824583655185421, "CVI_equal_norm": 1.0, "CVI_equal_class": 4, "CVI_equal_label": "High Vulnerability", "CVI_equal_color": "orange" }, "geometry": { "type": "LineString", "coordinates": [ [ 8.687113019241359, 44.399804288544011 ], [ 8.687457390865021, 44.397248754684668 ] ] } },
{ "type": "Feature", "properties": { "label": "T89", "land_cover_score": 5.0, "slope_score": 3, "erosion_score": 3, "elevation_score": 5, "CVI_equal": 7.5, "CVI_equal_norm": 0.76232308618855393, "CVI_equal_class": 4, "CVI_equal_label": "High Vulnerability", "CVI_equal_color": "orange" }, "geometry": { "type": "LineString", "coordinates": [ [ 8.686666238582243, 44.399773561001986 ], [ 8.687009989432882, 44.397217983134148 ] ] } },
{ "type": "Feature", "properties": { "label": "T90", "land_cover_score": 5.0, "slope_score": 1, "erosion_score": 3, "elevation_score": 1, "CVI_equal": 1.9364916731037085, "CVI_equal_norm": 0.15643868078922549, "CVI_equal_class": 1, "CVI_equal_label": "Very Low Vulnerability", "CVI_equal_color": "green" }, "geometry": { "type": "LineString", "coordinates": [ [ 8.688098305824358, 44.39897352868725 ], [ 8.684752709229505, 44.39803688884038 ] ] } },
{ "type": "Feature", "properties": { "label": "T91", "land_cover_score": 5.0, "slope_score": 1, "erosion_score": 3, "elevation_score": 3, "CVI_equal": 3.3541019662496847, "CVI_equal_norm": 0.31082111702975423, "CVI_equal_class": 2, "CVI_equal_label": "Low Vulnerability", "CVI_equal_color": "lightgreen" }, "geometry": { "type": "LineString", "coordinates": [ [ 8.686695261978446, 44.397489686092058 ], [ 8.686076186345593, 44.400018637255059 ] ] } },
{ "type": "Feature", "properties": { "label": "T92", "land_cover_score": 5.0, "slope_score": 3, "erosion_score": 3, "elevation_score": 5, "CVI_equal": 7.5, "CVI_equal_norm": 0.76232308618855393, "CVI_equal_class": 4, "CVI_equal_label": "High Vulnerability", "CVI_equal_color": "orange" }, "geometry": { "type": "LineString", "coordinates": [ [ 8.687001725955124, 44.397524988840253 ], [ 8.686657147906889, 44.400080496430789 ] ] } },
{ "type": "Feature", "properties": { "label": "T93", "land_cover_score": 5.0, "slope_score": 3, "erosion_score": 3, "elevation_score": 4, "CVI_equal": 6.7082039324993694, "CVI_equal_norm": 0.67609388307297669, "CVI_equal_class": 3, "CVI_equal_label": "Moderate Vulnerability", "CVI_equal_color": "yellow" }, "geometry": { "type": "LineString", "coordinates": [ [ 8.687285851976268, 44.400108320922598 ], [ 8.686779118601596, 44.397566640247341 ] ] } },
{ "type": "Feature", "properties": { "label": "T94", "land_cover_score": 5.0, "slope_score": 3, "erosion_score": 3, "elevation_score": 4, "CVI_equal": 6.7082039324993694, "CVI_equal_norm": 0.67609388307297669, "CVI_equal_class": 3, "CVI_equal_label": "Moderate Vulnerability", "CVI_equal_color": "yellow" }, "geometry": { "type": "LineString", "coordinates": [ [ 8.686413600428168, 44.400090873297898 ], [ 8.686757585465857, 44.397535325376197 ] ] } },
{ "type": "Feature", "properties": { "label": "T95", "land_cover_score": 5.0, "slope_score": 1, "erosion_score": 3, "elevation_score": 1, "CVI_equal": 1.9364916731037085, "CVI_equal_norm": 0.15643868078922549, "CVI_equal_class": 1, "CVI_equal_label": "Very Low Vulnerability", "CVI_equal_color": "green" }, "geometry": { "type": "LineString", "coordinates": [ [ 8.687997512408035, 44.399047541819371 ], [ 8.684420645322282, 44.39880257898195 ] ] } },
{ "type": "Feature", "properties": { "label": "T96", "land_cover_score": 5.0, "slope_score": 2, "erosion_score": 3, "elevation_score": 4, "CVI_equal": 5.4772255750516612, "CVI_equal_norm": 0.54203628014714034, "CVI_equal_class": 3, "CVI_equal_label": "Moderate Vulnerability", "CVI_equal_color": "yellow" }, "geometry": { "type": "LineString", "coordinates": [ [ 8.68671241091481, 44.39797280181736 ], [ 8.685758547255586, 44.400448013367161 ] ] } },
{ "type": "Feature", "properties": { "label": "T97", "land_cover_score": 5.0, "slope_score": 4, "erosion_score": 3, "elevation_score": 5, "CVI_equal": 8.6602540378443873, "CVI_equal_norm": 0.88867857745887746, "CVI_equal_class": 4, "CVI_equal_label": "High Vulnerability", "CVI_equal_color": "orange" }, "geometry": { "type": "LineString", "coordinates": [ [ 8.686844817708918, 44.398002574147775 ], [ 8.686500116205485, 44.400558052380681 ] ] } },
{ "type": "Feature", "properties": { "label": "T98", "land_cover_score": 5.0, "slope_score": 5, "erosion_score": 3, "elevation_score": 5, "CVI_equal": 9.6824583655185421, "CVI_equal_norm": 1.0, "CVI_equal_class": 4, "CVI_equal_label": "High Vulnerability", "CVI_equal_color": "orange" }, "geometry": { "type": "LineString", "coordinates": [ [ 8.686843415399411, 44.4006088508864 ], [ 8.687187977729204, 44.398053365290778 ] ] } },
{ "type": "Feature", "properties": { "label": "T99", "land_cover_score": 5.0, "slope_score": 2, "erosion_score": 3, "elevation_score": 2, "CVI_equal": 3.872983346207417, "CVI_equal_norm": 0.36732901059191914, "CVI_equal_class": 2, "CVI_equal_label": "Low Vulnerability", "CVI_equal_color": "lightgreen" }, "geometry": { "type": "LineString", "coordinates": [ [ 8.686715213045087, 44.400585496683838 ], [ 8.686421888445869, 44.398026747618026 ] ] } },
{ "type": "Feature", "properties": { "label": "T100", "land_cover_score": 5.0, "slope_score": 1, "erosion_score": 3, "elevation_score": 1, "CVI_equal": 1.9364916731037085, "CVI_equal_norm": 0.15643868078922549, "CVI_equal_class": 1, "CVI_equal_label": "Very Low Vulnerability", "CVI_equal_color": "green" }, "geometry": { "type": "LineString", "coordinates": [ [ 8.688013907989642, 44.399488753338055 ], [ 8.684428672576992, 44.399317259345423 ] ] } },
{ "type": "Feature", "properties": { "label": "T101", "land_cover_score": 5.0, "slope_score": 3, "erosion_score": 3, "elevation_score": 3, "CVI_equal": 5.8094750193111251, "CVI_equal_norm": 0.57821934039461276, "CVI_equal_class": 3, "CVI_equal_label": "Moderate Vulnerability", "CVI_equal_color": "yellow" }, "geometry": { "type": "LineString", "coordinates": [ [ 8.686485752284559, 44.398367365234584 ], [ 8.68615223211107, 44.400923584835873 ] ] } },
{ "type": "Feature", "properties": { "label": "T102", "land_cover_score": 5.0, "slope_score": 5, "erosion_score": 3, "elevation_score": 5, "CVI_equal": 9.6824583655185421, "CVI_equal_norm": 1.0, "CVI_equal_class": 4, "CVI_equal_label": "High Vulnerability", "CVI_equal_color": "orange" }, "geometry": { "type": "LineString", "coordinates": [ [ 8.686933355211199, 44.398397196707982 ], [ 8.686599061675002, 44.400953363437836 ] ] } },
{ "type": "Feature", "properties": { "label": "T103", "land_cover_score": 5.0, "slope_score": 4, "erosion_score": 3, "elevation_score": 3, "CVI_equal": 6.7082039324993694, "CVI_equal_norm": 0.67609388307297669, "CVI_equal_class": 3, "CVI_equal_label": "Moderate Vulnerability", "CVI_equal_color": "yellow" }, "geometry": { "type": "LineString", "coordinates": [ [ 8.688893609054483, 44.399735066386128 ], [ 8.68530285160673, 44.399830887480775 ] ] } },
{ "type": "Feature", "properties": { "label": "T104", "land_cover_score": 5.0, "slope_score": 5, "erosion_score": 3, "elevation_score": 5, "CVI_equal": 9.6824583655185421, "CVI_equal_norm": 1.0, "CVI_equal_class": 4, "CVI_equal_label": "High Vulnerability", "CVI_equal_color": "orange" }, "geometry": { "type": "LineString", "coordinates": [ [ 8.686485370925025, 44.401047657203435 ], [ 8.686881247964587, 44.398495988626848 ] ] } },
{ "type": "Feature", "properties": { "label": "T105", "land_cover_score": 5.0, "slope_score": 3, "erosion_score": 3, "elevation_score": 3, "CVI_equal": 5.8094750193111251, "CVI_equal_norm": 0.57821934039461276, "CVI_equal_class": 3, "CVI_equal_label": "Moderate Vulnerability", "CVI_equal_color": "yellow" }, "geometry": { "type": "LineString", "coordinates": [ [ 8.686063458558086, 44.401018345430437 ], [ 8.686409099272668, 44.398462952063589 ] ] } },
{ "type": "Feature", "properties": { "label": "T106", "land_cover_score": 1.0, "slope_score": 2, "erosion_score": 3, "elevation_score": 1, "CVI_equal": 1.2247448713915889, "CVI_equal_norm": 0.07892710672265181, "CVI_equal_class": 1, "CVI_equal_label": "Very Low Vulnerability", "CVI_equal_color": "green" }, "geometry": { "type": "LineString", "coordinates": [ [ 8.687598858058056, 44.400313585552418 ], [ 8.684169836320814, 44.399546287703735 ] ] } },
{ "type": "Feature", "properties": { "label": "T107", "land_cover_score": 5.0, "slope_score": 2, "erosion_score": 3, "elevation_score": 1, "CVI_equal": 2.7386127875258306, "CVI_equal_norm": 0.24379231556683612, "CVI_equal_class": 2, "CVI_equal_label": "Low Vulnerability", "CVI_equal_color": "lightgreen" }, "geometry": { "type": "LineString", "coordinates": [ [ 8.687541949864247, 44.400334861930013 ], [ 8.683959307049859, 44.40013764230487 ] ] } },
{ "type": "Feature", "properties": { "label": "T108", "land_cover_score": 5.0, "slope_score": 2, "erosion_score": 3, "elevation_score": 2, "CVI_equal": 3.872983346207417, "CVI_equal_norm": 0.36732901059191914, "CVI_equal_class": 2, "CVI_equal_label": "Low Vulnerability", "CVI_equal_color": "lightgreen" }, "geometry": { "type": "LineString", "coordinates": [ [ 8.68733507038429, 44.401110309540982 ], [ 8.684094208599484, 44.400001542153426 ] ] } },
{ "type": "Feature", "properties": { "label": "T109", "land_cover_score": 5.0, "slope_score": 3, "erosion_score": 3, "elevation_score": 3, "CVI_equal": 5.8094750193111251, "CVI_equal_norm": 0.57821934039461276, "CVI_equal_class": 3, "CVI_equal_label": "Moderate Vulnerability", "CVI_equal_color": "yellow" }, "geometry": { "type": "LineString", "coordinates": [ [ 8.687060120356572, 44.399887525579466 ], [ 8.684621037435759, 44.401772732186139 ] ] } },
{ "type": "Feature", "properties": { "label": "T110", "land_cover_score": 5.0, "slope_score": 3, "erosion_score": 3, "elevation_score": 3, "CVI_equal": 5.8094750193111251, "CVI_equal_norm": 0.57821934039461276, "CVI_equal_class": 3, "CVI_equal_label": "Moderate Vulnerability", "CVI_equal_color": "yellow" }, "geometry": { "type": "LineString", "coordinates": [ [ 8.686370296072214, 44.402194806678544 ], [ 8.68514283184374, 44.399781996173743 ] ] } },
{ "type": "Feature", "properties": { "label": "T111", "land_cover_score": 1.0, "slope_score": 3, "erosion_score": 3, "elevation_score": 2, "CVI_equal": 2.1213203435596424, "CVI_equal_norm": 0.17656713257181045, "CVI_equal_class": 1, "CVI_equal_label": "Very Low Vulnerability", "CVI_equal_color": "green" }, "geometry": { "type": "LineString", "coordinates": [ [ 8.687472897320744, 44.401177888249478 ], [ 8.683886905300122, 44.401341101985786 ] ] } },
{ "type": "Feature", "properties": { "label": "T112", "land_cover_score": 5.0, "slope_score": 3, "erosion_score": 3, "elevation_score": 2, "CVI_equal": 4.7434164902525691, "CVI_equal_norm": 0.46212205069039147, "CVI_equal_class": 2, "CVI_equal_label": "Low Vulnerability", "CVI_equal_color": "lightgreen" }, "geometry": { "type": "LineString", "coordinates": [ [ 8.687511204981798, 44.401236984819889 ], [ 8.684042251509267, 44.401906396626785 ] ] } },
{ "type": "Feature", "properties": { "label": "T113", "land_cover_score": 5.0, "slope_score": 3, "erosion_score": 3, "elevation_score": 3, "CVI_equal": 5.8094750193111251, "CVI_equal_norm": 0.57821934039461276, "CVI_equal_class": 3, "CVI_equal_label": "Moderate Vulnerability", "CVI_equal_color": "yellow" }, "geometry": { "type": "LineString", "coordinates": [ [ 8.68761399845587, 44.401453044323681 ], [ 8.684221603564112, 44.402299352971127 ] ] } },
{ "type": "Feature", "properties": { "label": "T114", "land_cover_score": 5.0, "slope_score": 3, "erosion_score": 3, "elevation_score": 3, "CVI_equal": 5.8094750193111251, "CVI_equal_norm": 0.57821934039461276, "CVI_equal_class": 3, "CVI_equal_label": "Moderate Vulnerability", "CVI_equal_color": "yellow" }, "geometry": { "type": "LineString", "coordinates": [ [ 8.687732682149404, 44.401645549265098 ], [ 8.684454608607359, 44.402696965353485 ] ] } },
{ "type": "Feature", "properties": { "label": "T115", "land_cover_score": 5.0, "slope_score": 4, "erosion_score": 3, "elevation_score": 3, "CVI_equal": 6.7082039324993694, "CVI_equal_norm": 0.67609388307297669, "CVI_equal_class": 3, "CVI_equal_label": "Moderate Vulnerability", "CVI_equal_color": "yellow" }, "geometry": { "type": "LineString", "coordinates": [ [ 8.687942154693962, 44.402031030669811 ], [ 8.68456634864242, 44.402910537862283 ] ] } },
{ "type": "Feature", "properties": { "label": "T116", "land_cover_score": 5.0, "slope_score": 4, "erosion_score": 3, "elevation_score": 3, "CVI_equal": 6.7082039324993694, "CVI_equal_norm": 0.67609388307297669, "CVI_equal_class": 3, "CVI_equal_label": "Moderate Vulnerability", "CVI_equal_color": "yellow" }, "geometry": { "type": "LineString", "coordinates": [ [ 8.687894467724186, 44.401910818030707 ], [ 8.685128069671707, 44.403549139356635 ] ] } },
{ "type": "Feature", "properties": { "label": "T117", "land_cover_score": 5.0, "slope_score": 4, "erosion_score": 3, "elevation_score": 3, "CVI_equal": 6.7082039324993694, "CVI_equal_norm": 0.67609388307297669, "CVI_equal_class": 3, "CVI_equal_label": "Moderate Vulnerability", "CVI_equal_color": "yellow" }, "geometry": { "type": "LineString", "coordinates": [ [ 8.687895194723616, 44.403867531732871 ], [ 8.685318410118265, 44.402078341874152 ] ] } },
{ "type": "Feature", "properties": { "label": "T118", "land_cover_score": 5.0, "slope_score": 4, "erosion_score": 3, "elevation_score": 2, "CVI_equal": 5.4772255750516612, "CVI_equal_norm": 0.54203628014714034, "CVI_equal_class": 3, "CVI_equal_label": "Moderate Vulnerability", "CVI_equal_color": "yellow" }, "geometry": { "type": "LineString", "coordinates": [ [ 8.688220767417734, 44.402742556367976 ], [ 8.684907828107313, 44.403736609561925 ] ] } },
{ "type": "Feature", "properties": { "label": "T119", "land_cover_score": 5.0, "slope_score": 3, "erosion_score": 3, "elevation_score": 2, "CVI_equal": 4.7434164902525691, "CVI_equal_norm": 0.46212205069039147, "CVI_equal_class": 2, "CVI_equal_label": "Low Vulnerability", "CVI_equal_color": "lightgreen" }, "geometry": { "type": "LineString", "coordinates": [ [ 8.68824682177366, 44.402765870534473 ], [ 8.685329813606968, 44.404264911843235 ] ] } },
{ "type": "Feature", "properties": { "label": "T120", "land_cover_score": 5.0, "slope_score": 3, "erosion_score": 3, "elevation_score": 3, "CVI_equal": 5.8094750193111251, "CVI_equal_norm": 0.57821934039461276, "CVI_equal_class": 3, "CVI_equal_label": "Moderate Vulnerability", "CVI_equal_color": "yellow" }, "geometry": { "type": "LineString", "coordinates": [ [ 8.688477215666712, 44.402984749102529 ], [ 8.685638942365459, 44.404559039707543 ] ] } },
{ "type": "Feature", "properties": { "label": "T121", "land_cover_score": 5.0, "slope_score": 3, "erosion_score": 3, "elevation_score": 3, "CVI_equal": 5.8094750193111251, "CVI_equal_norm": 0.57821934039461276, "CVI_equal_class": 3, "CVI_equal_label": "Moderate Vulnerability", "CVI_equal_color": "yellow" }, "geometry": { "type": "LineString", "coordinates": [ [ 8.688694822540455, 44.403170753368208 ], [ 8.68599624168491, 44.404865788228591 ] ] } },
{ "type": "Feature", "properties": { "label": "T122", "land_cover_score": 5.0, "slope_score": 4, "erosion_score": 3, "elevation_score": 3, "CVI_equal": 6.7082039324993694, "CVI_equal_norm": 0.67609388307297669, "CVI_equal_class": 3, "CVI_equal_label": "Moderate Vulnerability", "CVI_equal_color": "yellow" }, "geometry": { "type": "LineString", "coordinates": [ [ 8.688936313521067, 44.40335503853008 ], [ 8.686367832937325, 44.405150273256666 ] ] } },
{ "type": "Feature", "properties": { "label": "T123", "land_cover_score": 5.0, "slope_score": 3, "erosion_score": 3, "elevation_score": 2, "CVI_equal": 4.7434164902525691, "CVI_equal_norm": 0.46212205069039147, "CVI_equal_class": 2, "CVI_equal_label": "Low Vulnerability", "CVI_equal_color": "lightgreen" }, "geometry": { "type": "LineString", "coordinates": [ [ 8.689049440562968, 44.403419888012465 ], [ 8.68693914002443, 44.405497624204678 ] ] } },
{ "type": "Feature", "properties": { "label": "T124", "land_cover_score": 5.0, "slope_score": 5, "erosion_score": 3, "elevation_score": 4, "CVI_equal": 8.6602540378443873, "CVI_equal_norm": 0.88867857745887746, "CVI_equal_class": 4, "CVI_equal_label": "High Vulnerability", "CVI_equal_color": "orange" }, "geometry": { "type": "LineString", "coordinates": [ [ 8.687991307108881, 44.403247396017768 ], [ 8.688809028206604, 44.405747129138398 ] ] } },
{ "type": "Feature", "properties": { "label": "T125", "land_cover_score": null, "slope_score": 4, "erosion_score": 3, "elevation_score": 5, "CVI_equal": 4.4721359549995796, "CVI_equal_norm": 0.4325787057108284, "CVI_equal_class": 2, "CVI_equal_label": "Low Vulnerability", "CVI_equal_color": "lightgreen" }, "geometry": { "type": "LineString", "coordinates": [ [ 8.690331796574601, 44.405076105001392 ], [ 8.68712613529793, 44.403916355758014 ] ] } },
{ "type": "Feature", "properties": { "label": "T126", "land_cover_score": 5.0, "slope_score": 3, "erosion_score": 3, "elevation_score": 4, "CVI_equal": 6.7082039324993694, "CVI_equal_norm": 0.67609388307297669, "CVI_equal_class": 3, "CVI_equal_label": "Moderate Vulnerability", "CVI_equal_color": "yellow" }, "geometry": { "type": "LineString", "coordinates": [ [ 8.690239758300701, 44.405196524580845 ], [ 8.686835296179805, 44.404375363527443 ] ] } },
{ "type": "Feature", "properties": { "label": "T127", "land_cover_score": 5.0, "slope_score": 4, "erosion_score": 3, "elevation_score": 4, "CVI_equal": 7.745966692414834, "CVI_equal_norm": 0.78910967019730638, "CVI_equal_class": 4, "CVI_equal_label": "High Vulnerability", "CVI_equal_color": "orange" }, "geometry": { "type": "LineString", "coordinates": [ [ 8.687937175034216, 44.403759906478626 ], [ 8.689197456265077, 44.406163902275196 ] ] } },
{ "type": "Feature", "properties": { "label": "T128", "land_cover_score": 5.0, "slope_score": 4, "erosion_score": 3, "elevation_score": 4, "CVI_equal": 7.745966692414834, "CVI_equal_norm": 0.78910967019730638, "CVI_equal_class": 4, "CVI_equal_label": "High Vulnerability", "CVI_equal_color": "orange" }, "geometry": { "type": "LineString", "coordinates": [ [ 8.688904284479586, 44.403612345166813 ], [ 8.689097737996368, 44.406175694276044 ] ] } },
{ "type": "Feature", "properties": { "label": "T129", "land_cover_score": 5.0, "slope_score": 4, "erosion_score": 3, "elevation_score": 2, "CVI_equal": 5.4772255750516612, "CVI_equal_norm": 0.54203628014714034, "CVI_equal_class": 3, "CVI_equal_label": "Moderate Vulnerability", "CVI_equal_color": "yellow" }, "geometry": { "type": "LineString", "coordinates": [ [ 8.690349877330179, 44.403944929001213 ], [ 8.688436837148657, 44.406117937681998 ] ] } },
{ "type": "Feature", "properties": { "label": "T130", "land_cover_score": 5.0, "slope_score": 3, "erosion_score": 3, "elevation_score": 2, "CVI_equal": 4.7434164902525691, "CVI_equal_norm": 0.46212205069039147, "CVI_equal_class": 2, "CVI_equal_label": "Low Vulnerability", "CVI_equal_color": "lightgreen" }, "geometry": { "type": "LineString", "coordinates": [ [ 8.690813327584966, 44.404176627184256 ], [ 8.688706926447814, 44.406256355010974 ] ] } },
{ "type": "Feature", "properties": { "label": "T131", "land_cover_score": 5.0, "slope_score": 3, "erosion_score": 3, "elevation_score": 3, "CVI_equal": 5.8094750193111251, "CVI_equal_norm": 0.57821934039461276, "CVI_equal_class": 3, "CVI_equal_label": "Moderate Vulnerability", "CVI_equal_color": "yellow" }, "geometry": { "type": "LineString", "coordinates": [ [ 8.691227377889824, 44.404405545135042 ], [ 8.68900216428206, 44.406421127782004 ] ] } },
{ "type": "Feature", "properties": { "label": "T132", "land_cover_score": 5.0, "slope_score": 4, "erosion_score": 3, "elevation_score": 4, "CVI_equal": 7.745966692414834, "CVI_equal_norm": 0.78910967019730638, "CVI_equal_class": 4, "CVI_equal_label": "High Vulnerability", "CVI_equal_color": "orange" }, "geometry": { "type": "LineString", "coordinates": [ [ 8.689731776192497, 44.406846648037124 ], [ 8.690038729269112, 44.404288988927554 ] ] } },
{ "type": "Feature", "properties": { "label": "T133", "land_cover_score": 5.0, "slope_score": 4, "erosion_score": 3, "elevation_score": 4, "CVI_equal": 7.745966692414834, "CVI_equal_norm": 0.78910967019730638, "CVI_equal_class": 4, "CVI_equal_label": "High Vulnerability", "CVI_equal_color": "orange" }, "geometry": { "type": "LineString", "coordinates": [ [ 8.691295823486637, 44.406315824592568 ], [ 8.688007613823464, 44.405280754447801 ] ] } },
{ "type": "Feature", "properties": { "label": "T134", "land_cover_score": 1.0, "slope_score": 3, "erosion_score": 3, "elevation_score": 2, "CVI_equal": 2.1213203435596424, "CVI_equal_norm": 0.17656713257181045, "CVI_equal_class": 1, "CVI_equal_label": "Very Low Vulnerability", "CVI_equal_color": "green" }, "geometry": { "type": "LineString", "coordinates": [ [ 8.69145652353664, 44.405932891221816 ], [ 8.687898564603371, 44.406291838965764 ] ] } },
{ "type": "Feature", "properties": { "label": "T135", "land_cover_score": 5.0, "slope_score": 3, "erosion_score": 3, "elevation_score": 1, "CVI_equal": 3.3541019662496847, "CVI_equal_norm": 0.31082111702975423, "CVI_equal_class": 2, "CVI_equal_label": "Low Vulnerability", "CVI_equal_color": "lightgreen" }, "geometry": { "type": "LineString", "coordinates": [ [ 8.691422062881106, 44.405719085592402 ], [ 8.688360861725124, 44.407063319859951 ] ] } },
{ "type": "Feature", "properties": { "label": "T136", "land_cover_score": 5.0, "slope_score": 3, "erosion_score": 3, "elevation_score": 2, "CVI_equal": 4.7434164902525691, "CVI_equal_norm": 0.46212205069039147, "CVI_equal_class": 2, "CVI_equal_label": "Low Vulnerability", "CVI_equal_color": "lightgreen" }, "geometry": { "type": "LineString", "coordinates": [ [ 8.691398027993129, 44.405642267430736 ], [ 8.689036705017067, 44.407577159434737 ] ] } },
{ "type": "Feature", "properties": { "label": "T137", "land_cover_score": 5.0, "slope_score": 2, "erosion_score": 3, "elevation_score": 1, "CVI_equal": 2.7386127875258306, "CVI_equal_norm": 0.24379231556683612, "CVI_equal_class": 2, "CVI_equal_label": "Low Vulnerability", "CVI_equal_color": "lightgreen" }, "geometry": { "type": "LineString", "coordinates": [ [ 8.691669211277107, 44.405791854799851 ], [ 8.689472516991531, 44.407823292763588 ] ] } },
{ "type": "Feature", "properties": { "label": "T138", "land_cover_score": 5.0, "slope_score": 1, "erosion_score": 3, "elevation_score": 1, "CVI_equal": 1.9364916731037085, "CVI_equal_norm": 0.15643868078922549, "CVI_equal_class": 1, "CVI_equal_label": "Very Low Vulnerability", "CVI_equal_color": "green" }, "geometry": { "type": "LineString", "coordinates": [ [ 8.692059682952074, 44.406018994846811 ], [ 8.689777887836051, 44.408001973865517 ] ] } },
{ "type": "Feature", "properties": { "label": "T139", "land_cover_score": 5.0, "slope_score": 2, "erosion_score": 3, "elevation_score": 2, "CVI_equal": 3.872983346207417, "CVI_equal_norm": 0.36732901059191914, "CVI_equal_class": 2, "CVI_equal_label": "Low Vulnerability", "CVI_equal_color": "lightgreen" }, "geometry": { "type": "LineString", "coordinates": [ [ 8.692517276661727, 44.40605958807452 ], [ 8.69017316710581, 44.408005118710108 ] ] } },
{ "type": "Feature", "properties": { "label": "T140", "land_cover_score": 5.0, "slope_score": 3, "erosion_score": 3, "elevation_score": 4, "CVI_equal": 6.7082039324993694, "CVI_equal_norm": 0.67609388307297669, "CVI_equal_class": 3, "CVI_equal_label": "Moderate Vulnerability", "CVI_equal_color": "yellow" }, "geometry": { "type": "LineString", "coordinates": [ [ 8.693052263574588, 44.407702584533126 ], [ 8.689630209803758, 44.406919666748024 ] ] } },
{ "type": "Feature", "properties": { "label": "T141", "land_cover_score": 5.0, "slope_score": 2, "erosion_score": 3, "elevation_score": 1, "CVI_equal": 2.7386127875258306, "CVI_equal_norm": 0.24379231556683612, "CVI_equal_class": 2, "CVI_equal_label": "Low Vulnerability", "CVI_equal_color": "lightgreen" }, "geometry": { "type": "LineString", "coordinates": [ [ 8.692814657700197, 44.406604020344759 ], [ 8.690368694929409, 44.408484455550344 ] ] } },
{ "type": "Feature", "properties": { "label": "T142", "land_cover_score": 5.0, "slope_score": 1, "erosion_score": 3, "elevation_score": 1, "CVI_equal": 1.9364916731037085, "CVI_equal_norm": 0.15643868078922549, "CVI_equal_class": 1, "CVI_equal_label": "Very Low Vulnerability", "CVI_equal_color": "green" }, "geometry": { "type": "LineString", "coordinates": [ [ 8.692944113219742, 44.406653600685864 ], [ 8.690975025280245, 44.408800805892199 ] ] } },
{ "type": "Feature", "properties": { "label": "T143", "land_cover_score": 1.0, "slope_score": 1, "erosion_score": 3, "elevation_score": 1, "CVI_equal": 0.8660254037844386, "CVI_equal_norm": 0.039861373633766406, "CVI_equal_class": 1, "CVI_equal_label": "Very Low Vulnerability", "CVI_equal_color": "green" }, "geometry": { "type": "LineString", "coordinates": [ [ 8.693161843276155, 44.406728723079709 ], [ 8.691551998339659, 44.409023631838636 ] ] } },
{ "type": "Feature", "properties": { "label": "T144", "land_cover_score": 1.0, "slope_score": 1, "erosion_score": 3, "elevation_score": 1, "CVI_equal": 0.8660254037844386, "CVI_equal_norm": 0.039861373633766406, "CVI_equal_class": 1, "CVI_equal_label": "Very Low Vulnerability", "CVI_equal_color": "green" }, "geometry": { "type": "LineString", "coordinates": [ [ 8.694070804902102, 44.407329993425677 ], [ 8.691227559818833, 44.408899581752515 ] ] } },
{ "type": "Feature", "properties": { "label": "T145", "land_cover_score": 2.0, "slope_score": 1, "erosion_score": 3, "elevation_score": 1, "CVI_equal": 1.2247448713915889, "CVI_equal_norm": 0.07892710672265181, "CVI_equal_class": 1, "CVI_equal_label": "Very Low Vulnerability", "CVI_equal_color": "green" }, "geometry": { "type": "LineString", "coordinates": [ [ 8.694085380414881, 44.407297241210323 ], [ 8.691904978275163, 44.409337564637895 ] ] } },
{ "type": "Feature", "properties": { "label": "T146", "land_cover_score": 1.0, "slope_score": 1, "erosion_score": 3, "elevation_score": 1, "CVI_equal": 0.8660254037844386, "CVI_equal_norm": 0.039861373633766406, "CVI_equal_class": 1, "CVI_equal_label": "Very Low Vulnerability", "CVI_equal_color": "green" }, "geometry": { "type": "LineString", "coordinates": [ [ 8.694279773894793, 44.407371786314584 ], [ 8.692479739737008, 44.409593394080424 ] ] } },
{ "type": "Feature", "properties": { "label": "T147", "land_cover_score": null, "slope_score": 5, "erosion_score": 3, "elevation_score": 5, "CVI_equal": 5.0, "CVI_equal_norm": 0.49006484112121329, "CVI_equal_class": 3, "CVI_equal_label": "Moderate Vulnerability", "CVI_equal_color": "yellow" }, "geometry": { "type": "LineString", "coordinates": [ [ 8.692042589649644, 44.407642473495834 ], [ 8.69519388904212, 44.408875843777274 ] ] } },
{ "type": "Feature", "properties": { "label": "T148", "land_cover_score": null, "slope_score": 5, "erosion_score": 3, "elevation_score": 5, "CVI_equal": 5.0, "CVI_equal_norm": 0.49006484112121329, "CVI_equal_class": 3, "CVI_equal_label": "Moderate Vulnerability", "CVI_equal_color": "yellow" }, "geometry": { "type": "LineString", "coordinates": [ [ 8.695063972581178, 44.409241603593458 ], [ 8.692421535077598, 44.407502137297648 ] ] } },
{ "type": "Feature", "properties": { "label": "T149", "land_cover_score": 1.0, "slope_score": 1, "erosion_score": 3, "elevation_score": 1, "CVI_equal": 0.8660254037844386, "CVI_equal_norm": 0.039861373633766406, "CVI_equal_class": 1, "CVI_equal_label": "Very Low Vulnerability", "CVI_equal_color": "green" }, "geometry": { "type": "LineString", "coordinates": [ [ 8.694802832711305, 44.407574543746151 ], [ 8.692610683575031, 44.409608423869692 ] ] } },
{ "type": "Feature", "properties": { "label": "T150", "land_cover_score": 1.0, "slope_score": 1, "erosion_score": 3, "elevation_score": 1, "CVI_equal": 0.8660254037844386, "CVI_equal_norm": 0.039861373633766406, "CVI_equal_class": 1, "CVI_equal_label": "Very Low Vulnerability", "CVI_equal_color": "green" }, "geometry": { "type": "LineString", "coordinates": [ [ 8.694921959599627, 44.407626717934029 ], [ 8.693247961835128, 44.40989804771894 ] ] } },
{ "type": "Feature", "properties": { "label": "T151", "land_cover_score": 2.0, "slope_score": 1, "erosion_score": 3, "elevation_score": 1, "CVI_equal": 1.2247448713915889, "CVI_equal_norm": 0.07892710672265181, "CVI_equal_class": 1, "CVI_equal_label": "Very Low Vulnerability", "CVI_equal_color": "green" }, "geometry": { "type": "LineString", "coordinates": [ [ 8.695293359557718, 44.407763219394418 ], [ 8.693675309601304, 44.410055140969753 ] ] } },
{ "type": "Feature", "properties": { "label": "T152", "land_cover_score": 2.0, "slope_score": 1, "erosion_score": 3, "elevation_score": 1, "CVI_equal": 1.2247448713915889, "CVI_equal_norm": 0.07892710672265181, "CVI_equal_class": 1, "CVI_equal_label": "Very Low Vulnerability", "CVI_equal_color": "green" }, "geometry": { "type": "LineString", "coordinates": [ [ 8.695654817360031, 44.407888875091395 ], [ 8.694121489312874, 44.410210324686339 ] ] } },
{ "type": "Feature", "properties": { "label": "T153", "land_cover_score": 1.0, "slope_score": 1, "erosion_score": 3, "elevation_score": 1, "CVI_equal": 0.8660254037844386, "CVI_equal_norm": 0.039861373633766406, "CVI_equal_class": 1, "CVI_equal_label": "Very Low Vulnerability", "CVI_equal_color": "green" }, "geometry": { "type": "LineString", "coordinates": [ [ 8.696001152808995, 44.407999278566876 ], [ 8.694595248193188, 44.410361529491027 ] ] } },
{ "type": "Feature", "properties": { "label": "T154", "land_cover_score": 1.0, "slope_score": 1, "erosion_score": 3, "elevation_score": 1, "CVI_equal": 0.8660254037844386, "CVI_equal_norm": 0.039861373633766406, "CVI_equal_class": 1, "CVI_equal_label": "Very Low Vulnerability", "CVI_equal_color": "green" }, "geometry": { "type": "LineString", "coordinates": [ [ 8.696350559588248, 44.408098952786979 ], [ 8.695079832346977, 44.410499962309302 ] ] } },
{ "type": "Feature", "properties": { "label": "T155", "land_cover_score": 1.0, "slope_score": 1, "erosion_score": 3, "elevation_score": 1, "CVI_equal": 0.8660254037844386, "CVI_equal_norm": 0.039861373633766406, "CVI_equal_class": 1, "CVI_equal_label": "Very Low Vulnerability", "CVI_equal_color": "green" }, "geometry": { "type": "LineString", "coordinates": [ [ 8.69668105594849, 44.408180083003302 ], [ 8.695598388663621, 44.410627669057952 ] ] } },
{ "type": "Feature", "properties": { "label": "T156", "land_cover_score": 1.0, "slope_score": 1, "erosion_score": 3, "elevation_score": 1, "CVI_equal": 0.8660254037844386, "CVI_equal_norm": 0.039861373633766406, "CVI_equal_class": 1, "CVI_equal_label": "Very Low Vulnerability", "CVI_equal_color": "green" }, "geometry": { "type": "LineString", "coordinates": [ [ 8.696428139343521, 44.408154927083153 ], [ 8.696728712971845, 44.41071280378906 ] ] } },
{ "type": "Feature", "properties": { "label": "T157", "land_cover_score": null, "slope_score": 5, "erosion_score": 3, "elevation_score": 5, "CVI_equal": 5.0, "CVI_equal_norm": 0.49006484112121329, "CVI_equal_class": 3, "CVI_equal_label": "Moderate Vulnerability", "CVI_equal_color": "yellow" }, "geometry": { "type": "LineString", "coordinates": [ [ 8.695163887505005, 44.408826435932411 ], [ 8.698553459623795, 44.409678390782808 ] ] } },
{ "type": "Feature", "properties": { "label": "T158", "land_cover_score": null, "slope_score": 5, "erosion_score": 3, "elevation_score": 5, "CVI_equal": 5.0, "CVI_equal_norm": 0.49006484112121329, "CVI_equal_class": 3, "CVI_equal_label": "Moderate Vulnerability", "CVI_equal_color": "yellow" }, "geometry": { "type": "LineString", "coordinates": [ [ 8.69555628441573, 44.408272581820434 ], [ 8.698573239101282, 44.409666873373233 ] ] } },
{ "type": "Feature", "properties": { "label": "T159", "land_cover_score": null, "slope_score": 5, "erosion_score": 3, "elevation_score": 5, "CVI_equal": 5.0, "CVI_equal_norm": 0.49006484112121329, "CVI_equal_class": 3, "CVI_equal_label": "Moderate Vulnerability", "CVI_equal_color": "yellow" }, "geometry": { "type": "LineString", "coordinates": [ [ 8.69889701200607, 44.409225494504483 ], [ 8.695311550809015, 44.409056455487963 ] ] } },
{ "type": "Feature", "properties": { "label": "T160", "land_cover_score": 5.0, "slope_score": 3, "erosion_score": 3, "elevation_score": 4, "CVI_equal": 6.7082039324993694, "CVI_equal_norm": 0.67609388307297669, "CVI_equal_class": 3, "CVI_equal_label": "Moderate Vulnerability", "CVI_equal_color": "yellow" }, "geometry": { "type": "LineString", "coordinates": [ [ 8.698892033594653, 44.409473873203922 ], [ 8.695298934137806, 44.409449523283833 ] ] } },
{ "type": "Feature", "properties": { "label": "T161", "land_cover_score": 1.0, "slope_score": 1, "erosion_score": 3, "elevation_score": 1, "CVI_equal": 0.8660254037844386, "CVI_equal_norm": 0.039861373633766406, "CVI_equal_class": 1, "CVI_equal_label": "Very Low Vulnerability", "CVI_equal_color": "green" }, "geometry": { "type": "LineString", "coordinates": [ [ 8.698931230451185, 44.409497677525415 ], [ 8.695423528213531, 44.410054484002174 ] ] } },
{ "type": "Feature", "properties": { "label": "T162", "land_cover_score": 1.0, "slope_score": 1, "erosion_score": 3, "elevation_score": 1, "CVI_equal": 0.8660254037844386, "CVI_equal_norm": 0.039861373633766406, "CVI_equal_class": 1, "CVI_equal_label": "Very Low Vulnerability", "CVI_equal_color": "green" }, "geometry": { "type": "LineString", "coordinates": [ [ 8.697839620448113, 44.408858643868044 ], [ 8.69673840273582, 44.411301974759638 ] ] } },
{ "type": "Feature", "properties": { "label": "T163", "land_cover_score": 1.0, "slope_score": 1, "erosion_score": 1, "elevation_score": 1, "CVI_equal": 0.5, "CVI_equal_norm": 0.0, "CVI_equal_class": 1, "CVI_equal_label": "Very Low Vulnerability", "CVI_equal_color": "green" }, "geometry": { "type": "LineString", "coordinates": [ [ 8.698249274166018, 44.408952608481712 ], [ 8.697184102637481, 44.411404076346855 ] ] } },
{ "type": "Feature", "properties": { "label": "T164", "land_cover_score": 1.0, "slope_score": 1, "erosion_score": 1, "elevation_score": 1, "CVI_equal": 0.5, "CVI_equal_norm": 0.0, "CVI_equal_class": 1, "CVI_equal_label": "Very Low Vulnerability", "CVI_equal_color": "green" }, "geometry": { "type": "LineString", "coordinates": [ [ 8.69882076315384, 44.409087004632219 ], [ 8.697468005200916, 44.411464994574523 ] ] } },
{ "type": "Feature", "properties": { "label": "T165", "land_cover_score": 1.0, "slope_score": 1, "erosion_score": 1, "elevation_score": 1, "CVI_equal": 0.5, "CVI_equal_norm": 0.0, "CVI_equal_class": 1, "CVI_equal_label": "Very Low Vulnerability", "CVI_equal_color": "green" }, "geometry": { "type": "LineString", "coordinates": [ [ 8.699017705894866, 44.409150923075899 ], [ 8.698107316773189, 44.411634003453891 ] ] } },
{ "type": "Feature", "properties": { "label": "T166", "land_cover_score": 1.0, "slope_score": 1, "erosion_score": 1, "elevation_score": 1, "CVI_equal": 0.5, "CVI_equal_norm": 0.0, "CVI_equal_class": 1, "CVI_equal_label": "Very Low Vulnerability", "CVI_equal_color": "green" }, "geometry": { "type": "LineString", "coordinates": [ [ 8.699386665504315, 44.409219174428074 ], [ 8.698608463160932, 44.411725081965308 ] ] } },
{ "type": "Feature", "properties": { "label": "T167", "land_cover_score": 1.0, "slope_score": 1, "erosion_score": 1, "elevation_score": 1, "CVI_equal": 0.5, "CVI_equal_norm": 0.0, "CVI_equal_class": 1, "CVI_equal_label": "Very Low Vulnerability", "CVI_equal_color": "green" }, "geometry": { "type": "LineString", "coordinates": [ [ 8.700431936460566, 44.409494930676317 ], [ 8.698420076438651, 44.411621701838627 ] ] } },
{ "type": "Feature", "properties": { "label": "T168", "land_cover_score": 2.0, "slope_score": 1, "erosion_score": 1, "elevation_score": 1, "CVI_equal": 0.70710678118654757, "CVI_equal_norm": 0.022554611514958071, "CVI_equal_class": 1, "CVI_equal_label": "Very Low Vulnerability", "CVI_equal_color": "green" }, "geometry": { "type": "LineString", "coordinates": [ [ 8.700528707102004, 44.409548190478723 ], [ 8.699089007937857, 44.411899969157538 ] ] } },
{ "type": "Feature", "properties": { "label": "T169", "land_cover_score": 1.0, "slope_score": 1, "erosion_score": 1, "elevation_score": 1, "CVI_equal": 0.5, "CVI_equal_norm": 0.0, "CVI_equal_class": 1, "CVI_equal_label": "Very Low Vulnerability", "CVI_equal_color": "green" }, "geometry": { "type": "LineString", "coordinates": [ [ 8.700956156787122, 44.409682744875894 ], [ 8.699483624657217, 44.412024121986697 ] ] } },
{ "type": "Feature", "properties": { "label": "T170", "land_cover_score": 1.0, "slope_score": 1, "erosion_score": 1, "elevation_score": 1, "CVI_equal": 0.5, "CVI_equal_norm": 0.0, "CVI_equal_class": 1, "CVI_equal_label": "Very Low Vulnerability", "CVI_equal_color": "green" }, "geometry": { "type": "LineString", "coordinates": [ [ 8.701572734463388, 44.409906476666315 ], [ 8.699670863554593, 44.412084261504432 ] ] } },
{ "type": "Feature", "properties": { "label": "T171", "land_cover_score": 1.0, "slope_score": 1, "erosion_score": 1, "elevation_score": 1, "CVI_equal": 0.5, "CVI_equal_norm": 0.0, "CVI_equal_class": 1, "CVI_equal_label": "Very Low Vulnerability", "CVI_equal_color": "green" }, "geometry": { "type": "LineString", "coordinates": [ [ 8.701820744523278, 44.410013723779279 ], [ 8.700195762206286, 44.412303053057357 ] ] } },
{ "type": "Feature", "properties": { "label": "T172", "land_cover_score": 1.0, "slope_score": 1, "erosion_score": 1, "elevation_score": 1, "CVI_equal": 0.5, "CVI_equal_norm": 0.0, "CVI_equal_class": 1, "CVI_equal_label": "Very Low Vulnerability", "CVI_equal_color": "green" }, "geometry": { "type": "LineString", "coordinates": [ [ 8.703166733432061, 44.41109849993137 ], [ 8.699624991667937, 44.411531595739213 ] ] } },
{ "type": "Feature", "properties": { "label": "T173", "land_cover_score": 2.0, "slope_score": 1, "erosion_score": 1, "elevation_score": 1, "CVI_equal": 0.70710678118654757, "CVI_equal_norm": 0.022554611514958071, "CVI_equal_class": 1, "CVI_equal_label": "Very Low Vulnerability", "CVI_equal_color": "green" }, "geometry": { "type": "LineString", "coordinates": [ [ 8.701809112074699, 44.410311167525037 ], [ 8.701274202080954, 44.412849346086425 ] ] } },
{ "type": "Feature", "properties": { "label": "T174", "land_cover_score": 1.0, "slope_score": 1, "erosion_score": 1, "elevation_score": 1, "CVI_equal": 0.5, "CVI_equal_norm": 0.0, "CVI_equal_class": 1, "CVI_equal_label": "Very Low Vulnerability", "CVI_equal_color": "green" }, "geometry": { "type": "LineString", "coordinates": [ [ 8.703075583878771, 44.410694789239926 ], [ 8.700816266212987, 44.412690700205985 ] ] } },
{ "type": "Feature", "properties": { "label": "T175", "land_cover_score": 2.0, "slope_score": 1, "erosion_score": 3, "elevation_score": 1, "CVI_equal": 1.2247448713915889, "CVI_equal_norm": 0.07892710672265181, "CVI_equal_class": 1, "CVI_equal_label": "Very Low Vulnerability", "CVI_equal_color": "green" }, "geometry": { "type": "LineString", "coordinates": [ [ 8.703246986797009, 44.410782650746775 ], [ 8.70137547777472, 44.412973783557021 ] ] } },
{ "type": "Feature", "properties": { "label": "T176", "land_cover_score": 1.0, "slope_score": 1, "erosion_score": 3, "elevation_score": 1, "CVI_equal": 0.8660254037844386, "CVI_equal_norm": 0.039861373633766406, "CVI_equal_class": 1, "CVI_equal_label": "Very Low Vulnerability", "CVI_equal_color": "green" }, "geometry": { "type": "LineString", "coordinates": [ [ 8.703395901963489, 44.410838212710722 ], [ 8.702023343767424, 44.413210334844571 ] ] } },
{ "type": "Feature", "properties": { "label": "T177", "land_cover_score": 1.0, "slope_score": 1, "erosion_score": 3, "elevation_score": 1, "CVI_equal": 0.8660254037844386, "CVI_equal_norm": 0.039861373633766406, "CVI_equal_class": 1, "CVI_equal_label": "Very Low Vulnerability", "CVI_equal_color": "green" }, "geometry": { "type": "LineString", "coordinates": [ [ 8.703404497428085, 44.410840181646897 ], [ 8.702873886108405, 44.41337879760313 ] ] } },
{ "type": "Feature", "properties": { "label": "T178", "land_cover_score": 1.0, "slope_score": 1, "erosion_score": 3, "elevation_score": 2, "CVI_equal": 1.2247448713915889, "CVI_equal_norm": 0.07892710672265181, "CVI_equal_class": 1, "CVI_equal_label": "Very Low Vulnerability", "CVI_equal_color": "green" }, "geometry": { "type": "LineString", "coordinates": [ [ 8.7034395232149, 44.410903955849008 ], [ 8.703697151696341, 44.413464102313448 ] ] } },
{ "type": "Feature", "properties": { "label": "T179", "land_cover_score": 5.0, "slope_score": 1, "erosion_score": 3, "elevation_score": 1, "CVI_equal": 1.9364916731037085, "CVI_equal_norm": 0.15643868078922549, "CVI_equal_class": 1, "CVI_equal_label": "Very Low Vulnerability", "CVI_equal_color": "green" }, "geometry": { "type": "LineString", "coordinates": [ [ 8.705591540266752, 44.412234751546592 ], [ 8.702010525056528, 44.412446479829782 ] ] } },
{ "type": "Feature", "properties": { "label": "T180", "land_cover_score": 1.0, "slope_score": 1, "erosion_score": 3, "elevation_score": 1, "CVI_equal": 0.8660254037844386, "CVI_equal_norm": 0.039861373633766406, "CVI_equal_class": 1, "CVI_equal_label": "Very Low Vulnerability", "CVI_equal_color": "green" }, "geometry": { "type": "LineString", "coordinates": [ [ 8.705630955446306, 44.412493904631063 ], [ 8.702067735575055, 44.412825112395105 ] ] } },
{ "type": "Feature", "properties": { "label": "T181", "land_cover_score": 1.0, "slope_score": 3, "erosion_score": 3, "elevation_score": 2, "CVI_equal": 2.1213203435596424, "CVI_equal_norm": 0.17656713257181045, "CVI_equal_class": 1, "CVI_equal_label": "Very Low Vulnerability", "CVI_equal_color": "green" }, "geometry": { "type": "LineString", "coordinates": [ [ 8.703416254497423, 44.411499979165555 ], [ 8.704877859539259, 44.413844774510487 ] ] } },
{ "type": "Feature", "properties": { "label": "T182", "land_cover_score": 1.0, "slope_score": 2, "erosion_score": 3, "elevation_score": 1, "CVI_equal": 1.2247448713915889, "CVI_equal_norm": 0.07892710672265181, "CVI_equal_class": 1, "CVI_equal_label": "Very Low Vulnerability", "CVI_equal_color": "green" }, "geometry": { "type": "LineString", "coordinates": [ [ 8.705062546964953, 44.411705030974566 ], [ 8.703671966152264, 44.414071756007992 ] ] } },
{ "type": "Feature", "properties": { "label": "T183", "land_cover_score": 5.0, "slope_score": 3, "erosion_score": 3, "elevation_score": 2, "CVI_equal": 4.7434164902525691, "CVI_equal_norm": 0.46212205069039147, "CVI_equal_class": 2, "CVI_equal_label": "Low Vulnerability", "CVI_equal_color": "lightgreen" }, "geometry": { "type": "LineString", "coordinates": [ [ 8.705525293709862, 44.41184531940096 ], [ 8.704036569571281, 44.41418137940267 ] ] } },
{ "type": "Feature", "properties": { "label": "T184", "land_cover_score": 1.0, "slope_score": 3, "erosion_score": 3, "elevation_score": 2, "CVI_equal": 2.1213203435596424, "CVI_equal_norm": 0.17656713257181045, "CVI_equal_class": 1, "CVI_equal_label": "Very Low Vulnerability", "CVI_equal_color": "green" }, "geometry": { "type": "LineString", "coordinates": [ [ 8.705964084961451, 44.411988840442845 ], [ 8.704414728461096, 44.414304690573651 ] ] } },
{ "type": "Feature", "properties": { "label": "T185", "land_cover_score": 5.0, "slope_score": 3, "erosion_score": 3, "elevation_score": 2, "CVI_equal": 4.7434164902525691, "CVI_equal_norm": 0.46212205069039147, "CVI_equal_class": 2, "CVI_equal_label": "Low Vulnerability", "CVI_equal_color": "lightgreen" }, "geometry": { "type": "LineString", "coordinates": [ [ 8.706469053164815, 44.412166097449003 ], [ 8.704717916513786, 44.414407376102858 ] ] } },
{ "type": "Feature", "properties": { "label": "T186", "land_cover_score": 5.0, "slope_score": 3, "erosion_score": 3, "elevation_score": 2, "CVI_equal": 4.7434164902525691, "CVI_equal_norm": 0.46212205069039147, "CVI_equal_class": 2, "CVI_equal_label": "Low Vulnerability", "CVI_equal_color": "lightgreen" }, "geometry": { "type": "LineString", "coordinates": [ [ 8.706755550759553, 44.412281352274832 ], [ 8.705218367537899, 44.414601326214147 ] ] } },
{ "type": "Feature", "properties": { "label": "T187", "land_cover_score": 5.0, "slope_score": 2, "erosion_score": 3, "elevation_score": 2, "CVI_equal": 3.872983346207417, "CVI_equal_norm": 0.36732901059191914, "CVI_equal_class": 2, "CVI_equal_label": "Low Vulnerability", "CVI_equal_color": "lightgreen" }, "geometry": { "type": "LineString", "coordinates": [ [ 8.707141743043143, 44.412411621407557 ], [ 8.705644570555686, 44.414744902313565 ] ] } },
{ "type": "Feature", "properties": { "label": "T188", "land_cover_score": 5.0, "slope_score": 2, "erosion_score": 3, "elevation_score": 1, "CVI_equal": 2.7386127875258306, "CVI_equal_norm": 0.24379231556683612, "CVI_equal_class": 2, "CVI_equal_label": "Low Vulnerability", "CVI_equal_color": "lightgreen" }, "geometry": { "type": "LineString", "coordinates": [ [ 8.707394175170956, 44.412497480937191 ], [ 8.706211690260449, 44.414921203487559 ] ] } },
{ "type": "Feature", "properties": { "label": "T189", "land_cover_score": 1.0, "slope_score": 1, "erosion_score": 3, "elevation_score": 1, "CVI_equal": 0.8660254037844386, "CVI_equal_norm": 0.039861373633766406, "CVI_equal_class": 1, "CVI_equal_label": "Very Low Vulnerability", "CVI_equal_color": "green" }, "geometry": { "type": "LineString", "coordinates": [ [ 8.707689277735019, 44.412572448810806 ], [ 8.706766716268815, 44.415053090487575 ] ] } },
{ "type": "Feature", "properties": { "label": "T190", "land_cover_score": 1.0, "slope_score": 1, "erosion_score": 3, "elevation_score": 1, "CVI_equal": 0.8660254037844386, "CVI_equal_norm": 0.039861373633766406, "CVI_equal_class": 1, "CVI_equal_label": "Very Low Vulnerability", "CVI_equal_color": "green" }, "geometry": { "type": "LineString", "coordinates": [ [ 8.708080126866651, 44.412646260554865 ], [ 8.707244579470487, 44.415142582017815 ] ] } },
{ "type": "Feature", "properties": { "label": "T191", "land_cover_score": 1.0, "slope_score": 1, "erosion_score": 3, "elevation_score": 1, "CVI_equal": 0.8660254037844386, "CVI_equal_norm": 0.039861373633766406, "CVI_equal_class": 1, "CVI_equal_label": "Very Low Vulnerability", "CVI_equal_color": "green" }, "geometry": { "type": "LineString", "coordinates": [ [ 8.707725849290824, 44.41270060927863 ], [ 8.708473011953048, 44.415211183351019 ] ] } },
{ "type": "Feature", "properties": { "label": "T192", "land_cover_score": 1.0, "slope_score": 1, "erosion_score": 3, "elevation_score": 1, "CVI_equal": 0.8660254037844386, "CVI_equal_norm": 0.039861373633766406, "CVI_equal_class": 1, "CVI_equal_label": "Very Low Vulnerability", "CVI_equal_color": "green" }, "geometry": { "type": "LineString", "coordinates": [ [ 8.708506128889876, 44.412628398275722 ], [ 8.708578611159375, 44.415194552451212 ] ] } },
{ "type": "Feature", "properties": { "label": "T193", "land_cover_score": 1.0, "slope_score": 1, "erosion_score": 3, "elevation_score": 1, "CVI_equal": 0.8660254037844386, "CVI_equal_norm": 0.039861373633766406, "CVI_equal_class": 1, "CVI_equal_label": "Very Low Vulnerability", "CVI_equal_color": "green" }, "geometry": { "type": "LineString", "coordinates": [ [ 8.708910390548084, 44.412728146622868 ], [ 8.708857273963517, 44.415294538212201 ] ] } },
{ "type": "Feature", "properties": { "label": "T194", "land_cover_score": 1.0, "slope_score": 1, "erosion_score": 3, "elevation_score": 1, "CVI_equal": 0.8660254037844386, "CVI_equal_norm": 0.039861373633766406, "CVI_equal_class": 1, "CVI_equal_label": "Very Low Vulnerability", "CVI_equal_color": "green" }, "geometry": { "type": "LineString", "coordinates": [ [ 8.710232165903001, 44.413019826552478 ], [ 8.708354227413068, 44.415208066931271 ] ] } },
{ "type": "Feature", "properties": { "label": "T195", "land_cover_score": 1.0, "slope_score": 1, "erosion_score": 3, "elevation_score": 1, "CVI_equal": 0.8660254037844386, "CVI_equal_norm": 0.039861373633766406, "CVI_equal_class": 1, "CVI_equal_label": "Very Low Vulnerability", "CVI_equal_color": "green" }, "geometry": { "type": "LineString", "coordinates": [ [ 8.711319653709197, 44.414083461968055 ], [ 8.7078082869147, 44.414628311595173 ] ] } },
{ "type": "Feature", "properties": { "label": "T196", "land_cover_score": 1.0, "slope_score": 1, "erosion_score": 3, "elevation_score": 1, "CVI_equal": 0.8660254037844386, "CVI_equal_norm": 0.039861373633766406, "CVI_equal_class": 1, "CVI_equal_label": "Very Low Vulnerability", "CVI_equal_color": "green" }, "geometry": { "type": "LineString", "coordinates": [ [ 8.710774661797952, 44.413551441673491 ], [ 8.708766229784082, 44.415679717882462 ] ] } },
{ "type": "Feature", "properties": { "label": "T197", "land_cover_score": 1.0, "slope_score": 1, "erosion_score": 3, "elevation_score": 1, "CVI_equal": 0.8660254037844386, "CVI_equal_norm": 0.039861373633766406, "CVI_equal_class": 1, "CVI_equal_label": "Very Low Vulnerability", "CVI_equal_color": "green" }, "geometry": { "type": "LineString", "coordinates": [ [ 8.710695060465451, 44.413532777780759 ], [ 8.709638300082734, 44.415985910373081 ] ] } },
{ "type": "Feature", "properties": { "label": "T198", "land_cover_score": 1.0, "slope_score": 1, "erosion_score": 3, "elevation_score": 1, "CVI_equal": 0.8660254037844386, "CVI_equal_norm": 0.039861373633766406, "CVI_equal_class": 1, "CVI_equal_label": "Very Low Vulnerability", "CVI_equal_color": "green" }, "geometry": { "type": "LineString", "coordinates": [ [ 8.71075744048769, 44.413547078513446 ], [ 8.710449766072854, 44.416104288581408 ] ] } },
{ "type": "Feature", "properties": { "label": "T199", "land_cover_score": 1.0, "slope_score": 1, "erosion_score": 3, "elevation_score": 1, "CVI_equal": 0.8660254037844386, "CVI_equal_norm": 0.039861373633766406, "CVI_equal_class": 1, "CVI_equal_label": "Very Low Vulnerability", "CVI_equal_color": "green" }, "geometry": { "type": "LineString", "coordinates": [ [ 8.710811988066238, 44.413550816452066 ], [ 8.711288229378697, 44.416094810033471 ] ] } },
{ "type": "Feature", "properties": { "label": "T200", "land_cover_score": 1.0, "slope_score": 1, "erosion_score": 3, "elevation_score": 1, "CVI_equal": 0.8660254037844386, "CVI_equal_norm": 0.039861373633766406, "CVI_equal_class": 1, "CVI_equal_label": "Very Low Vulnerability", "CVI_equal_color": "green" }, "geometry": { "type": "LineString", "coordinates": [ [ 8.712336735054256, 44.413763690323634 ], [ 8.710597765510473, 44.416009735962568 ] ] } },
{ "type": "Feature", "properties": { "label": "T201", "land_cover_score": 1.0, "slope_score": 1, "erosion_score": 3, "elevation_score": 1, "CVI_equal": 0.8660254037844386, "CVI_equal_norm": 0.039861373633766406, "CVI_equal_class": 1, "CVI_equal_label": "Very Low Vulnerability", "CVI_equal_color": "green" }, "geometry": { "type": "LineString", "coordinates": [ [ 8.712799232528793, 44.413957857917296 ], [ 8.710909332923874, 44.416140802929249 ] ] } },
{ "type": "Feature", "properties": { "label": "T202", "land_cover_score": 1.0, "slope_score": 1, "erosion_score": 3, "elevation_score": 1, "CVI_equal": 0.8660254037844386, "CVI_equal_norm": 0.039861373633766406, "CVI_equal_class": 1, "CVI_equal_label": "Very Low Vulnerability", "CVI_equal_color": "green" }, "geometry": { "type": "LineString", "coordinates": [ [ 8.713179644693557, 44.41412565997669 ], [ 8.711293243681856, 44.416310142102205 ] ] } },
{ "type": "Feature", "properties": { "label": "T203", "land_cover_score": 1.0, "slope_score": 1, "erosion_score": 3, "elevation_score": 1, "CVI_equal": 0.8660254037844386, "CVI_equal_norm": 0.039861373633766406, "CVI_equal_class": 1, "CVI_equal_label": "Very Low Vulnerability", "CVI_equal_color": "green" }, "geometry": { "type": "LineString", "coordinates": [ [ 8.713362175149109, 44.414191817439814 ], [ 8.711906575220977, 44.416538410017033 ] ] } },
{ "type": "Feature", "properties": { "label": "T204", "land_cover_score": 1.0, "slope_score": 1, "erosion_score": 3, "elevation_score": 1, "CVI_equal": 0.8660254037844386, "CVI_equal_norm": 0.039861373633766406, "CVI_equal_class": 1, "CVI_equal_label": "Very Low Vulnerability", "CVI_equal_color": "green" }, "geometry": { "type": "LineString", "coordinates": [ [ 8.713576128297278, 44.414246383991809 ], [ 8.712535158308825, 44.416702928758802 ] ] } },
{ "type": "Feature", "properties": { "label": "T205", "land_cover_score": 1.0, "slope_score": 1, "erosion_score": 3, "elevation_score": 1, "CVI_equal": 0.8660254037844386, "CVI_equal_norm": 0.039861373633766406, "CVI_equal_class": 1, "CVI_equal_label": "Very Low Vulnerability", "CVI_equal_color": "green" }, "geometry": { "type": "LineString", "coordinates": [ [ 8.71399127801933, 44.414334539714382 ], [ 8.712981067470666, 44.416797623843905 ] ] } },
{ "type": "Feature", "properties": { "label": "T206", "land_cover_score": 1.0, "slope_score": 1, "erosion_score": 3, "elevation_score": 1, "CVI_equal": 0.8660254037844386, "CVI_equal_norm": 0.039861373633766406, "CVI_equal_class": 1, "CVI_equal_label": "Very Low Vulnerability", "CVI_equal_color": "green" }, "geometry": { "type": "LineString", "coordinates": [ [ 8.714413517405188, 44.414421933496818 ], [ 8.713421646408362, 44.41688881370969 ] ] } },
{ "type": "Feature", "properties": { "label": "T207", "land_cover_score": 5.0, "slope_score": 1, "erosion_score": 3, "elevation_score": 1, "CVI_equal": 1.9364916731037085, "CVI_equal_norm": 0.15643868078922549, "CVI_equal_class": 1, "CVI_equal_label": "Very Low Vulnerability", "CVI_equal_color": "green" }, "geometry": { "type": "LineString", "coordinates": [ [ 8.714706768853786, 44.414471459470306 ], [ 8.714001439642633, 44.416988124077818 ] ] } },
{ "type": "Feature", "properties": { "label": "T208", "land_cover_score": 5.0, "slope_score": 2, "erosion_score": 3, "elevation_score": 1, "CVI_equal": 2.7386127875258306, "CVI_equal_norm": 0.24379231556683612, "CVI_equal_class": 2, "CVI_equal_label": "Low Vulnerability", "CVI_equal_color": "lightgreen" }, "geometry": { "type": "LineString", "coordinates": [ [ 8.715061494154646, 44.4145148087945 ], [ 8.714531795093512, 44.41705336244474 ] ] } },
{ "type": "Feature", "properties": { "label": "T209", "land_cover_score": 5.0, "slope_score": 2, "erosion_score": 3, "elevation_score": 1, "CVI_equal": 2.7386127875258306, "CVI_equal_norm": 0.24379231556683612, "CVI_equal_class": 2, "CVI_equal_label": "Low Vulnerability", "CVI_equal_color": "lightgreen" }, "geometry": { "type": "LineString", "coordinates": [ [ 8.715438746060736, 44.414549043983534 ], [ 8.715045491504354, 44.417100219312495 ] ] } },
{ "type": "Feature", "properties": { "label": "T210", "land_cover_score": 1.0, "slope_score": 1, "erosion_score": 3, "elevation_score": 1, "CVI_equal": 0.8660254037844386, "CVI_equal_norm": 0.039861373633766406, "CVI_equal_class": 1, "CVI_equal_label": "Very Low Vulnerability", "CVI_equal_color": "green" }, "geometry": { "type": "LineString", "coordinates": [ [ 8.715878789850306, 44.414583008407675 ], [ 8.715498562277343, 44.417135189568342 ] ] } },
{ "type": "Feature", "properties": { "label": "T211", "land_cover_score": 1.0, "slope_score": 1, "erosion_score": 1, "elevation_score": 1, "CVI_equal": 0.5, "CVI_equal_norm": 0.0, "CVI_equal_class": 1, "CVI_equal_label": "Very Low Vulnerability", "CVI_equal_color": "green" }, "geometry": { "type": "LineString", "coordinates": [ [ 8.716409369022722, 44.414633399426393 ], [ 8.71585815872456, 44.417169610357078 ] ] } },
{ "type": "Feature", "properties": { "label": "T212", "land_cover_score": 1.0, "slope_score": 1, "erosion_score": 1, "elevation_score": 1, "CVI_equal": 0.5, "CVI_equal_norm": 0.0, "CVI_equal_class": 1, "CVI_equal_label": "Very Low Vulnerability", "CVI_equal_color": "green" }, "geometry": { "type": "LineString", "coordinates": [ [ 8.716808627512002, 44.41467349604072 ], [ 8.716348374671906, 44.417218941749972 ] ] } },
{ "type": "Feature", "properties": { "label": "T213", "land_cover_score": 1.0, "slope_score": 1, "erosion_score": 1, "elevation_score": 1, "CVI_equal": 0.5, "CVI_equal_norm": 0.0, "CVI_equal_class": 1, "CVI_equal_label": "Very Low Vulnerability", "CVI_equal_color": "green" }, "geometry": { "type": "LineString", "coordinates": [ [ 8.717297030144318, 44.41472335889123 ], [ 8.716749167927532, 44.417259936004314 ] ] } },
{ "type": "Feature", "properties": { "label": "T214", "land_cover_score": 1.0, "slope_score": 1, "erosion_score": 1, "elevation_score": 1, "CVI_equal": 0.5, "CVI_equal_norm": 0.0, "CVI_equal_class": 1, "CVI_equal_label": "Very Low Vulnerability", "CVI_equal_color": "green" }, "geometry": { "type": "LineString", "coordinates": [ [ 8.717366323856584, 44.414722068561922 ], [ 8.717572685593401, 44.41728441708252 ] ] } },
{ "type": "Feature", "properties": { "label": "T215", "land_cover_score": 1.0, "slope_score": 1, "erosion_score": 1, "elevation_score": 1, "CVI_equal": 0.5, "CVI_equal_norm": 0.0, "CVI_equal_class": 1, "CVI_equal_label": "Very Low Vulnerability", "CVI_equal_color": "green" }, "geometry": { "type": "LineString", "coordinates": [ [ 8.716737110238556, 44.414880987217465 ], [ 8.718987437581813, 44.416881930704939 ] ] } },
{ "type": "Feature", "properties": { "label": "T216", "land_cover_score": 1.0, "slope_score": 1, "erosion_score": 1, "elevation_score": 1, "CVI_equal": 0.5, "CVI_equal_norm": 0.0, "CVI_equal_class": 1, "CVI_equal_label": "Very Low Vulnerability", "CVI_equal_color": "green" }, "geometry": { "type": "LineString", "coordinates": [ [ 8.718951528746146, 44.41472649370953 ], [ 8.717564115307923, 44.417094044698082 ] ] } },
{ "type": "Feature", "properties": { "label": "T217", "land_cover_score": 1.0, "slope_score": 1, "erosion_score": 1, "elevation_score": 1, "CVI_equal": 0.5, "CVI_equal_norm": 0.0, "CVI_equal_class": 1, "CVI_equal_label": "Very Low Vulnerability", "CVI_equal_color": "green" }, "geometry": { "type": "LineString", "coordinates": [ [ 8.719616737397144, 44.414997684827313 ], [ 8.717666505154687, 44.417153346675768 ] ] } },
{ "type": "Feature", "properties": { "label": "T218", "land_cover_score": 1.0, "slope_score": 1, "erosion_score": 1, "elevation_score": 1, "CVI_equal": 0.5, "CVI_equal_norm": 0.0, "CVI_equal_class": 1, "CVI_equal_label": "Very Low Vulnerability", "CVI_equal_color": "green" }, "geometry": { "type": "LineString", "coordinates": [ [ 8.719659368588845, 44.414985866518698 ], [ 8.718454036163278, 44.4174037370639 ] ] } },
{ "type": "Feature", "properties": { "label": "T219", "land_cover_score": 1.0, "slope_score": 1, "erosion_score": 1, "elevation_score": 1, "CVI_equal": 0.5, "CVI_equal_norm": 0.0, "CVI_equal_class": 1, "CVI_equal_label": "Very Low Vulnerability", "CVI_equal_color": "green" }, "geometry": { "type": "LineString", "coordinates": [ [ 8.719775437779099, 44.414986694236553 ], [ 8.719218357615278, 44.41752223544114 ] ] } },
{ "type": "Feature", "properties": { "label": "T220", "land_cover_score": 1.0, "slope_score": 1, "erosion_score": 1, "elevation_score": 1, "CVI_equal": 0.5, "CVI_equal_norm": 0.0, "CVI_equal_class": 1, "CVI_equal_label": "Very Low Vulnerability", "CVI_equal_color": "green" }, "geometry": { "type": "LineString", "coordinates": [ [ 8.720028150132551, 44.414993423036357 ], [ 8.719861298375548, 44.417557227219319 ] ] } },
{ "type": "Feature", "properties": { "label": "T221", "land_cover_score": 1.0, "slope_score": 1, "erosion_score": 1, "elevation_score": 1, "CVI_equal": 0.5, "CVI_equal_norm": 0.0, "CVI_equal_class": 1, "CVI_equal_label": "Very Low Vulnerability", "CVI_equal_color": "green" }, "geometry": { "type": "LineString", "coordinates": [ [ 8.720424935809394, 44.414999398850192 ], [ 8.720362549905868, 44.417565584343599 ] ] } },
{ "type": "Feature", "properties": { "label": "T222", "land_cover_score": 1.0, "slope_score": 1, "erosion_score": 1, "elevation_score": 1, "CVI_equal": 0.5, "CVI_equal_norm": 0.0, "CVI_equal_class": 1, "CVI_equal_label": "Very Low Vulnerability", "CVI_equal_color": "green" }, "geometry": { "type": "LineString", "coordinates": [ [ 8.720795013115781, 44.414993536592789 ], [ 8.720890501644524, 44.417559202802089 ] ] } },
{ "type": "Feature", "properties": { "label": "T223", "land_cover_score": 1.0, "slope_score": 1, "erosion_score": 1, "elevation_score": 1, "CVI_equal": 0.5, "CVI_equal_norm": 0.0, "CVI_equal_class": 1, "CVI_equal_label": "Very Low Vulnerability", "CVI_equal_color": "green" }, "geometry": { "type": "LineString", "coordinates": [ [ 8.721573824277426, 44.41505054348864 ], [ 8.721000402557072, 44.417584222651129 ] ] } },
{ "type": "Feature", "properties": { "label": "T224", "land_cover_score": 1.0, "slope_score": 1, "erosion_score": 1, "elevation_score": 1, "CVI_equal": 0.5, "CVI_equal_norm": 0.0, "CVI_equal_class": 1, "CVI_equal_label": "Very Low Vulnerability", "CVI_equal_color": "green" }, "geometry": { "type": "LineString", "coordinates": [ [ 8.722270189497063, 44.4151870396364 ], [ 8.721164214428152, 44.417629009528824 ] ] } },
{ "type": "Feature", "properties": { "label": "T225", "land_cover_score": 1.0, "slope_score": 1, "erosion_score": 1, "elevation_score": 1, "CVI_equal": 0.5, "CVI_equal_norm": 0.0, "CVI_equal_class": 1, "CVI_equal_label": "Very Low Vulnerability", "CVI_equal_color": "green" }, "geometry": { "type": "LineString", "coordinates": [ [ 8.722746153405955, 44.415306288204462 ], [ 8.721535543164666, 44.41772279989442 ] ] } },
{ "type": "Feature", "properties": { "label": "T226", "land_cover_score": 1.0, "slope_score": 1, "erosion_score": 1, "elevation_score": 1, "CVI_equal": 0.5, "CVI_equal_norm": 0.0, "CVI_equal_class": 1, "CVI_equal_label": "Very Low Vulnerability", "CVI_equal_color": "green" }, "geometry": { "type": "LineString", "coordinates": [ [ 8.722904507925355, 44.41531889501762 ], [ 8.722254348210257, 44.417843091641664 ] ] } },
{ "type": "Feature", "properties": { "label": "T227", "land_cover_score": 1.0, "slope_score": 1, "erosion_score": 1, "elevation_score": 1, "CVI_equal": 0.5, "CVI_equal_norm": 0.0, "CVI_equal_class": 1, "CVI_equal_label": "Very Low Vulnerability", "CVI_equal_color": "green" }, "geometry": { "type": "LineString", "coordinates": [ [ 8.72341501676812, 44.415398203142487 ], [ 8.722621163807, 44.417901339921698 ] ] } },
{ "type": "Feature", "properties": { "label": "T228", "land_cover_score": 1.0, "slope_score": 1, "erosion_score": 1, "elevation_score": 1, "CVI_equal": 0.5, "CVI_equal_norm": 0.0, "CVI_equal_class": 1, "CVI_equal_label": "Very Low Vulnerability", "CVI_equal_color": "green" }, "geometry": { "type": "LineString", "coordinates": [ [ 8.723207077526309, 44.415349373435674 ], [ 8.723716604111813, 44.417889996543771 ] ] } },
{ "type": "Feature", "properties": { "label": "T229", "land_cover_score": 1.0, "slope_score": 1, "erosion_score": 1, "elevation_score": 1, "CVI_equal": 0.5, "CVI_equal_norm": 0.0, "CVI_equal_class": 1, "CVI_equal_label": "Very Low Vulnerability", "CVI_equal_color": "green" }, "geometry": { "type": "LineString", "coordinates": [ [ 8.724052581333634, 44.415360475469043 ], [ 8.723766065610322, 44.417918860071445 ] ] } },
{ "type": "Feature", "properties": { "label": "T230", "land_cover_score": 1.0, "slope_score": 1, "erosion_score": 1, "elevation_score": 1, "CVI_equal": 0.5, "CVI_equal_norm": 0.0, "CVI_equal_class": 1, "CVI_equal_label": "Very Low Vulnerability", "CVI_equal_color": "green" }, "geometry": { "type": "LineString", "coordinates": [ [ 8.724596884663637, 44.415410128732788 ], [ 8.724112249626675, 44.417953232568898 ] ] } },
{ "type": "Feature", "properties": { "label": "T231", "land_cover_score": 1.0, "slope_score": 1, "erosion_score": 1, "elevation_score": 1, "CVI_equal": 0.5, "CVI_equal_norm": 0.0, "CVI_equal_class": 1, "CVI_equal_label": "Very Low Vulnerability", "CVI_equal_color": "green" }, "geometry": { "type": "LineString", "coordinates": [ [ 8.724730192541951, 44.415390381398758 ], [ 8.724875994525469, 44.417954822901066 ] ] } },
{ "type": "Feature", "properties": { "label": "T232", "land_cover_score": 2.0, "slope_score": 3, "erosion_score": 1, "elevation_score": 4, "CVI_equal": 2.4494897427831779, "CVI_equal_norm": 0.21230586245877178, "CVI_equal_class": 1, "CVI_equal_label": "Very Low Vulnerability", "CVI_equal_color": "green" }, "geometry": { "type": "LineString", "coordinates": [ [ 8.723745028829599, 44.415625673942998 ], [ 8.726493576218706, 44.417278871725962 ] ] } },
{ "type": "Feature", "properties": { "label": "T233", "land_cover_score": null, "slope_score": 5, "erosion_score": 1, "elevation_score": 5, "CVI_equal": 2.8867513459481291, "CVI_equal_norm": 0.25992509314398038, "CVI_equal_class": 2, "CVI_equal_label": "Low Vulnerability", "CVI_equal_color": "lightgreen" }, "geometry": { "type": "LineString", "coordinates": [ [ 8.727043866134762, 44.416667439790686 ], [ 8.723555456362709, 44.416051952525535 ] ] } },
{ "type": "Feature", "properties": { "label": "T234", "land_cover_score": 1.0, "slope_score": 1, "erosion_score": 1, "elevation_score": 1, "CVI_equal": 0.5, "CVI_equal_norm": 0.0, "CVI_equal_class": 1, "CVI_equal_label": "Very Low Vulnerability", "CVI_equal_color": "green" }, "geometry": { "type": "LineString", "coordinates": [ [ 8.726968433557319, 44.416042947660671 ], [ 8.723807625003371, 44.417263661852182 ] ] } },
{ "type": "Feature", "properties": { "label": "T235", "land_cover_score": 1.0, "slope_score": 1, "erosion_score": 1, "elevation_score": 1, "CVI_equal": 0.5, "CVI_equal_norm": 0.0, "CVI_equal_class": 1, "CVI_equal_label": "Very Low Vulnerability", "CVI_equal_color": "green" }, "geometry": { "type": "LineString", "coordinates": [ [ 8.726825837860126, 44.415856800690044 ], [ 8.72460000449777, 44.41787163952975 ] ] } },
{ "type": "Feature", "properties": { "label": "T236", "land_cover_score": 1.0, "slope_score": 1, "erosion_score": 1, "elevation_score": 1, "CVI_equal": 0.5, "CVI_equal_norm": 0.0, "CVI_equal_class": 1, "CVI_equal_label": "Very Low Vulnerability", "CVI_equal_color": "green" }, "geometry": { "type": "LineString", "coordinates": [ [ 8.727203761286113, 44.416070086428689 ], [ 8.724927270924558, 44.418055833276725 ] ] } },
{ "type": "Feature", "properties": { "label": "T237", "land_cover_score": 1.0, "slope_score": 1, "erosion_score": 1, "elevation_score": 1, "CVI_equal": 0.5, "CVI_equal_norm": 0.0, "CVI_equal_class": 1, "CVI_equal_label": "Very Low Vulnerability", "CVI_equal_color": "green" }, "geometry": { "type": "LineString", "coordinates": [ [ 8.727894668609954, 44.416541163392559 ], [ 8.724930487294833, 44.417991863169355 ] ] } },
{ "type": "Feature", "properties": { "label": "T238", "land_cover_score": 1.0, "slope_score": 1, "erosion_score": 1, "elevation_score": 1, "CVI_equal": 0.5, "CVI_equal_norm": 0.0, "CVI_equal_class": 1, "CVI_equal_label": "Very Low Vulnerability", "CVI_equal_color": "green" }, "geometry": { "type": "LineString", "coordinates": [ [ 8.728331134127462, 44.417070013310742 ], [ 8.72498195618614, 44.417999793756046 ] ] } },
{ "type": "Feature", "properties": { "label": "T239", "land_cover_score": 1.0, "slope_score": 1, "erosion_score": 1, "elevation_score": 1, "CVI_equal": 0.5, "CVI_equal_norm": 0.0, "CVI_equal_class": 1, "CVI_equal_label": "Very Low Vulnerability", "CVI_equal_color": "green" }, "geometry": { "type": "LineString", "coordinates": [ [ 8.728497217351082, 44.417376084556096 ], [ 8.72514054831383, 44.418291975041093 ] ] } },
{ "type": "Feature", "properties": { "label": "T240", "land_cover_score": 1.0, "slope_score": 1, "erosion_score": 1, "elevation_score": 1, "CVI_equal": 0.5, "CVI_equal_norm": 0.0, "CVI_equal_class": 1, "CVI_equal_label": "Very Low Vulnerability", "CVI_equal_color": "green" }, "geometry": { "type": "LineString", "coordinates": [ [ 8.728469794992337, 44.41739309617769 ], [ 8.725522693725663, 44.418861420279924 ] ] } },
{ "type": "Feature", "properties": { "label": "T241", "land_cover_score": 1.0, "slope_score": 1, "erosion_score": 1, "elevation_score": 1, "CVI_equal": 0.5, "CVI_equal_norm": 0.0, "CVI_equal_class": 1, "CVI_equal_label": "Very Low Vulnerability", "CVI_equal_color": "green" }, "geometry": { "type": "LineString", "coordinates": [ [ 8.728485378341043, 44.417437688815184 ], [ 8.726050188421565, 44.419324896283229 ] ] } },
{ "type": "Feature", "properties": { "label": "T242", "land_cover_score": 1.0, "slope_score": 1, "erosion_score": 1, "elevation_score": 1, "CVI_equal": 0.5, "CVI_equal_norm": 0.0, "CVI_equal_class": 1, "CVI_equal_label": "Very Low Vulnerability", "CVI_equal_color": "green" }, "geometry": { "type": "LineString", "coordinates": [ [ 8.729113961466767, 44.417943507641588 ], [ 8.726043437181646, 44.419276567051362 ] ] } },
{ "type": "Feature", "properties": { "label": "T243", "land_cover_score": 1.0, "slope_score": 1, "erosion_score": 1, "elevation_score": 1, "CVI_equal": 0.5, "CVI_equal_norm": 0.0, "CVI_equal_class": 1, "CVI_equal_label": "Very Low Vulnerability", "CVI_equal_color": "green" }, "geometry": { "type": "LineString", "coordinates": [ [ 8.729316354762679, 44.418178502885944 ], [ 8.72631297922864, 44.41958743671632 ] ] } },
{ "type": "Feature", "properties": { "label": "T244", "land_cover_score": 1.0, "slope_score": 1, "erosion_score": 1, "elevation_score": 1, "CVI_equal": 0.5, "CVI_equal_norm": 0.0, "CVI_equal_class": 1, "CVI_equal_label": "Very Low Vulnerability", "CVI_equal_color": "green" }, "geometry": { "type": "LineString", "coordinates": [ [ 8.729543185191424, 44.418423201347892 ], [ 8.726582496899375, 44.419877488762928 ] ] } },
{ "type": "Feature", "properties": { "label": "T245", "land_cover_score": 1.0, "slope_score": 1, "erosion_score": 1, "elevation_score": 1, "CVI_equal": 0.5, "CVI_equal_norm": 0.0, "CVI_equal_class": 1, "CVI_equal_label": "Very Low Vulnerability", "CVI_equal_color": "green" }, "geometry": { "type": "LineString", "coordinates": [ [ 8.729726262419993, 44.418610986291213 ], [ 8.726918855947133, 44.420212848820768 ] ] } },
{ "type": "Feature", "properties": { "label": "T246", "land_cover_score": 1.0, "slope_score": 1, "erosion_score": 1, "elevation_score": 1, "CVI_equal": 0.5, "CVI_equal_norm": 0.0, "CVI_equal_class": 1, "CVI_equal_label": "Very Low Vulnerability", "CVI_equal_color": "green" }, "geometry": { "type": "LineString", "coordinates": [ [ 8.730042814426277, 44.418898946200862 ], [ 8.727157927917313, 44.420428964184147 ] ] } },
{ "type": "Feature", "properties": { "label": "T247", "land_cover_score": 1.0, "slope_score": 1, "erosion_score": 1, "elevation_score": 1, "CVI_equal": 0.5, "CVI_equal_norm": 0.0, "CVI_equal_class": 1, "CVI_equal_label": "Very Low Vulnerability", "CVI_equal_color": "green" }, "geometry": { "type": "LineString", "coordinates": [ [ 8.730308685388987, 44.419154476909952 ], [ 8.727427879522693, 44.420688405350568 ] ] } },
{ "type": "Feature", "properties": { "label": "T248", "land_cover_score": 1.0, "slope_score": 1, "erosion_score": 1, "elevation_score": 1, "CVI_equal": 0.5, "CVI_equal_norm": 0.0, "CVI_equal_class": 1, "CVI_equal_label": "Very Low Vulnerability", "CVI_equal_color": "green" }, "geometry": { "type": "LineString", "coordinates": [ [ 8.730498381564013, 44.419334107056422 ], [ 8.727785639542009, 44.421017100024244 ] ] } },
{ "type": "Feature", "properties": { "label": "T249", "land_cover_score": 1.0, "slope_score": 1, "erosion_score": 1, "elevation_score": 1, "CVI_equal": 0.5, "CVI_equal_norm": 0.0, "CVI_equal_class": 1, "CVI_equal_label": "Very Low Vulnerability", "CVI_equal_color": "green" }, "geometry": { "type": "LineString", "coordinates": [ [ 8.73072198961515, 44.41951557525045 ], [ 8.728159358664824, 44.42131457442752 ] ] } },
{ "type": "Feature", "properties": { "label": "T250", "land_cover_score": 1.0, "slope_score": 1, "erosion_score": 1, "elevation_score": 1, "CVI_equal": 0.5, "CVI_equal_norm": 0.0, "CVI_equal_class": 1, "CVI_equal_label": "Very Low Vulnerability", "CVI_equal_color": "green" }, "geometry": { "type": "LineString", "coordinates": [ [ 8.731020752878399, 44.419731595409246 ], [ 8.728492026890921, 44.421554897165677 ] ] } },
{ "type": "Feature", "properties": { "label": "T251", "land_cover_score": 1.0, "slope_score": 1, "erosion_score": 1, "elevation_score": 1, "CVI_equal": 0.5, "CVI_equal_norm": 0.0, "CVI_equal_class": 1, "CVI_equal_label": "Very Low Vulnerability", "CVI_equal_color": "green" }, "geometry": { "type": "LineString", "coordinates": [ [ 8.731398016049692, 44.420005223427019 ], [ 8.72874648457138, 44.421737242947088 ] ] } },
{ "type": "Feature", "properties": { "label": "T252", "land_cover_score": 1.0, "slope_score": 1, "erosion_score": 1, "elevation_score": 1, "CVI_equal": 0.5, "CVI_equal_norm": 0.0, "CVI_equal_class": 1, "CVI_equal_label": "Very Low Vulnerability", "CVI_equal_color": "green" }, "geometry": { "type": "LineString", "coordinates": [ [ 8.731939664005692, 44.420510060229518 ], [ 8.728774218737053, 44.421724536560689 ] ] } },
{ "type": "Feature", "properties": { "label": "T253", "land_cover_score": 1.0, "slope_score": 1, "erosion_score": 1, "elevation_score": 1, "CVI_equal": 0.5, "CVI_equal_norm": 0.0, "CVI_equal_class": 1, "CVI_equal_label": "Very Low Vulnerability", "CVI_equal_color": "green" }, "geometry": { "type": "LineString", "coordinates": [ [ 8.731278213248649, 44.420153577767138 ], [ 8.729982934187291, 44.422547389557991 ] ] } },
{ "type": "Feature", "properties": { "label": "T254", "land_cover_score": 1.0, "slope_score": 1, "erosion_score": 1, "elevation_score": 1, "CVI_equal": 0.5, "CVI_equal_norm": 0.0, "CVI_equal_class": 1, "CVI_equal_label": "Very Low Vulnerability", "CVI_equal_color": "green" }, "geometry": { "type": "LineString", "coordinates": [ [ 8.730373634618008, 44.420203817707105 ], [ 8.731723752268056, 44.422582121041103 ] ] } },
{ "type": "Feature", "properties": { "label": "T255", "land_cover_score": 5.0, "slope_score": 1, "erosion_score": 1, "elevation_score": 1, "CVI_equal": 1.1180339887498949, "CVI_equal_norm": 0.067305939667605993, "CVI_equal_class": 1, "CVI_equal_label": "Very Low Vulnerability", "CVI_equal_color": "green" }, "geometry": { "type": "LineString", "coordinates": [ [ 8.729795854776508, 44.420609175118074 ], [ 8.732972765305476, 44.421808281136947 ] ] } },
{ "type": "Feature", "properties": { "label": "T256", "land_cover_score": 1.0, "slope_score": 1, "erosion_score": 1, "elevation_score": 1, "CVI_equal": 0.5, "CVI_equal_norm": 0.0, "CVI_equal_class": 1, "CVI_equal_label": "Very Low Vulnerability", "CVI_equal_color": "green" }, "geometry": { "type": "LineString", "coordinates": [ [ 8.732983305035347, 44.420381957076991 ], [ 8.730315440022229, 44.422101123666081 ] ] } },
{ "type": "Feature", "properties": { "label": "T257", "land_cover_score": 1.0, "slope_score": 1, "erosion_score": 1, "elevation_score": 1, "CVI_equal": 0.5, "CVI_equal_norm": 0.0, "CVI_equal_class": 1, "CVI_equal_label": "Very Low Vulnerability", "CVI_equal_color": "green" }, "geometry": { "type": "LineString", "coordinates": [ [ 8.733558518659072, 44.421125439080818 ], [ 8.730140511100585, 44.421917133478196 ] ] } },
{ "type": "Feature", "properties": { "label": "T258", "land_cover_score": 1.0, "slope_score": 1, "erosion_score": 1, "elevation_score": 1, "CVI_equal": 0.5, "CVI_equal_norm": 0.0, "CVI_equal_class": 1, "CVI_equal_label": "Very Low Vulnerability", "CVI_equal_color": "green" }, "geometry": { "type": "LineString", "coordinates": [ [ 8.732924550694003, 44.42051658597196 ], [ 8.731473370676495, 44.42286432083614 ] ] } },
{ "type": "Feature", "properties": { "label": "T259", "land_cover_score": 1.0, "slope_score": 1, "erosion_score": 1, "elevation_score": 1, "CVI_equal": 0.5, "CVI_equal_norm": 0.0, "CVI_equal_class": 1, "CVI_equal_label": "Very Low Vulnerability", "CVI_equal_color": "green" }, "geometry": { "type": "LineString", "coordinates": [ [ 8.73251173314654, 44.420421430893143 ], [ 8.732765852808118, 44.422981339602785 ] ] } },
{ "type": "Feature", "properties": { "label": "T260", "land_cover_score": 5.0, "slope_score": 1, "erosion_score": 1, "elevation_score": 1, "CVI_equal": 1.1180339887498949, "CVI_equal_norm": 0.067305939667605993, "CVI_equal_class": 1, "CVI_equal_label": "Very Low Vulnerability", "CVI_equal_color": "green" }, "geometry": { "type": "LineString", "coordinates": [ [ 8.732950350299593, 44.420397878436304 ], [ 8.733223023363752, 44.422956814239619 ] ] } },
{ "type": "Feature", "properties": { "label": "T261", "land_cover_score": 5.0, "slope_score": 1, "erosion_score": 1, "elevation_score": 1, "CVI_equal": 1.1180339887498949, "CVI_equal_norm": 0.067305939667605993, "CVI_equal_class": 1, "CVI_equal_label": "Very Low Vulnerability", "CVI_equal_color": "green" }, "geometry": { "type": "LineString", "coordinates": [ [ 8.734600527348011, 44.420811145411832 ], [ 8.732362586588462, 44.422818960253913 ] ] } },
{ "type": "Feature", "properties": { "label": "T262", "land_cover_score": 1.0, "slope_score": 1, "erosion_score": 1, "elevation_score": 1, "CVI_equal": 0.5, "CVI_equal_norm": 0.0, "CVI_equal_class": 1, "CVI_equal_label": "Very Low Vulnerability", "CVI_equal_color": "green" }, "geometry": { "type": "LineString", "coordinates": [ [ 8.734317621681921, 44.420732013759114 ], [ 8.733406636979806, 44.423214490978864 ] ] } },
{ "type": "Feature", "properties": { "label": "T263", "land_cover_score": 1.0, "slope_score": 1, "erosion_score": 1, "elevation_score": 1, "CVI_equal": 0.5, "CVI_equal_norm": 0.0, "CVI_equal_class": 1, "CVI_equal_label": "Very Low Vulnerability", "CVI_equal_color": "green" }, "geometry": { "type": "LineString", "coordinates": [ [ 8.734554450128801, 44.420771461662781 ], [ 8.734046046787718, 44.423311963969397 ] ] } },
{ "type": "Feature", "properties": { "label": "T264", "land_cover_score": 1.0, "slope_score": 1, "erosion_score": 1, "elevation_score": 1, "CVI_equal": 0.5, "CVI_equal_norm": 0.0, "CVI_equal_class": 1, "CVI_equal_label": "Very Low Vulnerability", "CVI_equal_color": "green" }, "geometry": { "type": "LineString", "coordinates": [ [ 8.734329546326792, 44.420790278588903 ], [ 8.735154213609961, 44.423288097416417 ] ] } },
{ "type": "Feature", "properties": { "label": "T265", "land_cover_score": 1.0, "slope_score": 1, "erosion_score": 1, "elevation_score": 1, "CVI_equal": 0.5, "CVI_equal_norm": 0.0, "CVI_equal_class": 1, "CVI_equal_label": "Very Low Vulnerability", "CVI_equal_color": "green" }, "geometry": { "type": "LineString", "coordinates": [ [ 8.735958202377956, 44.420913234767241 ], [ 8.734394943925356, 44.423223960472818 ] ] } },
{ "type": "Feature", "properties": { "label": "T266", "land_cover_score": 1.0, "slope_score": 1, "erosion_score": 1, "elevation_score": 1, "CVI_equal": 0.5, "CVI_equal_norm": 0.0, "CVI_equal_class": 1, "CVI_equal_label": "Very Low Vulnerability", "CVI_equal_color": "green" }, "geometry": { "type": "LineString", "coordinates": [ [ 8.737011739699494, 44.421486994234861 ], [ 8.73408978100024, 44.422980628181435 ] ] } },
{ "type": "Feature", "properties": { "label": "T267", "land_cover_score": 1.0, "slope_score": 1, "erosion_score": 1, "elevation_score": 1, "CVI_equal": 0.5, "CVI_equal_norm": 0.0, "CVI_equal_class": 1, "CVI_equal_label": "Very Low Vulnerability", "CVI_equal_color": "green" }, "geometry": { "type": "LineString", "coordinates": [ [ 8.73594387041577, 44.421160271773914 ], [ 8.735761436540143, 44.423723264049677 ] ] } },
{ "type": "Feature", "properties": { "label": "T268", "land_cover_score": 1.0, "slope_score": 1, "erosion_score": 1, "elevation_score": 1, "CVI_equal": 0.5, "CVI_equal_norm": 0.0, "CVI_equal_class": 1, "CVI_equal_label": "Very Low Vulnerability", "CVI_equal_color": "green" }, "geometry": { "type": "LineString", "coordinates": [ [ 8.737863594532296, 44.422264283525855 ], [ 8.734401936139927, 44.42295245433813 ] ] } },
{ "type": "Feature", "properties": { "label": "T269", "land_cover_score": 1.0, "slope_score": 1, "erosion_score": 1, "elevation_score": 1, "CVI_equal": 0.5, "CVI_equal_norm": 0.0, "CVI_equal_class": 1, "CVI_equal_label": "Very Low Vulnerability", "CVI_equal_color": "green" }, "geometry": { "type": "LineString", "coordinates": [ [ 8.736553732808536, 44.421375687429034 ], [ 8.736517080993529, 44.423941846393745 ] ] } },
{ "type": "Feature", "properties": { "label": "T270", "land_cover_score": 1.0, "slope_score": 1, "erosion_score": 1, "elevation_score": 1, "CVI_equal": 0.5, "CVI_equal_norm": 0.0, "CVI_equal_class": 1, "CVI_equal_label": "Very Low Vulnerability", "CVI_equal_color": "green" }, "geometry": { "type": "LineString", "coordinates": [ [ 8.738627106087279, 44.422669850409605 ], [ 8.735045125725101, 44.422873041307319 ] ] } },
{ "type": "Feature", "properties": { "label": "T271", "land_cover_score": 1.0, "slope_score": 1, "erosion_score": 1, "elevation_score": 1, "CVI_equal": 0.5, "CVI_equal_norm": 0.0, "CVI_equal_class": 1, "CVI_equal_label": "Very Low Vulnerability", "CVI_equal_color": "green" }, "geometry": { "type": "LineString", "coordinates": [ [ 8.738270205572162, 44.422132072631179 ], [ 8.735747087629379, 44.423959258127759 ] ] } },
{ "type": "Feature", "properties": { "label": "T272", "land_cover_score": 1.0, "slope_score": 1, "erosion_score": 1, "elevation_score": 1, "CVI_equal": 0.5, "CVI_equal_norm": 0.0, "CVI_equal_class": 1, "CVI_equal_label": "Very Low Vulnerability", "CVI_equal_color": "green" }, "geometry": { "type": "LineString", "coordinates": [ [ 8.738383605355605, 44.422200244205619 ], [ 8.736320340094366, 44.424301277869304 ] ] } },
{ "type": "Feature", "properties": { "label": "T273", "land_cover_score": 1.0, "slope_score": 1, "erosion_score": 1, "elevation_score": 1, "CVI_equal": 0.5, "CVI_equal_norm": 0.0, "CVI_equal_class": 1, "CVI_equal_label": "Very Low Vulnerability", "CVI_equal_color": "green" }, "geometry": { "type": "LineString", "coordinates": [ [ 8.739312605092115, 44.423131359366181 ], [ 8.735871521185153, 44.42387027998361 ] ] } },
{ "type": "Feature", "properties": { "label": "T274", "land_cover_score": 5.0, "slope_score": 1, "erosion_score": 1, "elevation_score": 1, "CVI_equal": 1.1180339887498949, "CVI_equal_norm": 0.067305939667605993, "CVI_equal_class": 1, "CVI_equal_label": "Very Low Vulnerability", "CVI_equal_color": "green" }, "geometry": { "type": "LineString", "coordinates": [ [ 8.738465945400831, 44.422462060084769 ], [ 8.737342326470673, 44.424899613902404 ] ] } }
]
}
