{
"type": "FeatureCollection",
"name": "transects_with_cvi_equal",
"crs": { "type": "name", "properties": { "name": "urn:ogc:def:crs:OGC:1.3:CRS84" } },
"features": [
{ "type": "Feature", "properties": { "label": "T1", "land_cover_score": 5.0, "slope_score": 3, "erosion_score": 1.0, "elevation_score": 3, "CVI_equal": 3.3541019662496847, "CVI_equal_norm": 0.47928048183250616, "CVI_equal_class": 2, "CVI_equal_label": "Low Vulnerability", "CVI_equal_color": "lightgreen" }, "geometry": { "type": "LineString", "coordinates": [ [ 14.494468376535522, 35.904075662021526 ], [ 14.49801922346448, 35.904521537350433 ] ] } },
{ "type": "Feature", "properties": { "label": "T2", "land_cover_score": 5.0, "slope_score": 3, "erosion_score": 1.0, "elevation_score": 3, "CVI_equal": 3.3541019662496847, "CVI_equal_norm": 0.47928048183250616, "CVI_equal_class": 2, "CVI_equal_label": "Low Vulnerability", "CVI_equal_color": "lightgreen" }, "geometry": { "type": "LineString", "coordinates": [ [ 14.494673227993381, 35.903345130985208 ], [ 14.497953410417118, 35.904533358716392 ] ] } },
{ "type": "Feature", "properties": { "label": "T3", "land_cover_score": 5.0, "slope_score": 4, "erosion_score": 1.0, "elevation_score": 4, "CVI_equal": 4.4721359549995796, "CVI_equal_norm": 0.66702845831327728, "CVI_equal_class": 2, "CVI_equal_label": "Low Vulnerability", "CVI_equal_color": "lightgreen" }, "geometry": { "type": "LineString", "coordinates": [ [ 14.495106139121349, 35.902687425331926 ], [ 14.497889662146582, 35.904528030752772 ] ] } },
{ "type": "Feature", "properties": { "label": "T4", "land_cover_score": 5.0, "slope_score": 5, "erosion_score": 1.0, "elevation_score": 4, "CVI_equal": 5.0, "CVI_equal_norm": 0.75567102848826473, "CVI_equal_class": 3, "CVI_equal_label": "Moderate Vulnerability", "CVI_equal_color": "yellow" }, "geometry": { "type": "LineString", "coordinates": [ [ 14.495770057346535, 35.902125535963975 ], [ 14.497796845005373, 35.904528906061159 ] ] } },
{ "type": "Feature", "properties": { "label": "T5", "land_cover_score": 5.0, "slope_score": 5, "erosion_score": null, "elevation_score": 5, "CVI_equal": 6.4549722436790278, "CVI_equal_norm": 1.0, "CVI_equal_class": 3, "CVI_equal_label": "Moderate Vulnerability", "CVI_equal_color": "yellow" }, "geometry": { "type": "LineString", "coordinates": [ [ 14.497398669979972, 35.901689300152384 ], [ 14.496915475782318, 35.904573440394195 ] ] } },
{ "type": "Feature", "properties": { "label": "T6", "land_cover_score": 5.0, "slope_score": 5, "erosion_score": null, "elevation_score": 4, "CVI_equal": 5.7735026918962582, "CVI_equal_norm": 0.88556293398241726, "CVI_equal_class": 3, "CVI_equal_label": "Moderate Vulnerability", "CVI_equal_color": "yellow" }, "geometry": { "type": "LineString", "coordinates": [ [ 14.49768251103233, 35.901725261173262 ], [ 14.497522057062305, 35.904632932127292 ] ] } },
{ "type": "Feature", "properties": { "label": "T7", "land_cover_score": 5.0, "slope_score": 5, "erosion_score": null, "elevation_score": 4, "CVI_equal": 5.7735026918962582, "CVI_equal_norm": 0.88556293398241726, "CVI_equal_class": 3, "CVI_equal_label": "Moderate Vulnerability", "CVI_equal_color": "yellow" }, "geometry": { "type": "LineString", "coordinates": [ [ 14.497981422205353, 35.901740013035088 ], [ 14.498120573420954, 35.904648403439381 ] ] } },
{ "type": "Feature", "properties": { "label": "T8", "land_cover_score": 5.0, "slope_score": 4, "erosion_score": null, "elevation_score": 4, "CVI_equal": 5.1639777949432224, "CVI_equal_norm": 0.7832073104780386, "CVI_equal_class": 3, "CVI_equal_label": "Moderate Vulnerability", "CVI_equal_color": "yellow" }, "geometry": { "type": "LineString", "coordinates": [ [ 14.498198659302286, 35.901743279301513 ], [ 14.498800437451763, 35.904612746011807 ] ] } },
{ "type": "Feature", "properties": { "label": "T9", "land_cover_score": 5.0, "slope_score": 4, "erosion_score": null, "elevation_score": 3, "CVI_equal": 4.4721359549995796, "CVI_equal_norm": 0.66702845831327728, "CVI_equal_class": 2, "CVI_equal_label": "Low Vulnerability", "CVI_equal_color": "lightgreen" }, "geometry": { "type": "LineString", "coordinates": [ [ 14.498532018684278, 35.901699220582692 ], [ 14.49935221122154, 35.904532959525042 ] ] } },
{ "type": "Feature", "properties": { "label": "T10", "land_cover_score": 5.0, "slope_score": 4, "erosion_score": null, "elevation_score": 3, "CVI_equal": 4.4721359549995796, "CVI_equal_norm": 0.66702845831327728, "CVI_equal_class": 2, "CVI_equal_label": "Low Vulnerability", "CVI_equal_color": "lightgreen" }, "geometry": { "type": "LineString", "coordinates": [ [ 14.498776921131881, 35.901660096611948 ], [ 14.499980642188406, 35.904402503707153 ] ] } },
{ "type": "Feature", "properties": { "label": "T11", "land_cover_score": 5.0, "slope_score": 4, "erosion_score": null, "elevation_score": 3, "CVI_equal": 4.4721359549995796, "CVI_equal_norm": 0.66702845831327728, "CVI_equal_class": 2, "CVI_equal_label": "Low Vulnerability", "CVI_equal_color": "lightgreen" }, "geometry": { "type": "LineString", "coordinates": [ [ 14.499106606724853, 35.901566568713577 ], [ 14.500496555912235, 35.904250577839569 ] ] } },
{ "type": "Feature", "properties": { "label": "T12", "land_cover_score": 5.0, "slope_score": 4, "erosion_score": null, "elevation_score": 2, "CVI_equal": 3.6514837167011076, "CVI_equal_norm": 0.52921887588078775, "CVI_equal_class": 2, "CVI_equal_label": "Low Vulnerability", "CVI_equal_color": "lightgreen" }, "geometry": { "type": "LineString", "coordinates": [ [ 14.499377689250089, 35.901478960931961 ], [ 14.501052346101018, 35.904054121843451 ] ] } },
{ "type": "Feature", "properties": { "label": "T13", "land_cover_score": 3.0, "slope_score": 3, "erosion_score": null, "elevation_score": 2, "CVI_equal": 2.4494897427831779, "CVI_equal_norm": 0.32737175976806371, "CVI_equal_class": 1, "CVI_equal_label": "Very Low Vulnerability", "CVI_equal_color": "green" }, "geometry": { "type": "LineString", "coordinates": [ [ 14.499397820274488, 35.901518982080709 ], [ 14.501821048966205, 35.903668116892767 ] ] } },
{ "type": "Feature", "properties": { "label": "T14", "land_cover_score": 3.0, "slope_score": 3, "erosion_score": null, "elevation_score": 2, "CVI_equal": 2.4494897427831779, "CVI_equal_norm": 0.32737175976806371, "CVI_equal_class": 1, "CVI_equal_label": "Very Low Vulnerability", "CVI_equal_color": "green" }, "geometry": { "type": "LineString", "coordinates": [ [ 14.499999015112804, 35.901125496210746 ], [ 14.501904178601754, 35.903593309612241 ] ] } },
{ "type": "Feature", "properties": { "label": "T15", "land_cover_score": 3.0, "slope_score": 3, "erosion_score": null, "elevation_score": 2, "CVI_equal": 2.4494897427831779, "CVI_equal_norm": 0.32737175976806371, "CVI_equal_class": 1, "CVI_equal_label": "Very Low Vulnerability", "CVI_equal_color": "green" }, "geometry": { "type": "LineString", "coordinates": [ [ 14.500374341603743, 35.900935067577947 ], [ 14.502290150003855, 35.90339747397708 ] ] } },
{ "type": "Feature", "properties": { "label": "T16", "land_cover_score": 5.0, "slope_score": 3, "erosion_score": null, "elevation_score": 1, "CVI_equal": 2.2360679774997898, "CVI_equal_norm": 0.29153250535173503, "CVI_equal_class": 1, "CVI_equal_label": "Very Low Vulnerability", "CVI_equal_color": "green" }, "geometry": { "type": "LineString", "coordinates": [ [ 14.500739935959928, 35.900747664875517 ], [ 14.502683595189856, 35.903195714624232 ] ] } },
{ "type": "Feature", "properties": { "label": "T17", "land_cover_score": 5.0, "slope_score": 3, "erosion_score": null, "elevation_score": 1, "CVI_equal": 2.2360679774997898, "CVI_equal_norm": 0.29153250535173503, "CVI_equal_class": 1, "CVI_equal_label": "Very Low Vulnerability", "CVI_equal_color": "green" }, "geometry": { "type": "LineString", "coordinates": [ [ 14.501117711405506, 35.900550860875839 ], [ 14.503061370635434, 35.902998916711802 ] ] } },
{ "type": "Feature", "properties": { "label": "T18", "land_cover_score": 1.0, "slope_score": 3, "erosion_score": null, "elevation_score": 1, "CVI_equal": 1.0, "CVI_equal_norm": 0.083963447609807187, "CVI_equal_class": 1, "CVI_equal_label": "Very Low Vulnerability", "CVI_equal_color": "green" }, "geometry": { "type": "LineString", "coordinates": [ [ 14.501495486850892, 35.900354056386888 ], [ 14.503439146081202, 35.902802118309907 ] ] } },
{ "type": "Feature", "properties": { "label": "T19", "land_cover_score": 1.0, "slope_score": 3, "erosion_score": null, "elevation_score": 1, "CVI_equal": 1.0, "CVI_equal_norm": 0.083963447609807187, "CVI_equal_class": 1, "CVI_equal_label": "Very Low Vulnerability", "CVI_equal_color": "green" }, "geometry": { "type": "LineString", "coordinates": [ [ 14.502360437400533, 35.900002947073155 ], [ 14.503352590445758, 35.90280043446716 ] ] } },
{ "type": "Feature", "properties": { "label": "T20", "land_cover_score": 1.0, "slope_score": 3, "erosion_score": null, "elevation_score": 1, "CVI_equal": 1.0, "CVI_equal_norm": 0.083963447609807187, "CVI_equal_class": 1, "CVI_equal_label": "Very Low Vulnerability", "CVI_equal_color": "green" }, "geometry": { "type": "LineString", "coordinates": [ [ 14.503165968518006, 35.899877386368679 ], [ 14.503422614421162, 35.902780594943025 ] ] } },
{ "type": "Feature", "properties": { "label": "T21", "land_cover_score": 5.0, "slope_score": 3, "erosion_score": null, "elevation_score": 1, "CVI_equal": 2.2360679774997898, "CVI_equal_norm": 0.29153250535173503, "CVI_equal_class": 1, "CVI_equal_label": "Very Low Vulnerability", "CVI_equal_color": "green" }, "geometry": { "type": "LineString", "coordinates": [ [ 14.503640006573637, 35.89985219834152 ], [ 14.503844938538025, 35.902758103933706 ] ] } },
{ "type": "Feature", "properties": { "label": "T22", "land_cover_score": 3.0, "slope_score": 3, "erosion_score": null, "elevation_score": 1, "CVI_equal": 1.7320508075688772, "CVI_equal_norm": 0.20689446686786012, "CVI_equal_class": 1, "CVI_equal_label": "Very Low Vulnerability", "CVI_equal_color": "green" }, "geometry": { "type": "LineString", "coordinates": [ [ 14.504088433136822, 35.899831447871897 ], [ 14.50429336510121, 35.90273735422592 ] ] } },
{ "type": "Feature", "properties": { "label": "T23", "land_cover_score": 3.0, "slope_score": 2, "erosion_score": null, "elevation_score": 1, "CVI_equal": 1.4142135623730951, "CVI_equal_norm": 0.15352104509697714, "CVI_equal_class": 1, "CVI_equal_label": "Very Low Vulnerability", "CVI_equal_color": "green" }, "geometry": { "type": "LineString", "coordinates": [ [ 14.504536859699986, 35.899810697396831 ], [ 14.504741791664424, 35.902716604512698 ] ] } },
{ "type": "Feature", "properties": { "label": "T24", "land_cover_score": 1.0, "slope_score": 3, "erosion_score": null, "elevation_score": 1, "CVI_equal": 1.0, "CVI_equal_norm": 0.083963447609807187, "CVI_equal_class": 1, "CVI_equal_label": "Very Low Vulnerability", "CVI_equal_color": "green" }, "geometry": { "type": "LineString", "coordinates": [ [ 14.505610131639592, 35.899904793238534 ], [ 14.5045496107146, 35.902685777816849 ] ] } },
{ "type": "Feature", "properties": { "label": "T25", "land_cover_score": 3.0, "slope_score": 3, "erosion_score": null, "elevation_score": 1, "CVI_equal": 1.7320508075688772, "CVI_equal_norm": 0.20689446686786012, "CVI_equal_class": 1, "CVI_equal_label": "Very Low Vulnerability", "CVI_equal_color": "green" }, "geometry": { "type": "LineString", "coordinates": [ [ 14.50648193393797, 35.900242614833047 ], [ 14.504479221018238, 35.902659247539113 ] ] } },
{ "type": "Feature", "properties": { "label": "T26", "land_cover_score": 3.0, "slope_score": 2, "erosion_score": null, "elevation_score": 1, "CVI_equal": 1.4142135623730951, "CVI_equal_norm": 0.15352104509697714, "CVI_equal_class": 1, "CVI_equal_label": "Very Low Vulnerability", "CVI_equal_color": "green" }, "geometry": { "type": "LineString", "coordinates": [ [ 14.50732701327728, 35.900968720219304 ], [ 14.504234115221983, 35.902450313328949 ] ] } },
{ "type": "Feature", "properties": { "label": "T27", "land_cover_score": 5.0, "slope_score": 2, "erosion_score": null, "elevation_score": 1, "CVI_equal": 1.8257418583505538, "CVI_equal_norm": 0.22262771413549029, "CVI_equal_class": 1, "CVI_equal_label": "Very Low Vulnerability", "CVI_equal_color": "green" }, "geometry": { "type": "LineString", "coordinates": [ [ 14.507626881620038, 35.901442996912991 ], [ 14.504342145936951, 35.902622971554734 ] ] } },
{ "type": "Feature", "properties": { "label": "T28", "land_cover_score": 5.0, "slope_score": 2, "erosion_score": null, "elevation_score": 1, "CVI_equal": 1.8257418583505538, "CVI_equal_norm": 0.22262771413549029, "CVI_equal_class": 1, "CVI_equal_label": "Very Low Vulnerability", "CVI_equal_color": "green" }, "geometry": { "type": "LineString", "coordinates": [ [ 14.507873140210384, 35.902044095411959 ], [ 14.504375225079157, 35.902710142129514 ] ] } },
{ "type": "Feature", "properties": { "label": "T29", "land_cover_score": 5.0, "slope_score": 2, "erosion_score": null, "elevation_score": 1, "CVI_equal": 1.8257418583505538, "CVI_equal_norm": 0.22262771413549029, "CVI_equal_class": 1, "CVI_equal_label": "Very Low Vulnerability", "CVI_equal_color": "green" }, "geometry": { "type": "LineString", "coordinates": [ [ 14.50776456676774, 35.901613036718814 ], [ 14.504501487878478, 35.902831796693093 ] ] } },
{ "type": "Feature", "properties": { "label": "T30", "land_cover_score": 5.0, "slope_score": 2, "erosion_score": null, "elevation_score": 1, "CVI_equal": 1.8257418583505538, "CVI_equal_norm": 0.22262771413549029, "CVI_equal_class": 1, "CVI_equal_label": "Very Low Vulnerability", "CVI_equal_color": "green" }, "geometry": { "type": "LineString", "coordinates": [ [ 14.507912781683867, 35.901874054410726 ], [ 14.504733279866931, 35.903230024698424 ] ] } },
{ "type": "Feature", "properties": { "label": "T31", "land_cover_score": 3.0, "slope_score": 2, "erosion_score": null, "elevation_score": 1, "CVI_equal": 1.4142135623730951, "CVI_equal_norm": 0.15352104509697714, "CVI_equal_class": 1, "CVI_equal_label": "Very Low Vulnerability", "CVI_equal_color": "green" }, "geometry": { "type": "LineString", "coordinates": [ [ 14.507902902386036, 35.901921201976691 ], [ 14.505177481912686, 35.90381801635138 ] ] } },
{ "type": "Feature", "properties": { "label": "T32", "land_cover_score": 1.0, "slope_score": 2, "erosion_score": null, "elevation_score": 1, "CVI_equal": 0.81649658092772603, "CVI_equal_norm": 0.053148288182816451, "CVI_equal_class": 1, "CVI_equal_label": "Very Low Vulnerability", "CVI_equal_color": "green" }, "geometry": { "type": "LineString", "coordinates": [ [ 14.507986720664956, 35.902022133594876 ], [ 14.505689637973777, 35.904260302348398 ] ] } },
{ "type": "Feature", "properties": { "label": "T33", "land_cover_score": 1.0, "slope_score": 2, "erosion_score": null, "elevation_score": 3, "CVI_equal": 1.4142135623730951, "CVI_equal_norm": 0.15352104509697714, "CVI_equal_class": 1, "CVI_equal_label": "Very Low Vulnerability", "CVI_equal_color": "green" }, "geometry": { "type": "LineString", "coordinates": [ [ 14.507927302829041, 35.902038409233164 ], [ 14.50645264357637, 35.904692577461681 ] ] } },
{ "type": "Feature", "properties": { "label": "T34", "land_cover_score": 3.0, "slope_score": 3, "erosion_score": null, "elevation_score": 4, "CVI_equal": 3.4641016151377544, "CVI_equal_norm": 0.49775238134552741, "CVI_equal_class": 2, "CVI_equal_label": "Low Vulnerability", "CVI_equal_color": "lightgreen" }, "geometry": { "type": "LineString", "coordinates": [ [ 14.508316396086592, 35.902179868573469 ], [ 14.50688319415074, 35.904848890460784 ] ] } },
{ "type": "Feature", "properties": { "label": "T35", "land_cover_score": null, "slope_score": 5, "erosion_score": null, "elevation_score": 5, "CVI_equal": 3.5355339059327378, "CVI_equal_norm": 0.50974778415715361, "CVI_equal_class": 2, "CVI_equal_label": "Low Vulnerability", "CVI_equal_color": "lightgreen" }, "geometry": { "type": "LineString", "coordinates": [ [ 14.508751225391414, 35.902333790579362 ], [ 14.507271613461334, 35.90498613985897 ] ] } },
{ "type": "Feature", "properties": { "label": "T36", "land_cover_score": null, "slope_score": 5, "erosion_score": null, "elevation_score": 5, "CVI_equal": 3.5355339059327378, "CVI_equal_norm": 0.50974778415715361, "CVI_equal_class": 2, "CVI_equal_label": "Low Vulnerability", "CVI_equal_color": "lightgreen" }, "geometry": { "type": "LineString", "coordinates": [ [ 14.508771517120964, 35.905149820959345 ], [ 14.507395453521919, 35.902461151925259 ] ] } },
{ "type": "Feature", "properties": { "label": "T37", "land_cover_score": 3.0, "slope_score": 3, "erosion_score": null, "elevation_score": 5, "CVI_equal": 3.872983346207417, "CVI_equal_norm": 0.5664146209560772, "CVI_equal_class": 2, "CVI_equal_label": "Low Vulnerability", "CVI_equal_color": "lightgreen" }, "geometry": { "type": "LineString", "coordinates": [ [ 14.508850284365492, 35.905099411977012 ], [ 14.506544439523109, 35.902867186365164 ] ] } },
{ "type": "Feature", "properties": { "label": "T38", "land_cover_score": 1.0, "slope_score": 2, "erosion_score": null, "elevation_score": 2, "CVI_equal": 1.1547005383792515, "CVI_equal_norm": 0.10994182870863768, "CVI_equal_class": 1, "CVI_equal_label": "Very Low Vulnerability", "CVI_equal_color": "green" }, "geometry": { "type": "LineString", "coordinates": [ [ 14.508614354995617, 35.905268855203559 ], [ 14.506110181362665, 35.903181534752356 ] ] } },
{ "type": "Feature", "properties": { "label": "T39", "land_cover_score": 1.0, "slope_score": 3, "erosion_score": null, "elevation_score": 1, "CVI_equal": 1.0, "CVI_equal_norm": 0.083963447609807187, "CVI_equal_class": 1, "CVI_equal_label": "Very Low Vulnerability", "CVI_equal_color": "green" }, "geometry": { "type": "LineString", "coordinates": [ [ 14.508292237004225, 35.905522398532291 ], [ 14.505788063371693, 35.903435084768184 ] ] } },
{ "type": "Feature", "properties": { "label": "T40", "land_cover_score": 1.0, "slope_score": 2, "erosion_score": null, "elevation_score": 1, "CVI_equal": 0.81649658092772603, "CVI_equal_norm": 0.053148288182816451, "CVI_equal_class": 1, "CVI_equal_label": "Very Low Vulnerability", "CVI_equal_color": "green" }, "geometry": { "type": "LineString", "coordinates": [ [ 14.507741610753783, 35.905900003937468 ], [ 14.50565775953217, 35.903528909681675 ] ] } },
{ "type": "Feature", "properties": { "label": "T41", "land_cover_score": 1.0, "slope_score": 3, "erosion_score": null, "elevation_score": 1, "CVI_equal": 1.0, "CVI_equal_norm": 0.083963447609807187, "CVI_equal_class": 1, "CVI_equal_label": "Very Low Vulnerability", "CVI_equal_color": "green" }, "geometry": { "type": "LineString", "coordinates": [ [ 14.507368687931011, 35.906114180347785 ], [ 14.505297888744012, 35.90373560190686 ] ] } },
{ "type": "Feature", "properties": { "label": "T42", "land_cover_score": 1.0, "slope_score": 3, "erosion_score": null, "elevation_score": 1, "CVI_equal": 1.0, "CVI_equal_norm": 0.083963447609807187, "CVI_equal_class": 1, "CVI_equal_label": "Very Low Vulnerability", "CVI_equal_color": "green" }, "geometry": { "type": "LineString", "coordinates": [ [ 14.506745321638226, 35.906419493689015 ], [ 14.505157124991163, 35.903808718745815 ] ] } },
{ "type": "Feature", "properties": { "label": "T43", "land_cover_score": 1.0, "slope_score": 3, "erosion_score": null, "elevation_score": 1, "CVI_equal": 1.0, "CVI_equal_norm": 0.083963447609807187, "CVI_equal_class": 1, "CVI_equal_label": "Very Low Vulnerability", "CVI_equal_color": "green" }, "geometry": { "type": "LineString", "coordinates": [ [ 14.505832041089464, 35.90666557009876 ], [ 14.50522943901513, 35.903796291271647 ] ] } },
{ "type": "Feature", "properties": { "label": "T44", "land_cover_score": 1.0, "slope_score": 3, "erosion_score": null, "elevation_score": 1, "CVI_equal": 1.0, "CVI_equal_norm": 0.083963447609807187, "CVI_equal_class": 1, "CVI_equal_label": "Very Low Vulnerability", "CVI_equal_color": "green" }, "geometry": { "type": "LineString", "coordinates": [ [ 14.505353030525434, 35.906728015180889 ], [ 14.504821604634413, 35.903849525134895 ] ] } },
{ "type": "Feature", "properties": { "label": "T45", "land_cover_score": 1.0, "slope_score": 3, "erosion_score": null, "elevation_score": 1, "CVI_equal": 1.0, "CVI_equal_norm": 0.083963447609807187, "CVI_equal_class": 1, "CVI_equal_label": "Very Low Vulnerability", "CVI_equal_color": "green" }, "geometry": { "type": "LineString", "coordinates": [ [ 14.504638359961891, 35.906773842757531 ], [ 14.504643478447838, 35.903863350163547 ] ] } },
{ "type": "Feature", "properties": { "label": "T46", "land_cover_score": 1.0, "slope_score": 3, "erosion_score": null, "elevation_score": 1, "CVI_equal": 1.0, "CVI_equal_norm": 0.083963447609807187, "CVI_equal_class": 1, "CVI_equal_label": "Very Low Vulnerability", "CVI_equal_color": "green" }, "geometry": { "type": "LineString", "coordinates": [ [ 14.504189202777201, 35.906773324528707 ], [ 14.504194321259799, 35.903862831915653 ] ] } },
{ "type": "Feature", "properties": { "label": "T47", "land_cover_score": 3.0, "slope_score": 3, "erosion_score": null, "elevation_score": 1, "CVI_equal": 1.7320508075688772, "CVI_equal_norm": 0.20689446686786012, "CVI_equal_class": 1, "CVI_equal_label": "Very Low Vulnerability", "CVI_equal_color": "green" }, "geometry": { "type": "LineString", "coordinates": [ [ 14.503740045590837, 35.906772806299884 ], [ 14.503745164073433, 35.903862313667759 ] ] } },
{ "type": "Feature", "properties": { "label": "T48", "land_cover_score": 3.0, "slope_score": 3, "erosion_score": null, "elevation_score": 2, "CVI_equal": 2.4494897427831779, "CVI_equal_norm": 0.32737175976806371, "CVI_equal_class": 1, "CVI_equal_label": "Very Low Vulnerability", "CVI_equal_color": "green" }, "geometry": { "type": "LineString", "coordinates": [ [ 14.50326361320093, 35.906769654609825 ], [ 14.503323336319554, 35.903859560960996 ] ] } },
{ "type": "Feature", "properties": { "label": "T49", "land_cover_score": 5.0, "slope_score": 3, "erosion_score": null, "elevation_score": 2, "CVI_equal": 3.1622776601683795, "CVI_equal_norm": 0.44706802168461557, "CVI_equal_class": 2, "CVI_equal_label": "Low Vulnerability", "CVI_equal_color": "lightgreen" }, "geometry": { "type": "LineString", "coordinates": [ [ 14.502737458606603, 35.906754316298752 ], [ 14.502951950220996, 35.903849010130848 ] ] } },
{ "type": "Feature", "properties": { "label": "T50", "land_cover_score": 5.0, "slope_score": 3, "erosion_score": null, "elevation_score": 2, "CVI_equal": 3.1622776601683795, "CVI_equal_norm": 0.44706802168461557, "CVI_equal_class": 2, "CVI_equal_label": "Low Vulnerability", "CVI_equal_color": "lightgreen" }, "geometry": { "type": "LineString", "coordinates": [ [ 14.502672975256152, 35.906752100409619 ], [ 14.502123659510248, 35.903875815509217 ] ] } },
{ "type": "Feature", "properties": { "label": "T51", "land_cover_score": 5.0, "slope_score": 3, "erosion_score": null, "elevation_score": 2, "CVI_equal": 3.1622776601683795, "CVI_equal_norm": 0.44706802168461557, "CVI_equal_class": 2, "CVI_equal_label": "Low Vulnerability", "CVI_equal_color": "lightgreen" }, "geometry": { "type": "LineString", "coordinates": [ [ 14.501559494971264, 35.9067091865954 ], [ 14.502356261074436, 35.9038711437437 ] ] } },
{ "type": "Feature", "properties": { "label": "T52", "land_cover_score": 5.0, "slope_score": 3, "erosion_score": null, "elevation_score": 2, "CVI_equal": 3.1622776601683795, "CVI_equal_norm": 0.44706802168461557, "CVI_equal_class": 2, "CVI_equal_label": "Low Vulnerability", "CVI_equal_color": "lightgreen" }, "geometry": { "type": "LineString", "coordinates": [ [ 14.501537327392436, 35.906718128178987 ], [ 14.501488547464504, 35.903807898789871 ] ] } },
{ "type": "Feature", "properties": { "label": "T53", "land_cover_score": 5.0, "slope_score": 3, "erosion_score": null, "elevation_score": 2, "CVI_equal": 3.1622776601683795, "CVI_equal_norm": 0.44706802168461557, "CVI_equal_class": 2, "CVI_equal_label": "Low Vulnerability", "CVI_equal_color": "lightgreen" }, "geometry": { "type": "LineString", "coordinates": [ [ 14.501375149286197, 35.906737963336717 ], [ 14.500760800135367, 35.903870322025135 ] ] } },
{ "type": "Feature", "properties": { "label": "T54", "land_cover_score": 5.0, "slope_score": 3, "erosion_score": null, "elevation_score": 3, "CVI_equal": 3.872983346207417, "CVI_equal_norm": 0.5664146209560772, "CVI_equal_class": 2, "CVI_equal_label": "Low Vulnerability", "CVI_equal_color": "lightgreen" }, "geometry": { "type": "LineString", "coordinates": [ [ 14.501092776849562, 35.906792462460764 ], [ 14.500168810930351, 35.903979836036065 ] ] } },
{ "type": "Feature", "properties": { "label": "T55", "land_cover_score": 5.0, "slope_score": 4, "erosion_score": null, "elevation_score": 3, "CVI_equal": 4.4721359549995796, "CVI_equal_norm": 0.66702845831327728, "CVI_equal_class": 2, "CVI_equal_label": "Low Vulnerability", "CVI_equal_color": "lightgreen" }, "geometry": { "type": "LineString", "coordinates": [ [ 14.500628590011694, 35.906888340252721 ], [ 14.499762537234353, 35.904063652300593 ] ] } },
{ "type": "Feature", "properties": { "label": "T56", "land_cover_score": 5.0, "slope_score": 4, "erosion_score": null, "elevation_score": 3, "CVI_equal": 4.4721359549995796, "CVI_equal_norm": 0.66702845831327728, "CVI_equal_class": 2, "CVI_equal_label": "Low Vulnerability", "CVI_equal_color": "lightgreen" }, "geometry": { "type": "LineString", "coordinates": [ [ 14.499559451619481, 35.906908918699692 ], [ 14.499942667697423, 35.904015027591242 ] ] } },
{ "type": "Feature", "properties": { "label": "T57", "land_cover_score": 5.0, "slope_score": 4, "erosion_score": null, "elevation_score": 3, "CVI_equal": 4.4721359549995796, "CVI_equal_norm": 0.66702845831327728, "CVI_equal_class": 2, "CVI_equal_label": "Low Vulnerability", "CVI_equal_color": "lightgreen" }, "geometry": { "type": "LineString", "coordinates": [ [ 14.499805442592962, 35.906716447494347 ], [ 14.498903432943059, 35.903899146240931 ] ] } },
{ "type": "Feature", "properties": { "label": "T58", "land_cover_score": 5.0, "slope_score": 3, "erosion_score": 1.0, "elevation_score": 3, "CVI_equal": 3.3541019662496847, "CVI_equal_norm": 0.47928048183250616, "CVI_equal_class": 2, "CVI_equal_label": "Low Vulnerability", "CVI_equal_color": "lightgreen" }, "geometry": { "type": "LineString", "coordinates": [ [ 14.497926000536888, 35.90648308697714 ], [ 14.49996329922455, 35.904085614162867 ] ] } },
{ "type": "Feature", "properties": { "label": "T59", "land_cover_score": 5.0, "slope_score": 3, "erosion_score": 1.0, "elevation_score": 3, "CVI_equal": 3.3541019662496847, "CVI_equal_norm": 0.47928048183250616, "CVI_equal_class": 2, "CVI_equal_label": "Low Vulnerability", "CVI_equal_color": "lightgreen" }, "geometry": { "type": "LineString", "coordinates": [ [ 14.497649877399363, 35.90633687490628 ], [ 14.499486710294503, 35.9038353875303 ] ] } },
{ "type": "Feature", "properties": { "label": "T60", "land_cover_score": 5.0, "slope_score": 3, "erosion_score": 1.0, "elevation_score": 2, "CVI_equal": 2.7386127875258306, "CVI_equal_norm": 0.37592329500813898, "CVI_equal_class": 2, "CVI_equal_label": "Low Vulnerability", "CVI_equal_color": "lightgreen" }, "geometry": { "type": "LineString", "coordinates": [ [ 14.497008327744366, 35.905965047986172 ], [ 14.499396646493391, 35.903790486595263 ] ] } },
{ "type": "Feature", "properties": { "label": "T61", "land_cover_score": 5.0, "slope_score": 3, "erosion_score": 1.0, "elevation_score": 2, "CVI_equal": 2.7386127875258306, "CVI_equal_norm": 0.37592329500813898, "CVI_equal_class": 2, "CVI_equal_label": "Low Vulnerability", "CVI_equal_color": "lightgreen" }, "geometry": { "type": "LineString", "coordinates": [ [ 14.496862025824088, 35.905881057994563 ], [ 14.498823259974074, 35.903442305463223 ] ] } },
{ "type": "Feature", "properties": { "label": "T62", "land_cover_score": 5.0, "slope_score": 3, "erosion_score": 1.0, "elevation_score": 2, "CVI_equal": 2.7386127875258306, "CVI_equal_norm": 0.37592329500813898, "CVI_equal_class": 2, "CVI_equal_label": "Low Vulnerability", "CVI_equal_color": "lightgreen" }, "geometry": { "type": "LineString", "coordinates": [ [ 14.496817812244362, 35.905883778936484 ], [ 14.498048778670139, 35.903149369828931 ] ] } },
{ "type": "Feature", "properties": { "label": "T63", "land_cover_score": 5.0, "slope_score": 3, "erosion_score": 1.0, "elevation_score": 2, "CVI_equal": 2.7386127875258306, "CVI_equal_norm": 0.37592329500813898, "CVI_equal_class": 2, "CVI_equal_label": "Low Vulnerability", "CVI_equal_color": "lightgreen" }, "geometry": { "type": "LineString", "coordinates": [ [ 14.496516603036202, 35.90581143706423 ], [ 14.497491074076773, 35.903009981088431 ] ] } },
{ "type": "Feature", "properties": { "label": "T64", "land_cover_score": 5.0, "slope_score": 3, "erosion_score": 1.0, "elevation_score": 2, "CVI_equal": 2.7386127875258306, "CVI_equal_norm": 0.37592329500813898, "CVI_equal_class": 2, "CVI_equal_label": "Low Vulnerability", "CVI_equal_color": "lightgreen" }, "geometry": { "type": "LineString", "coordinates": [ [ 14.496821629552713, 35.905865166757899 ], [ 14.496303241581414, 35.902985085854446 ] ] } },
{ "type": "Feature", "properties": { "label": "T65", "land_cover_score": 5.0, "slope_score": 4, "erosion_score": 1.0, "elevation_score": 5, "CVI_equal": 5.0, "CVI_equal_norm": 0.75567102848826473, "CVI_equal_class": 3, "CVI_equal_label": "Moderate Vulnerability", "CVI_equal_color": "yellow" }, "geometry": { "type": "LineString", "coordinates": [ [ 14.495354228913431, 35.903032316840694 ], [ 14.497278439213558, 35.905490355959031 ] ] } },
{ "type": "Feature", "properties": { "label": "T66", "land_cover_score": 5.0, "slope_score": 5, "erosion_score": 1.0, "elevation_score": 4, "CVI_equal": 5.0, "CVI_equal_norm": 0.75567102848826473, "CVI_equal_class": 3, "CVI_equal_label": "Moderate Vulnerability", "CVI_equal_color": "yellow" }, "geometry": { "type": "LineString", "coordinates": [ [ 14.495733556861694, 35.902837487757097 ], [ 14.497657767162195, 35.905295532926502 ] ] } },
{ "type": "Feature", "properties": { "label": "T67", "land_cover_score": 5.0, "slope_score": 5, "erosion_score": null, "elevation_score": 5, "CVI_equal": 6.4549722436790278, "CVI_equal_norm": 1.0, "CVI_equal_class": 3, "CVI_equal_label": "Moderate Vulnerability", "CVI_equal_color": "yellow" }, "geometry": { "type": "LineString", "coordinates": [ [ 14.496112884811525, 35.902642658193066 ], [ 14.498037095109263, 35.905100709415152 ] ] } },
{ "type": "Feature", "properties": { "label": "T68", "land_cover_score": 5.0, "slope_score": 5, "erosion_score": null, "elevation_score": 4, "CVI_equal": 5.7735026918962582, "CVI_equal_norm": 0.88556293398241726, "CVI_equal_class": 3, "CVI_equal_label": "Moderate Vulnerability", "CVI_equal_color": "yellow" }, "geometry": { "type": "LineString", "coordinates": [ [ 14.496492212758783, 35.902447828150748 ], [ 14.498416423058909, 35.904905885422842 ] ] } },
{ "type": "Feature", "properties": { "label": "T69", "land_cover_score": 5.0, "slope_score": 4, "erosion_score": null, "elevation_score": 4, "CVI_equal": 5.1639777949432224, "CVI_equal_norm": 0.7832073104780386, "CVI_equal_class": 3, "CVI_equal_label": "Moderate Vulnerability", "CVI_equal_color": "yellow" }, "geometry": { "type": "LineString", "coordinates": [ [ 14.496871540707232, 35.902252997628189 ], [ 14.498795751007359, 35.904711060951513 ] ] } },
{ "type": "Feature", "properties": { "label": "T70", "land_cover_score": 5.0, "slope_score": 4, "erosion_score": null, "elevation_score": 3, "CVI_equal": 4.4721359549995796, "CVI_equal_norm": 0.66702845831327728, "CVI_equal_class": 2, "CVI_equal_label": "Low Vulnerability", "CVI_equal_color": "lightgreen" }, "geometry": { "type": "LineString", "coordinates": [ [ 14.497250868655499, 35.902058166626119 ], [ 14.499175078956, 35.904516236000468 ] ] } },
{ "type": "Feature", "properties": { "label": "T71", "land_cover_score": 5.0, "slope_score": 4, "erosion_score": null, "elevation_score": 3, "CVI_equal": 4.4721359549995796, "CVI_equal_norm": 0.66702845831327728, "CVI_equal_class": 2, "CVI_equal_label": "Low Vulnerability", "CVI_equal_color": "lightgreen" }, "geometry": { "type": "LineString", "coordinates": [ [ 14.49763019660395, 35.901863335144327 ], [ 14.499554406904451, 35.904321410569871 ] ] } },
{ "type": "Feature", "properties": { "label": "T72", "land_cover_score": 5.0, "slope_score": 5, "erosion_score": null, "elevation_score": 3, "CVI_equal": 5.0, "CVI_equal_norm": 0.75567102848826473, "CVI_equal_class": 3, "CVI_equal_label": "Moderate Vulnerability", "CVI_equal_color": "yellow" }, "geometry": { "type": "LineString", "coordinates": [ [ 14.498009524552588, 35.901668503182833 ], [ 14.499933734852714, 35.904126584659757 ] ] } },
{ "type": "Feature", "properties": { "label": "T73", "land_cover_score": 3.0, "slope_score": 4, "erosion_score": null, "elevation_score": 3, "CVI_equal": 3.4641016151377544, "CVI_equal_norm": 0.49775238134552741, "CVI_equal_class": 2, "CVI_equal_label": "Low Vulnerability", "CVI_equal_color": "lightgreen" }, "geometry": { "type": "LineString", "coordinates": [ [ 14.498388852500851, 35.901473670741922 ], [ 14.500313062801352, 35.90393175826982 ] ] } },
{ "type": "Feature", "properties": { "label": "T74", "land_cover_score": 3.0, "slope_score": 4, "erosion_score": null, "elevation_score": 3, "CVI_equal": 3.4641016151377544, "CVI_equal_norm": 0.49775238134552741, "CVI_equal_class": 2, "CVI_equal_label": "Low Vulnerability", "CVI_equal_color": "lightgreen" }, "geometry": { "type": "LineString", "coordinates": [ [ 14.498768180449488, 35.901278837821188 ], [ 14.500692390749615, 35.903736931400438 ] ] } },
{ "type": "Feature", "properties": { "label": "T75", "land_cover_score": 3.0, "slope_score": 4, "erosion_score": null, "elevation_score": 2, "CVI_equal": 2.8284271247461903, "CVI_equal_norm": 0.39100553780376146, "CVI_equal_class": 2, "CVI_equal_label": "Low Vulnerability", "CVI_equal_color": "lightgreen" }, "geometry": { "type": "LineString", "coordinates": [ [ 14.499147508397938, 35.901084004420959 ], [ 14.501071718698064, 35.903542104051354 ] ] } },
{ "type": "Feature", "properties": { "label": "T76", "land_cover_score": 5.0, "slope_score": 4, "erosion_score": null, "elevation_score": 2, "CVI_equal": 3.6514837167011076, "CVI_equal_norm": 0.52921887588078775, "CVI_equal_class": 2, "CVI_equal_label": "Low Vulnerability", "CVI_equal_color": "lightgreen" }, "geometry": { "type": "LineString", "coordinates": [ [ 14.499526836346389, 35.900889170541099 ], [ 14.501451046646515, 35.903347276222632 ] ] } },
{ "type": "Feature", "properties": { "label": "T77", "land_cover_score": 5.0, "slope_score": 4, "erosion_score": null, "elevation_score": 2, "CVI_equal": 3.6514837167011076, "CVI_equal_norm": 0.52921887588078775, "CVI_equal_class": 2, "CVI_equal_label": "Low Vulnerability", "CVI_equal_color": "lightgreen" }, "geometry": { "type": "LineString", "coordinates": [ [ 14.499906164295847, 35.900694336181111 ], [ 14.501830374593963, 35.903152447914813 ] ] } },
{ "type": "Feature", "properties": { "label": "T78", "land_cover_score": 5.0, "slope_score": 3, "erosion_score": null, "elevation_score": 2, "CVI_equal": 3.1622776601683795, "CVI_equal_norm": 0.44706802168461557, "CVI_equal_class": 2, "CVI_equal_label": "Low Vulnerability", "CVI_equal_color": "lightgreen" }, "geometry": { "type": "LineString", "coordinates": [ [ 14.500285492244295, 35.900499501342047 ], [ 14.502209702542414, 35.902957619126852 ] ] } },
{ "type": "Feature", "properties": { "label": "T79", "land_cover_score": 5.0, "slope_score": 3, "erosion_score": null, "elevation_score": 2, "CVI_equal": 3.1622776601683795, "CVI_equal_norm": 0.44706802168461557, "CVI_equal_class": 2, "CVI_equal_label": "Low Vulnerability", "CVI_equal_color": "lightgreen" }, "geometry": { "type": "LineString", "coordinates": [ [ 14.500664820191552, 35.900304666023999 ], [ 14.502589030492057, 35.902762789858656 ] ] } },
{ "type": "Feature", "properties": { "label": "T80", "land_cover_score": 5.0, "slope_score": 3, "erosion_score": null, "elevation_score": 2, "CVI_equal": 3.1622776601683795, "CVI_equal_norm": 0.44706802168461557, "CVI_equal_class": 2, "CVI_equal_label": "Low Vulnerability", "CVI_equal_color": "lightgreen" }, "geometry": { "type": "LineString", "coordinates": [ [ 14.501044148141389, 35.900109830224999 ], [ 14.502968358439128, 35.902567960112158 ] ] } },
{ "type": "Feature", "properties": { "label": "T81", "land_cover_score": 5.0, "slope_score": 3, "erosion_score": null, "elevation_score": 2, "CVI_equal": 3.1622776601683795, "CVI_equal_norm": 0.44706802168461557, "CVI_equal_class": 2, "CVI_equal_label": "Low Vulnerability", "CVI_equal_color": "lightgreen" }, "geometry": { "type": "LineString", "coordinates": [ [ 14.501423476089837, 35.899914993947114 ], [ 14.503347686387574, 35.902373129885326 ] ] } },
{ "type": "Feature", "properties": { "label": "T82", "land_cover_score": 5.0, "slope_score": 3, "erosion_score": null, "elevation_score": 2, "CVI_equal": 3.1622776601683795, "CVI_equal_norm": 0.44706802168461557, "CVI_equal_class": 2, "CVI_equal_label": "Low Vulnerability", "CVI_equal_color": "lightgreen" }, "geometry": { "type": "LineString", "coordinates": [ [ 14.501802804037094, 35.899720157190238 ], [ 14.503727014337221, 35.902178299178281 ] ] } },
{ "type": "Feature", "properties": { "label": "T83", "land_cover_score": 3.0, "slope_score": 3, "erosion_score": null, "elevation_score": 2, "CVI_equal": 2.4494897427831779, "CVI_equal_norm": 0.32737175976806371, "CVI_equal_class": 1, "CVI_equal_label": "Very Low Vulnerability", "CVI_equal_color": "green" }, "geometry": { "type": "LineString", "coordinates": [ [ 14.502182131986741, 35.899525319952531 ], [ 14.504106342284478, 35.901983467992835 ] ] } },
{ "type": "Feature", "properties": { "label": "T84", "land_cover_score": 3.0, "slope_score": 3, "erosion_score": null, "elevation_score": 2, "CVI_equal": 2.4494897427831779, "CVI_equal_norm": 0.32737175976806371, "CVI_equal_class": 1, "CVI_equal_label": "Very Low Vulnerability", "CVI_equal_color": "green" }, "geometry": { "type": "LineString", "coordinates": [ [ 14.502561459933998, 35.899330482236458 ], [ 14.504485670234125, 35.901788636326557 ] ] } },
{ "type": "Feature", "properties": { "label": "T85", "land_cover_score": 1.0, "slope_score": 3, "erosion_score": null, "elevation_score": 3, "CVI_equal": 1.7320508075688772, "CVI_equal_norm": 0.20689446686786012, "CVI_equal_class": 1, "CVI_equal_label": "Very Low Vulnerability", "CVI_equal_color": "green" }, "geometry": { "type": "LineString", "coordinates": [ [ 14.502940787882261, 35.89913564404025 ], [ 14.504864998182763, 35.901593804181168 ] ] } },
{ "type": "Feature", "properties": { "label": "T86", "land_cover_score": 3.0, "slope_score": 4, "erosion_score": null, "elevation_score": 5, "CVI_equal": 4.4721359549995796, "CVI_equal_norm": 0.66702845831327728, "CVI_equal_class": 2, "CVI_equal_label": "Low Vulnerability", "CVI_equal_color": "lightgreen" }, "geometry": { "type": "LineString", "coordinates": [ [ 14.503320115831901, 35.898940805363736 ], [ 14.50524432613002, 35.90139897155688 ] ] } },
{ "type": "Feature", "properties": { "label": "T87", "land_cover_score": null, "slope_score": 5, "erosion_score": null, "elevation_score": 5, "CVI_equal": 3.5355339059327378, "CVI_equal_norm": 0.50974778415715361, "CVI_equal_class": 2, "CVI_equal_label": "Low Vulnerability", "CVI_equal_color": "lightgreen" }, "geometry": { "type": "LineString", "coordinates": [ [ 14.50369944377935, 35.898745966208764 ], [ 14.505623654079477, 35.901204138451853 ] ] } },
{ "type": "Feature", "properties": { "label": "T88", "land_cover_score": null, "slope_score": 5, "erosion_score": null, "elevation_score": 5, "CVI_equal": 3.5355339059327378, "CVI_equal_norm": 0.50974778415715361, "CVI_equal_class": 2, "CVI_equal_label": "Low Vulnerability", "CVI_equal_color": "lightgreen" }, "geometry": { "type": "LineString", "coordinates": [ [ 14.5040787717278, 35.898551126573672 ], [ 14.506002982027926, 35.901009304867735 ] ] } },
{ "type": "Feature", "properties": { "label": "T89", "land_cover_score": null, "slope_score": 5, "erosion_score": 1.0, "elevation_score": 5, "CVI_equal": 2.8867513459481291, "CVI_equal_norm": 0.40079974318630507, "CVI_equal_class": 2, "CVI_equal_label": "Low Vulnerability", "CVI_equal_color": "lightgreen" }, "geometry": { "type": "LineString", "coordinates": [ [ 14.504458099676251, 35.898356286458977 ], [ 14.506382309976381, 35.900814470804001 ] ] } },
{ "type": "Feature", "properties": { "label": "T90", "land_cover_score": 5.0, "slope_score": 2, "erosion_score": 1.0, "elevation_score": 3, "CVI_equal": 2.7386127875258306, "CVI_equal_norm": 0.37592329500813898, "CVI_equal_class": 2, "CVI_equal_label": "Low Vulnerability", "CVI_equal_color": "lightgreen" }, "geometry": { "type": "LineString", "coordinates": [ [ 14.504909251246056, 35.89812933464696 ], [ 14.506693029403108, 35.900656068696577 ] ] } },
{ "type": "Feature", "properties": { "label": "T91", "land_cover_score": 5.0, "slope_score": 1, "erosion_score": 1.0, "elevation_score": 1, "CVI_equal": 1.1180339887498949, "CVI_equal_norm": 0.10378452887096393, "CVI_equal_class": 1, "CVI_equal_label": "Very Low Vulnerability", "CVI_equal_color": "green" }, "geometry": { "type": "LineString", "coordinates": [ [ 14.506619142558392, 35.897842133532542 ], [ 14.505778818797607, 35.900672137868682 ] ] } },
{ "type": "Feature", "properties": { "label": "T92", "land_cover_score": 3.0, "slope_score": 1, "erosion_score": 1.0, "elevation_score": 1, "CVI_equal": 0.8660254037844386, "CVI_equal_norm": 0.061465509629026464, "CVI_equal_class": 1, "CVI_equal_label": "Very Low Vulnerability", "CVI_equal_color": "green" }, "geometry": { "type": "LineString", "coordinates": [ [ 14.507356298904137, 35.898021055916821 ], [ 14.505906359669231, 35.900684279996554 ] ] } },
{ "type": "Feature", "properties": { "label": "T93", "land_cover_score": 3.0, "slope_score": 1, "erosion_score": 1.0, "elevation_score": 1, "CVI_equal": 0.8660254037844386, "CVI_equal_norm": 0.061465509629026464, "CVI_equal_class": 1, "CVI_equal_label": "Very Low Vulnerability", "CVI_equal_color": "green" }, "geometry": { "type": "LineString", "coordinates": [ [ 14.507862789474851, 35.898208970382768 ], [ 14.506217816158442, 35.900796760775592 ] ] } },
{ "type": "Feature", "properties": { "label": "T94", "land_cover_score": 5.0, "slope_score": 1, "erosion_score": 1.0, "elevation_score": 1, "CVI_equal": 1.1180339887498949, "CVI_equal_norm": 0.10378452887096393, "CVI_equal_class": 1, "CVI_equal_label": "Very Low Vulnerability", "CVI_equal_color": "green" }, "geometry": { "type": "LineString", "coordinates": [ [ 14.508665745255183, 35.898630421037694 ], [ 14.506187500389837, 35.900738068130437 ] ] } },
{ "type": "Feature", "properties": { "label": "T95", "land_cover_score": 5.0, "slope_score": 1, "erosion_score": 1.0, "elevation_score": 1, "CVI_equal": 1.1180339887498949, "CVI_equal_norm": 0.10378452887096393, "CVI_equal_class": 1, "CVI_equal_label": "Very Low Vulnerability", "CVI_equal_color": "green" }, "geometry": { "type": "LineString", "coordinates": [ [ 14.509025543662831, 35.89891129899442 ], [ 14.506475075760186, 35.900961624537082 ] ] } },
{ "type": "Feature", "properties": { "label": "T96", "land_cover_score": 5.0, "slope_score": 1, "erosion_score": 1.0, "elevation_score": 1, "CVI_equal": 1.1180339887498949, "CVI_equal_norm": 0.10378452887096393, "CVI_equal_class": 1, "CVI_equal_label": "Very Low Vulnerability", "CVI_equal_color": "green" }, "geometry": { "type": "LineString", "coordinates": [ [ 14.509506229058227, 35.899339773160364 ], [ 14.506609420122244, 35.901061945433121 ] ] } },
{ "type": "Feature", "properties": { "label": "T97", "land_cover_score": 5.0, "slope_score": 1, "erosion_score": 1.0, "elevation_score": 1, "CVI_equal": 1.1180339887498949, "CVI_equal_norm": 0.10378452887096393, "CVI_equal_class": 1, "CVI_equal_label": "Very Low Vulnerability", "CVI_equal_color": "green" }, "geometry": { "type": "LineString", "coordinates": [ [ 14.508869685958997, 35.899065834941162 ], [ 14.507837327959408, 35.901853793622017 ] ] } },
{ "type": "Feature", "properties": { "label": "T98", "land_cover_score": 5.0, "slope_score": 1, "erosion_score": 1.0, "elevation_score": 1, "CVI_equal": 1.1180339887498949, "CVI_equal_norm": 0.10378452887096393, "CVI_equal_class": 1, "CVI_equal_label": "Very Low Vulnerability", "CVI_equal_color": "green" }, "geometry": { "type": "LineString", "coordinates": [ [ 14.50804359168507, 35.899169806216989 ], [ 14.509513184492491, 35.901825913772591 ] ] } },
{ "type": "Feature", "properties": { "label": "T99", "land_cover_score": 5.0, "slope_score": 1, "erosion_score": 1.0, "elevation_score": 1, "CVI_equal": 1.1180339887498949, "CVI_equal_norm": 0.10378452887096393, "CVI_equal_class": 1, "CVI_equal_label": "Very Low Vulnerability", "CVI_equal_color": "green" }, "geometry": { "type": "LineString", "coordinates": [ [ 14.508293198918318, 35.899076436805352 ], [ 14.510072892423221, 35.90160502985546 ] ] } },
{ "type": "Feature", "properties": { "label": "T100", "land_cover_score": 5.0, "slope_score": 1, "erosion_score": 1.0, "elevation_score": 1, "CVI_equal": 1.1180339887498949, "CVI_equal_norm": 0.10378452887096393, "CVI_equal_class": 1, "CVI_equal_label": "Very Low Vulnerability", "CVI_equal_color": "green" }, "geometry": { "type": "LineString", "coordinates": [ [ 14.509521302179257, 35.898751010280783 ], [ 14.509656735138586, 35.901659625685006 ] ] } },
{ "type": "Feature", "properties": { "label": "T101", "land_cover_score": 5.0, "slope_score": 1, "erosion_score": 1.0, "elevation_score": 1, "CVI_equal": 1.1180339887498949, "CVI_equal_norm": 0.10378452887096393, "CVI_equal_class": 1, "CVI_equal_label": "Very Low Vulnerability", "CVI_equal_color": "green" }, "geometry": { "type": "LineString", "coordinates": [ [ 14.511601060844459, 35.89971629100507 ], [ 14.508308320492764, 35.900881560876044 ] ] } },
{ "type": "Feature", "properties": { "label": "T102", "land_cover_score": 5.0, "slope_score": 1, "erosion_score": 1.0, "elevation_score": 1, "CVI_equal": 1.1180339887498949, "CVI_equal_norm": 0.10378452887096393, "CVI_equal_class": 1, "CVI_equal_label": "Very Low Vulnerability", "CVI_equal_color": "green" }, "geometry": { "type": "LineString", "coordinates": [ [ 14.511936146518316, 35.900714345030423 ], [ 14.508356552091643, 35.900460725817759 ] ] } },
{ "type": "Feature", "properties": { "label": "T103", "land_cover_score": 5.0, "slope_score": 2, "erosion_score": 1.0, "elevation_score": 1, "CVI_equal": 1.5811388300841898, "CVI_equal_norm": 0.1815522870374042, "CVI_equal_class": 1, "CVI_equal_label": "Very Low Vulnerability", "CVI_equal_color": "green" }, "geometry": { "type": "LineString", "coordinates": [ [ 14.511596692037863, 35.899870567507058 ], [ 14.509031869840019, 35.901909085262822 ] ] } },
{ "type": "Feature", "properties": { "label": "T104", "land_cover_score": 5.0, "slope_score": 2, "erosion_score": 1.0, "elevation_score": 1, "CVI_equal": 1.5811388300841898, "CVI_equal_norm": 0.1815522870374042, "CVI_equal_class": 1, "CVI_equal_label": "Very Low Vulnerability", "CVI_equal_color": "green" }, "geometry": { "type": "LineString", "coordinates": [ [ 14.511264466016582, 35.899683467091847 ], [ 14.510125606345987, 35.90244405905937 ] ] } },
{ "type": "Feature", "properties": { "label": "T105", "land_cover_score": 5.0, "slope_score": 1, "erosion_score": 1.0, "elevation_score": 1, "CVI_equal": 1.1180339887498949, "CVI_equal_norm": 0.10378452887096393, "CVI_equal_class": 1, "CVI_equal_label": "Very Low Vulnerability", "CVI_equal_color": "green" }, "geometry": { "type": "LineString", "coordinates": [ [ 14.512234175372008, 35.899980075896302 ], [ 14.510036346097936, 35.902282766699805 ] ] } },
{ "type": "Feature", "properties": { "label": "T106", "land_cover_score": 5.0, "slope_score": 1, "erosion_score": 1.0, "elevation_score": 1, "CVI_equal": 1.1180339887498949, "CVI_equal_norm": 0.10378452887096393, "CVI_equal_class": 1, "CVI_equal_label": "Very Low Vulnerability", "CVI_equal_color": "green" }, "geometry": { "type": "LineString", "coordinates": [ [ 14.512698511046377, 35.900369590749285 ], [ 14.510168267288279, 35.902436254697172 ] ] } },
{ "type": "Feature", "properties": { "label": "T107", "land_cover_score": 5.0, "slope_score": 1, "erosion_score": 1.0, "elevation_score": 1, "CVI_equal": 1.1180339887498949, "CVI_equal_norm": 0.10378452887096393, "CVI_equal_class": 1, "CVI_equal_label": "Very Low Vulnerability", "CVI_equal_color": "green" }, "geometry": { "type": "LineString", "coordinates": [ [ 14.513112694123055, 35.900702793684076 ], [ 14.51039817538469, 35.902609866656007 ] ] } },
{ "type": "Feature", "properties": { "label": "T108", "land_cover_score": 5.0, "slope_score": 1, "erosion_score": 1.0, "elevation_score": 1, "CVI_equal": 1.1180339887498949, "CVI_equal_norm": 0.10378452887096393, "CVI_equal_class": 1, "CVI_equal_label": "Very Low Vulnerability", "CVI_equal_color": "green" }, "geometry": { "type": "LineString", "coordinates": [ [ 14.513428746401333, 35.900999511950296 ], [ 14.510669320234809, 35.902863810823256 ] ] } },
{ "type": "Feature", "properties": { "label": "T109", "land_cover_score": 5.0, "slope_score": 1, "erosion_score": 1.0, "elevation_score": 1, "CVI_equal": 1.1180339887498949, "CVI_equal_norm": 0.10378452887096393, "CVI_equal_class": 1, "CVI_equal_label": "Very Low Vulnerability", "CVI_equal_color": "green" }, "geometry": { "type": "LineString", "coordinates": [ [ 14.513314535894787, 35.900976324927115 ], [ 14.511378124027967, 35.903428133085903 ] ] } },
{ "type": "Feature", "properties": { "label": "T110", "land_cover_score": 5.0, "slope_score": 1, "erosion_score": 1.0, "elevation_score": 1, "CVI_equal": 1.1180339887498949, "CVI_equal_norm": 0.10378452887096393, "CVI_equal_class": 1, "CVI_equal_label": "Very Low Vulnerability", "CVI_equal_color": "green" }, "geometry": { "type": "LineString", "coordinates": [ [ 14.51336100533201, 35.901027591699034 ], [ 14.512098486336296, 35.903752618956275 ] ] } },
{ "type": "Feature", "properties": { "label": "T111", "land_cover_score": 5.0, "slope_score": 1, "erosion_score": 1.0, "elevation_score": 1, "CVI_equal": 1.1180339887498949, "CVI_equal_norm": 0.10378452887096393, "CVI_equal_class": 1, "CVI_equal_label": "Very Low Vulnerability", "CVI_equal_color": "green" }, "geometry": { "type": "LineString", "coordinates": [ [ 14.513478335593994, 35.901079095287088 ], [ 14.512827414613758, 35.903941539391724 ] ] } },
{ "type": "Feature", "properties": { "label": "T112", "land_cover_score": 5.0, "slope_score": 1, "erosion_score": 1.0, "elevation_score": 1, "CVI_equal": 1.1180339887498949, "CVI_equal_norm": 0.10378452887096393, "CVI_equal_class": 1, "CVI_equal_label": "Very Low Vulnerability", "CVI_equal_color": "green" }, "geometry": { "type": "LineString", "coordinates": [ [ 14.513764472544432, 35.901123513067063 ], [ 14.513426063855482, 35.904021172908486 ] ] } },
{ "type": "Feature", "properties": { "label": "T113", "land_cover_score": 5.0, "slope_score": 1, "erosion_score": 1.0, "elevation_score": 1, "CVI_equal": 1.1180339887498949, "CVI_equal_norm": 0.10378452887096393, "CVI_equal_class": 1, "CVI_equal_label": "Very Low Vulnerability", "CVI_equal_color": "green" }, "geometry": { "type": "LineString", "coordinates": [ [ 14.512738580507472, 35.901553896321161 ], [ 14.515312490913104, 35.903584840933455 ] ] } },
{ "type": "Feature", "properties": { "label": "T114", "land_cover_score": 5.0, "slope_score": 1, "erosion_score": 1.0, "elevation_score": 1, "CVI_equal": 1.1180339887498949, "CVI_equal_norm": 0.10378452887096393, "CVI_equal_class": 1, "CVI_equal_label": "Very Low Vulnerability", "CVI_equal_color": "green" }, "geometry": { "type": "LineString", "coordinates": [ [ 14.51267445168491, 35.901689791366977 ], [ 14.515944991206812, 35.902895357731659 ] ] } },
{ "type": "Feature", "properties": { "label": "T115", "land_cover_score": 5.0, "slope_score": 2, "erosion_score": 1.0, "elevation_score": 1, "CVI_equal": 1.5811388300841898, "CVI_equal_norm": 0.1815522870374042, "CVI_equal_class": 1, "CVI_equal_label": "Very Low Vulnerability", "CVI_equal_color": "green" }, "geometry": { "type": "LineString", "coordinates": [ [ 14.513228202155064, 35.900969404153514 ], [ 14.515820579490862, 35.902984893897241 ] ] } },
{ "type": "Feature", "properties": { "label": "T116", "land_cover_score": 5.0, "slope_score": 1, "erosion_score": 1.0, "elevation_score": 1, "CVI_equal": 1.1180339887498949, "CVI_equal_norm": 0.10378452887096393, "CVI_equal_class": 1, "CVI_equal_label": "Very Low Vulnerability", "CVI_equal_color": "green" }, "geometry": { "type": "LineString", "coordinates": [ [ 14.514087952888181, 35.900431280325549 ], [ 14.51563623048164, 35.903057851878415 ] ] } },
{ "type": "Feature", "properties": { "label": "T117", "land_cover_score": 5.0, "slope_score": 1, "erosion_score": 1.0, "elevation_score": 1, "CVI_equal": 1.1180339887498949, "CVI_equal_norm": 0.10378452887096393, "CVI_equal_class": 1, "CVI_equal_label": "Very Low Vulnerability", "CVI_equal_color": "green" }, "geometry": { "type": "LineString", "coordinates": [ [ 14.515148818357554, 35.90017314667989 ], [ 14.515410106592043, 35.90307607269078 ] ] } },
{ "type": "Feature", "properties": { "label": "T118", "land_cover_score": 5.0, "slope_score": 2, "erosion_score": 1.0, "elevation_score": 1, "CVI_equal": 1.5811388300841898, "CVI_equal_norm": 0.1815522870374042, "CVI_equal_class": 1, "CVI_equal_label": "Very Low Vulnerability", "CVI_equal_color": "green" }, "geometry": { "type": "LineString", "coordinates": [ [ 14.516319635094513, 35.900289093513329 ], [ 14.515114506523329, 35.903031142499209 ] ] } },
{ "type": "Feature", "properties": { "label": "T119", "land_cover_score": 5.0, "slope_score": 2, "erosion_score": 1.0, "elevation_score": 1, "CVI_equal": 1.5811388300841898, "CVI_equal_norm": 0.1815522870374042, "CVI_equal_class": 1, "CVI_equal_label": "Very Low Vulnerability", "CVI_equal_color": "green" }, "geometry": { "type": "LineString", "coordinates": [ [ 14.517062213897612, 35.900577771079995 ], [ 14.515177229426314, 35.903055747843354 ] ] } },
{ "type": "Feature", "properties": { "label": "T120", "land_cover_score": 5.0, "slope_score": 3, "erosion_score": 1.0, "elevation_score": 1, "CVI_equal": 1.9364916731037085, "CVI_equal_norm": 0.24122558667313501, "CVI_equal_class": 1, "CVI_equal_label": "Very Low Vulnerability", "CVI_equal_color": "green" }, "geometry": { "type": "LineString", "coordinates": [ [ 14.517898474623117, 35.90121488270556 ], [ 14.514978379958762, 35.902911014771973 ] ] } },
{ "type": "Feature", "properties": { "label": "T121", "land_cover_score": 5.0, "slope_score": 2, "erosion_score": 1.0, "elevation_score": 1, "CVI_equal": 1.5811388300841898, "CVI_equal_norm": 0.1815522870374042, "CVI_equal_class": 1, "CVI_equal_label": "Very Low Vulnerability", "CVI_equal_color": "green" }, "geometry": { "type": "LineString", "coordinates": [ [ 14.518292635191997, 35.901796776531711 ], [ 14.51500346150932, 35.902968606431131 ] ] } },
{ "type": "Feature", "properties": { "label": "T122", "land_cover_score": 5.0, "slope_score": 2, "erosion_score": 1.0, "elevation_score": 1, "CVI_equal": 1.5811388300841898, "CVI_equal_norm": 0.1815522870374042, "CVI_equal_class": 1, "CVI_equal_label": "Very Low Vulnerability", "CVI_equal_color": "green" }, "geometry": { "type": "LineString", "coordinates": [ [ 14.518512199543368, 35.902284887711197 ], [ 14.515086946402139, 35.903164477061253 ] ] } },
{ "type": "Feature", "properties": { "label": "T123", "land_cover_score": 5.0, "slope_score": 2, "erosion_score": 1.0, "elevation_score": 2, "CVI_equal": 2.2360679774997898, "CVI_equal_norm": 0.29153250535173503, "CVI_equal_class": 1, "CVI_equal_label": "Very Low Vulnerability", "CVI_equal_color": "green" }, "geometry": { "type": "LineString", "coordinates": [ [ 14.5186659887293, 35.902790105660145 ], [ 14.515143680058824, 35.903365650340852 ] ] } },
{ "type": "Feature", "properties": { "label": "T124", "land_cover_score": 5.0, "slope_score": 2, "erosion_score": 1.0, "elevation_score": 2, "CVI_equal": 2.2360679774997898, "CVI_equal_norm": 0.29153250535173503, "CVI_equal_class": 1, "CVI_equal_label": "Very Low Vulnerability", "CVI_equal_color": "green" }, "geometry": { "type": "LineString", "coordinates": [ [ 14.51835596180908, 35.90224257063884 ], [ 14.516009865672389, 35.904447124291643 ] ] } },
{ "type": "Feature", "properties": { "label": "T125", "land_cover_score": 5.0, "slope_score": 1, "erosion_score": 1.0, "elevation_score": 2, "CVI_equal": 1.5811388300841898, "CVI_equal_norm": 0.1815522870374042, "CVI_equal_class": 1, "CVI_equal_label": "Very Low Vulnerability", "CVI_equal_color": "green" }, "geometry": { "type": "LineString", "coordinates": [ [ 14.518182355599444, 35.902119466462459 ], [ 14.516992155886099, 35.904865726943285 ] ] } },
{ "type": "Feature", "properties": { "label": "T126", "land_cover_score": 2.0, "slope_score": 2, "erosion_score": 1.0, "elevation_score": 2, "CVI_equal": 1.4142135623730951, "CVI_equal_norm": 0.15352104509697714, "CVI_equal_class": 1, "CVI_equal_label": "Very Low Vulnerability", "CVI_equal_color": "green" }, "geometry": { "type": "LineString", "coordinates": [ [ 14.518284687104801, 35.902119655736264 ], [ 14.517769670627056, 35.90500016495217 ] ] } },
{ "type": "Feature", "properties": { "label": "T127", "land_cover_score": 2.0, "slope_score": 2, "erosion_score": 1.0, "elevation_score": 2, "CVI_equal": 1.4142135623730951, "CVI_equal_norm": 0.15352104509697714, "CVI_equal_class": 1, "CVI_equal_label": "Very Low Vulnerability", "CVI_equal_color": "green" }, "geometry": { "type": "LineString", "coordinates": [ [ 14.518387526164917, 35.902104183246692 ], [ 14.518562258710553, 35.90501130026378 ] ] } },
{ "type": "Feature", "properties": { "label": "T128", "land_cover_score": 5.0, "slope_score": 2, "erosion_score": 1.0, "elevation_score": 1, "CVI_equal": 1.5811388300841898, "CVI_equal_norm": 0.1815522870374042, "CVI_equal_class": 1, "CVI_equal_label": "Very Low Vulnerability", "CVI_equal_color": "green" }, "geometry": { "type": "LineString", "coordinates": [ [ 14.518806102431016, 35.902083176858511 ], [ 14.51904027552807, 35.90498755063382 ] ] } },
{ "type": "Feature", "properties": { "label": "T129", "land_cover_score": 5.0, "slope_score": 2, "erosion_score": 1.0, "elevation_score": 1, "CVI_equal": 1.5811388300841898, "CVI_equal_norm": 0.1815522870374042, "CVI_equal_class": 1, "CVI_equal_label": "Very Low Vulnerability", "CVI_equal_color": "green" }, "geometry": { "type": "LineString", "coordinates": [ [ 14.519170509757387, 35.902052386156313 ], [ 14.519569438048482, 35.904944955638555 ] ] } },
{ "type": "Feature", "properties": { "label": "T130", "land_cover_score": 5.0, "slope_score": 2, "erosion_score": 1.0, "elevation_score": 1, "CVI_equal": 1.5811388300841898, "CVI_equal_norm": 0.1815522870374042, "CVI_equal_class": 1, "CVI_equal_label": "Very Low Vulnerability", "CVI_equal_color": "green" }, "geometry": { "type": "LineString", "coordinates": [ [ 14.519214460711135, 35.902021192146286 ], [ 14.520384293197097, 35.904773191839418 ] ] } },
{ "type": "Feature", "properties": { "label": "T131", "land_cover_score": 5.0, "slope_score": 2, "erosion_score": 1.0, "elevation_score": 2, "CVI_equal": 2.2360679774997898, "CVI_equal_norm": 0.29153250535173503, "CVI_equal_class": 1, "CVI_equal_label": "Very Low Vulnerability", "CVI_equal_color": "green" }, "geometry": { "type": "LineString", "coordinates": [ [ 14.519468027752394, 35.901928835109366 ], [ 14.520955360475682, 35.904578363226811 ] ] } },
{ "type": "Feature", "properties": { "label": "T132", "land_cover_score": 5.0, "slope_score": 2, "erosion_score": 1.0, "elevation_score": 1, "CVI_equal": 1.5811388300841898, "CVI_equal_norm": 0.1815522870374042, "CVI_equal_class": 1, "CVI_equal_label": "Very Low Vulnerability", "CVI_equal_color": "green" }, "geometry": { "type": "LineString", "coordinates": [ [ 14.519141706026087, 35.902070118366879 ], [ 14.521905480094167, 35.903930161435291 ] ] } },
{ "type": "Feature", "properties": { "label": "T133", "land_cover_score": 2.0, "slope_score": 1, "erosion_score": 1.0, "elevation_score": 3, "CVI_equal": 1.2247448713915889, "CVI_equal_norm": 0.12170415607912825, "CVI_equal_class": 1, "CVI_equal_label": "Very Low Vulnerability", "CVI_equal_color": "green" }, "geometry": { "type": "LineString", "coordinates": [ [ 14.51907519498929, 35.903422456930144 ], [ 14.522127604627432, 35.901886775233692 ] ] } },
{ "type": "Feature", "properties": { "label": "T134", "land_cover_score": 2.0, "slope_score": 2, "erosion_score": 1.0, "elevation_score": 2, "CVI_equal": 1.4142135623730951, "CVI_equal_norm": 0.15352104509697714, "CVI_equal_class": 1, "CVI_equal_label": "Very Low Vulnerability", "CVI_equal_color": "green" }, "geometry": { "type": "LineString", "coordinates": [ [ 14.519573460812175, 35.903678208732423 ], [ 14.521115326884717, 35.901049184247576 ] ] } },
{ "type": "Feature", "properties": { "label": "T135", "land_cover_score": 5.0, "slope_score": 1, "erosion_score": 1.0, "elevation_score": 2, "CVI_equal": 1.5811388300841898, "CVI_equal_norm": 0.1815522870374042, "CVI_equal_class": 1, "CVI_equal_label": "Very Low Vulnerability", "CVI_equal_color": "green" }, "geometry": { "type": "LineString", "coordinates": [ [ 14.518767727353046, 35.903283851939953 ], [ 14.521138056623917, 35.901096340355679 ] ] } },
{ "type": "Feature", "properties": { "label": "T136", "land_cover_score": 5.0, "slope_score": 2, "erosion_score": 1.0, "elevation_score": 1, "CVI_equal": 1.5811388300841898, "CVI_equal_norm": 0.1815522870374042, "CVI_equal_class": 1, "CVI_equal_label": "Very Low Vulnerability", "CVI_equal_color": "green" }, "geometry": { "type": "LineString", "coordinates": [ [ 14.518406034768404, 35.902721448673823 ], [ 14.521344488784829, 35.901046246134612 ] ] } },
{ "type": "Feature", "properties": { "label": "T137", "land_cover_score": 5.0, "slope_score": 1, "erosion_score": 1.0, "elevation_score": 1, "CVI_equal": 1.1180339887498949, "CVI_equal_norm": 0.10378452887096393, "CVI_equal_class": 1, "CVI_equal_label": "Very Low Vulnerability", "CVI_equal_color": "green" }, "geometry": { "type": "LineString", "coordinates": [ [ 14.518041483332063, 35.902255130825459 ], [ 14.521222967505022, 35.900902198130439 ] ] } },
{ "type": "Feature", "properties": { "label": "T138", "land_cover_score": 5.0, "slope_score": 2, "erosion_score": 1.0, "elevation_score": 1, "CVI_equal": 1.5811388300841898, "CVI_equal_norm": 0.1815522870374042, "CVI_equal_class": 1, "CVI_equal_label": "Very Low Vulnerability", "CVI_equal_color": "green" }, "geometry": { "type": "LineString", "coordinates": [ [ 14.517766954514761, 35.901768083199705 ], [ 14.521123467345296, 35.900729050361299 ] ] } },
{ "type": "Feature", "properties": { "label": "T139", "land_cover_score": 5.0, "slope_score": 2, "erosion_score": 1.0, "elevation_score": 1, "CVI_equal": 1.5811388300841898, "CVI_equal_norm": 0.1815522870374042, "CVI_equal_class": 1, "CVI_equal_label": "Very Low Vulnerability", "CVI_equal_color": "green" }, "geometry": { "type": "LineString", "coordinates": [ [ 14.517708680596762, 35.901673127007797 ], [ 14.52078801873777, 35.900173100869836 ] ] } },
{ "type": "Feature", "properties": { "label": "T140", "land_cover_score": 5.0, "slope_score": 2, "erosion_score": 1.0, "elevation_score": 1, "CVI_equal": 1.5811388300841898, "CVI_equal_norm": 0.1815522870374042, "CVI_equal_class": 1, "CVI_equal_label": "Very Low Vulnerability", "CVI_equal_color": "green" }, "geometry": { "type": "LineString", "coordinates": [ [ 14.517801884126211, 35.901289759527415 ], [ 14.520969356125008, 35.899915406751923 ] ] } },
{ "type": "Feature", "properties": { "label": "T141", "land_cover_score": 5.0, "slope_score": 2, "erosion_score": 1.0, "elevation_score": 1, "CVI_equal": 1.5811388300841898, "CVI_equal_norm": 0.1815522870374042, "CVI_equal_class": 1, "CVI_equal_label": "Very Low Vulnerability", "CVI_equal_color": "green" }, "geometry": { "type": "LineString", "coordinates": [ [ 14.517527802539069, 35.900059383898025 ], [ 14.521085830578869, 35.900465989615235 ] ] } },
{ "type": "Feature", "properties": { "label": "T142", "land_cover_score": 5.0, "slope_score": 2, "erosion_score": 1.0, "elevation_score": 1, "CVI_equal": 1.5811388300841898, "CVI_equal_norm": 0.1815522870374042, "CVI_equal_class": 1, "CVI_equal_label": "Very Low Vulnerability", "CVI_equal_color": "green" }, "geometry": { "type": "LineString", "coordinates": [ [ 14.517630532095747, 35.900652256239866 ], [ 14.520750406733695, 35.899208219056263 ] ] } },
{ "type": "Feature", "properties": { "label": "T143", "land_cover_score": 5.0, "slope_score": 2, "erosion_score": 1.0, "elevation_score": 1, "CVI_equal": 1.5811388300841898, "CVI_equal_norm": 0.1815522870374042, "CVI_equal_class": 1, "CVI_equal_label": "Very Low Vulnerability", "CVI_equal_color": "green" }, "geometry": { "type": "LineString", "coordinates": [ [ 14.517470166878713, 35.900462095339677 ], [ 14.520413853104026, 35.898792883318876 ] ] } },
{ "type": "Feature", "properties": { "label": "T144", "land_cover_score": 5.0, "slope_score": 1, "erosion_score": 1.0, "elevation_score": 1, "CVI_equal": 1.1180339887498949, "CVI_equal_norm": 0.10378452887096393, "CVI_equal_class": 1, "CVI_equal_label": "Very Low Vulnerability", "CVI_equal_color": "green" }, "geometry": { "type": "LineString", "coordinates": [ [ 14.517073778339318, 35.89986061695118 ], [ 14.520395300553636, 35.898750224837656 ] ] } },
{ "type": "Feature", "properties": { "label": "T145", "land_cover_score": 5.0, "slope_score": 1, "erosion_score": 1.0, "elevation_score": 1, "CVI_equal": 1.1180339887498949, "CVI_equal_norm": 0.10378452887096393, "CVI_equal_class": 1, "CVI_equal_label": "Very Low Vulnerability", "CVI_equal_color": "green" }, "geometry": { "type": "LineString", "coordinates": [ [ 14.516818867029231, 35.899228888311832 ], [ 14.520352006358412, 35.898698658483461 ] ] } },
{ "type": "Feature", "properties": { "label": "T146", "land_cover_score": 5.0, "slope_score": 1, "erosion_score": 1.0, "elevation_score": 1, "CVI_equal": 1.1180339887498949, "CVI_equal_norm": 0.10378452887096393, "CVI_equal_class": 1, "CVI_equal_label": "Very Low Vulnerability", "CVI_equal_color": "green" }, "geometry": { "type": "LineString", "coordinates": [ [ 14.516863106485992, 35.898132366744868 ], [ 14.520257779203584, 35.899086625878802 ] ] } },
{ "type": "Feature", "properties": { "label": "T147", "land_cover_score": 5.0, "slope_score": 1, "erosion_score": 1.0, "elevation_score": 1, "CVI_equal": 1.1180339887498949, "CVI_equal_norm": 0.10378452887096393, "CVI_equal_class": 1, "CVI_equal_label": "Very Low Vulnerability", "CVI_equal_color": "green" }, "geometry": { "type": "LineString", "coordinates": [ [ 14.516879358465456, 35.898695350070213 ], [ 14.520311359626771, 35.897833143288835 ] ] } },
{ "type": "Feature", "properties": { "label": "T148", "land_cover_score": 5.0, "slope_score": 1, "erosion_score": 1.0, "elevation_score": 1, "CVI_equal": 1.1180339887498949, "CVI_equal_norm": 0.10378452887096393, "CVI_equal_class": 1, "CVI_equal_label": "Very Low Vulnerability", "CVI_equal_color": "green" }, "geometry": { "type": "LineString", "coordinates": [ [ 14.516714808086117, 35.898162835384731 ], [ 14.520254457219657, 35.897661898286813 ] ] } },
{ "type": "Feature", "properties": { "label": "T149", "land_cover_score": 5.0, "slope_score": 1, "erosion_score": 1.0, "elevation_score": 1, "CVI_equal": 1.1180339887498949, "CVI_equal_norm": 0.10378452887096393, "CVI_equal_class": 1, "CVI_equal_label": "Very Low Vulnerability", "CVI_equal_color": "green" }, "geometry": { "type": "LineString", "coordinates": [ [ 14.516773813108356, 35.897133038646025 ], [ 14.520210338799876, 35.897983345011504 ] ] } },
{ "type": "Feature", "properties": { "label": "T150", "land_cover_score": 5.0, "slope_score": 1, "erosion_score": 1.0, "elevation_score": 1, "CVI_equal": 1.1180339887498949, "CVI_equal_norm": 0.10378452887096393, "CVI_equal_class": 1, "CVI_equal_label": "Very Low Vulnerability", "CVI_equal_color": "green" }, "geometry": { "type": "LineString", "coordinates": [ [ 14.516812183499054, 35.897755004966093 ], [ 14.520149001591589, 35.896675095903014 ] ] } },
{ "type": "Feature", "properties": { "label": "T151", "land_cover_score": 5.0, "slope_score": 1, "erosion_score": 1.0, "elevation_score": 1, "CVI_equal": 1.1180339887498949, "CVI_equal_norm": 0.10378452887096393, "CVI_equal_class": 1, "CVI_equal_label": "Very Low Vulnerability", "CVI_equal_color": "green" }, "geometry": { "type": "LineString", "coordinates": [ [ 14.517731628803594, 35.898502852070045 ], [ 14.518476580499849, 35.89565529535723 ] ] } },
{ "type": "Feature", "properties": { "label": "T152", "land_cover_score": 5.0, "slope_score": 1, "erosion_score": 1.0, "elevation_score": 1, "CVI_equal": 1.1180339887498949, "CVI_equal_norm": 0.10378452887096393, "CVI_equal_class": 1, "CVI_equal_label": "Very Low Vulnerability", "CVI_equal_color": "green" }, "geometry": { "type": "LineString", "coordinates": [ [ 14.51704409145958, 35.898321570620567 ], [ 14.518316583135693, 35.895599401879615 ] ] } },
{ "type": "Feature", "properties": { "label": "T153", "land_cover_score": 5.0, "slope_score": 1, "erosion_score": 1.0, "elevation_score": 1, "CVI_equal": 1.1180339887498949, "CVI_equal_norm": 0.10378452887096393, "CVI_equal_class": 1, "CVI_equal_label": "Very Low Vulnerability", "CVI_equal_color": "green" }, "geometry": { "type": "LineString", "coordinates": [ [ 14.517207313408241, 35.898394669536955 ], [ 14.51726244112669, 35.89548420843451 ] ] } },
{ "type": "Feature", "properties": { "label": "T154", "land_cover_score": 5.0, "slope_score": 1, "erosion_score": 1.0, "elevation_score": 1, "CVI_equal": 1.1180339887498949, "CVI_equal_norm": 0.10378452887096393, "CVI_equal_class": 1, "CVI_equal_label": "Very Low Vulnerability", "CVI_equal_color": "green" }, "geometry": { "type": "LineString", "coordinates": [ [ 14.516391076957449, 35.898180914949698 ], [ 14.517303683500455, 35.895365550033304 ] ] } },
{ "type": "Feature", "properties": { "label": "T155", "land_cover_score": 5.0, "slope_score": 1, "erosion_score": 1.0, "elevation_score": 1, "CVI_equal": 1.1180339887498949, "CVI_equal_norm": 0.10378452887096393, "CVI_equal_class": 1, "CVI_equal_label": "Very Low Vulnerability", "CVI_equal_color": "green" }, "geometry": { "type": "LineString", "coordinates": [ [ 14.515956647106727, 35.898088506609433 ], [ 14.516869253649734, 35.895273138406445 ] ] } },
{ "type": "Feature", "properties": { "label": "T156", "land_cover_score": 5.0, "slope_score": 1, "erosion_score": 1.0, "elevation_score": 1, "CVI_equal": 1.1180339887498949, "CVI_equal_norm": 0.10378452887096393, "CVI_equal_class": 1, "CVI_equal_label": "Very Low Vulnerability", "CVI_equal_color": "green" }, "geometry": { "type": "LineString", "coordinates": [ [ 14.515382363482379, 35.897956395321394 ], [ 14.516578076382601, 35.895211467020495 ] ] } },
{ "type": "Feature", "properties": { "label": "T157", "land_cover_score": 5.0, "slope_score": 1, "erosion_score": 1.0, "elevation_score": 1, "CVI_equal": 1.1180339887498949, "CVI_equal_norm": 0.10378452887096393, "CVI_equal_class": 1, "CVI_equal_label": "Very Low Vulnerability", "CVI_equal_color": "green" }, "geometry": { "type": "LineString", "coordinates": [ [ 14.514914698457153, 35.897819196441823 ], [ 14.51620100126458, 35.895101273451708 ] ] } },
{ "type": "Feature", "properties": { "label": "T158", "land_cover_score": 5.0, "slope_score": 1, "erosion_score": 1.0, "elevation_score": 1, "CVI_equal": 1.1180339887498949, "CVI_equal_norm": 0.10378452887096393, "CVI_equal_class": 1, "CVI_equal_label": "Very Low Vulnerability", "CVI_equal_color": "green" }, "geometry": { "type": "LineString", "coordinates": [ [ 14.514434577007123, 35.897664816807477 ], [ 14.515845949475706, 35.894987930432826 ] ] } },
{ "type": "Feature", "properties": { "label": "T159", "land_cover_score": 5.0, "slope_score": 1, "erosion_score": 1.0, "elevation_score": 1, "CVI_equal": 1.1180339887498949, "CVI_equal_norm": 0.10378452887096393, "CVI_equal_class": 1, "CVI_equal_label": "Very Low Vulnerability", "CVI_equal_color": "green" }, "geometry": { "type": "LineString", "coordinates": [ [ 14.51370859507634, 35.897355402405381 ], [ 14.515772516053673, 35.89497264122042 ] ] } },
{ "type": "Feature", "properties": { "label": "T160", "land_cover_score": 5.0, "slope_score": 1, "erosion_score": 1.0, "elevation_score": 1, "CVI_equal": 1.1180339887498949, "CVI_equal_norm": 0.10378452887096393, "CVI_equal_class": 1, "CVI_equal_label": "Very Low Vulnerability", "CVI_equal_color": "green" }, "geometry": { "type": "LineString", "coordinates": [ [ 14.51292728577938, 35.896754455962125 ], [ 14.515885323607954, 35.895101898359854 ] ] } },
{ "type": "Feature", "properties": { "label": "T161", "land_cover_score": 5.0, "slope_score": 1, "erosion_score": 1.0, "elevation_score": 1, "CVI_equal": 1.1180339887498949, "CVI_equal_norm": 0.10378452887096393, "CVI_equal_class": 1, "CVI_equal_label": "Very Low Vulnerability", "CVI_equal_color": "green" }, "geometry": { "type": "LineString", "coordinates": [ [ 14.512577424166262, 35.896302647404653 ], [ 14.515753218789076, 35.894940869655038 ] ] } },
{ "type": "Feature", "properties": { "label": "T162", "land_cover_score": 5.0, "slope_score": 1, "erosion_score": 1.0, "elevation_score": 1, "CVI_equal": 1.1180339887498949, "CVI_equal_norm": 0.10378452887096393, "CVI_equal_class": 1, "CVI_equal_label": "Very Low Vulnerability", "CVI_equal_color": "green" }, "geometry": { "type": "LineString", "coordinates": [ [ 14.512256281212887, 35.895697243044644 ], [ 14.515707081289555, 35.894885735011023 ] ] } },
{ "type": "Feature", "properties": { "label": "T163", "land_cover_score": 5.0, "slope_score": 1, "erosion_score": 1.0, "elevation_score": 1, "CVI_equal": 1.1180339887498949, "CVI_equal_norm": 0.10378452887096393, "CVI_equal_class": 1, "CVI_equal_label": "Very Low Vulnerability", "CVI_equal_color": "green" }, "geometry": { "type": "LineString", "coordinates": [ [ 14.512132726227042, 35.895354443788854 ], [ 14.51557884782499, 35.894529988558261 ] ] } },
{ "type": "Feature", "properties": { "label": "T164", "land_cover_score": 5.0, "slope_score": 1, "erosion_score": 1.0, "elevation_score": 1, "CVI_equal": 1.1180339887498949, "CVI_equal_norm": 0.10378452887096393, "CVI_equal_class": 1, "CVI_equal_label": "Very Low Vulnerability", "CVI_equal_color": "green" }, "geometry": { "type": "LineString", "coordinates": [ [ 14.512319286839549, 35.895580401277655 ], [ 14.51501884038065, 35.893659269934815 ] ] } },
{ "type": "Feature", "properties": { "label": "T165", "land_cover_score": 5.0, "slope_score": 1, "erosion_score": 1.0, "elevation_score": 1, "CVI_equal": 1.1180339887498949, "CVI_equal_norm": 0.10378452887096393, "CVI_equal_class": 1, "CVI_equal_label": "Very Low Vulnerability", "CVI_equal_color": "green" }, "geometry": { "type": "LineString", "coordinates": [ [ 14.511873123494958, 35.89509901061647 ], [ 14.514924832376174, 35.89356225380839 ] ] } },
{ "type": "Feature", "properties": { "label": "T166", "land_cover_score": 5.0, "slope_score": 1, "erosion_score": 1.0, "elevation_score": 1, "CVI_equal": 1.1180339887498949, "CVI_equal_norm": 0.10378452887096393, "CVI_equal_class": 1, "CVI_equal_label": "Very Low Vulnerability", "CVI_equal_color": "green" }, "geometry": { "type": "LineString", "coordinates": [ [ 14.511881569385157, 35.895104735598238 ], [ 14.514356915217464, 35.892994704062787 ] ] } },
{ "type": "Feature", "properties": { "label": "T167", "land_cover_score": 5.0, "slope_score": 1, "erosion_score": 1.0, "elevation_score": 1, "CVI_equal": 1.1180339887498949, "CVI_equal_norm": 0.10378452887096393, "CVI_equal_class": 1, "CVI_equal_label": "Very Low Vulnerability", "CVI_equal_color": "green" }, "geometry": { "type": "LineString", "coordinates": [ [ 14.511704203329943, 35.894997766121755 ], [ 14.513830567262744, 35.892651242957385 ] ] } },
{ "type": "Feature", "properties": { "label": "T168", "land_cover_score": 5.0, "slope_score": 1, "erosion_score": 1.0, "elevation_score": 1, "CVI_equal": 1.1180339887498949, "CVI_equal_norm": 0.10378452887096393, "CVI_equal_class": 1, "CVI_equal_label": "Very Low Vulnerability", "CVI_equal_color": "green" }, "geometry": { "type": "LineString", "coordinates": [ [ 14.510967811097817, 35.894496738369924 ], [ 14.513830394230556, 35.892737268221595 ] ] } },
{ "type": "Feature", "properties": { "label": "T169", "land_cover_score": 5.0, "slope_score": 1, "erosion_score": 1.0, "elevation_score": 1, "CVI_equal": 1.1180339887498949, "CVI_equal_norm": 0.10378452887096393, "CVI_equal_class": 1, "CVI_equal_label": "Very Low Vulnerability", "CVI_equal_color": "green" }, "geometry": { "type": "LineString", "coordinates": [ [ 14.51087423579065, 35.894389272973413 ], [ 14.513355253061356, 35.892283598372295 ] ] } },
{ "type": "Feature", "properties": { "label": "T170", "land_cover_score": 5.0, "slope_score": 1, "erosion_score": 1.0, "elevation_score": 1, "CVI_equal": 1.1180339887498949, "CVI_equal_norm": 0.10378452887096393, "CVI_equal_class": 1, "CVI_equal_label": "Very Low Vulnerability", "CVI_equal_color": "green" }, "geometry": { "type": "LineString", "coordinates": [ [ 14.51071904762035, 35.894274312595662 ], [ 14.512834578114138, 35.891921350416169 ] ] } },
{ "type": "Feature", "properties": { "label": "T171", "land_cover_score": 5.0, "slope_score": 2, "erosion_score": 1.0, "elevation_score": 1, "CVI_equal": 1.5811388300841898, "CVI_equal_norm": 0.1815522870374042, "CVI_equal_class": 1, "CVI_equal_label": "Very Low Vulnerability", "CVI_equal_color": "green" }, "geometry": { "type": "LineString", "coordinates": [ [ 14.510355986495968, 35.894060088337305 ], [ 14.512471516989756, 35.891707119790993 ] ] } },
{ "type": "Feature", "properties": { "label": "T172", "land_cover_score": 5.0, "slope_score": 2, "erosion_score": 1.0, "elevation_score": 1, "CVI_equal": 1.5811388300841898, "CVI_equal_norm": 0.1815522870374042, "CVI_equal_class": 1, "CVI_equal_label": "Very Low Vulnerability", "CVI_equal_color": "green" }, "geometry": { "type": "LineString", "coordinates": [ [ 14.509992925370694, 35.893845863498747 ], [ 14.512108455866269, 35.89149288858669 ] ] } },
{ "type": "Feature", "properties": { "label": "T173", "land_cover_score": 5.0, "slope_score": 2, "erosion_score": 1.0, "elevation_score": 1, "CVI_equal": 1.5811388300841898, "CVI_equal_norm": 0.1815522870374042, "CVI_equal_class": 1, "CVI_equal_label": "Very Low Vulnerability", "CVI_equal_color": "green" }, "geometry": { "type": "LineString", "coordinates": [ [ 14.509720118337238, 35.89369101992866 ], [ 14.511644057325181, 35.891232475013119 ] ] } },
{ "type": "Feature", "properties": { "label": "T174", "land_cover_score": 5.0, "slope_score": 2, "erosion_score": 1.0, "elevation_score": 1, "CVI_equal": 1.5811388300841898, "CVI_equal_norm": 0.1815522870374042, "CVI_equal_class": 1, "CVI_equal_label": "Very Low Vulnerability", "CVI_equal_color": "green" }, "geometry": { "type": "LineString", "coordinates": [ [ 14.509711666884906, 35.893677623926131 ], [ 14.510857151531875, 35.8909185255648 ] ] } },
{ "type": "Feature", "properties": { "label": "T175", "land_cover_score": 5.0, "slope_score": 3, "erosion_score": 1.0, "elevation_score": 1, "CVI_equal": 1.9364916731037085, "CVI_equal_norm": 0.24122558667313501, "CVI_equal_class": 1, "CVI_equal_label": "Very Low Vulnerability", "CVI_equal_color": "green" }, "geometry": { "type": "LineString", "coordinates": [ [ 14.508335646175482, 35.892318354524875 ], [ 14.511848997306712, 35.891707858203148 ] ] } },
{ "type": "Feature", "properties": { "label": "T176", "land_cover_score": 5.0, "slope_score": 2, "erosion_score": 1.0, "elevation_score": 1, "CVI_equal": 1.5811388300841898, "CVI_equal_norm": 0.1815522870374042, "CVI_equal_class": 1, "CVI_equal_label": "Very Low Vulnerability", "CVI_equal_color": "green" }, "geometry": { "type": "LineString", "coordinates": [ [ 14.508243855538886, 35.892001428056062 ], [ 14.511736154308009, 35.891316223953638 ] ] } },
{ "type": "Feature", "properties": { "label": "T177", "land_cover_score": 5.0, "slope_score": 2, "erosion_score": 1.0, "elevation_score": 1, "CVI_equal": 1.5811388300841898, "CVI_equal_norm": 0.1815522870374042, "CVI_equal_class": 1, "CVI_equal_label": "Very Low Vulnerability", "CVI_equal_color": "green" }, "geometry": { "type": "LineString", "coordinates": [ [ 14.508138470220247, 35.891652013904732 ], [ 14.511628325296552, 35.89095868353624 ] ] } },
{ "type": "Feature", "properties": { "label": "T178", "land_cover_score": 5.0, "slope_score": 2, "erosion_score": 1.0, "elevation_score": 1, "CVI_equal": 1.5811388300841898, "CVI_equal_norm": 0.1815522870374042, "CVI_equal_class": 1, "CVI_equal_label": "Very Low Vulnerability", "CVI_equal_color": "green" }, "geometry": { "type": "LineString", "coordinates": [ [ 14.508031492043441, 35.891298609859184 ], [ 14.511521347119746, 35.890605276396016 ] ] } },
{ "type": "Feature", "properties": { "label": "T179", "land_cover_score": 5.0, "slope_score": 2, "erosion_score": 1.0, "elevation_score": 1, "CVI_equal": 1.5811388300841898, "CVI_equal_norm": 0.1815522870374042, "CVI_equal_class": 1, "CVI_equal_label": "Very Low Vulnerability", "CVI_equal_color": "green" }, "geometry": { "type": "LineString", "coordinates": [ [ 14.508094763824907, 35.891477429304352 ], [ 14.511030260429424, 35.889798589696248 ] ] } },
{ "type": "Feature", "properties": { "label": "T180", "land_cover_score": 5.0, "slope_score": 2, "erosion_score": 1.0, "elevation_score": 1, "CVI_equal": 1.5811388300841898, "CVI_equal_norm": 0.1815522870374042, "CVI_equal_class": 1, "CVI_equal_label": "Very Low Vulnerability", "CVI_equal_color": "green" }, "geometry": { "type": "LineString", "coordinates": [ [ 14.507849218490115, 35.891202873984298 ], [ 14.510748950760119, 35.88948371883432 ] ] } },
{ "type": "Feature", "properties": { "label": "T181", "land_cover_score": 5.0, "slope_score": 2, "erosion_score": 1.0, "elevation_score": 1, "CVI_equal": 1.5811388300841898, "CVI_equal_norm": 0.1815522870374042, "CVI_equal_class": 1, "CVI_equal_label": "Very Low Vulnerability", "CVI_equal_color": "green" }, "geometry": { "type": "LineString", "coordinates": [ [ 14.507583962765633, 35.890909227824473 ], [ 14.510483695035637, 35.889190066298738 ] ] } },
{ "type": "Feature", "properties": { "label": "T182", "land_cover_score": 5.0, "slope_score": 1, "erosion_score": 1.0, "elevation_score": 1, "CVI_equal": 1.1180339887498949, "CVI_equal_norm": 0.10378452887096393, "CVI_equal_class": 1, "CVI_equal_label": "Very Low Vulnerability", "CVI_equal_color": "green" }, "geometry": { "type": "LineString", "coordinates": [ [ 14.507318707041147, 35.890615580575599 ], [ 14.510218439311151, 35.888896412674129 ] ] } },
{ "type": "Feature", "properties": { "label": "T183", "land_cover_score": 5.0, "slope_score": 2, "erosion_score": 1.0, "elevation_score": 1, "CVI_equal": 1.5811388300841898, "CVI_equal_norm": 0.1815522870374042, "CVI_equal_class": 1, "CVI_equal_label": "Very Low Vulnerability", "CVI_equal_color": "green" }, "geometry": { "type": "LineString", "coordinates": [ [ 14.507053451317043, 35.890321932238102 ], [ 14.509953183586282, 35.888602757960051 ] ] } },
{ "type": "Feature", "properties": { "label": "T184", "land_cover_score": 5.0, "slope_score": 2, "erosion_score": 1.0, "elevation_score": 1, "CVI_equal": 1.5811388300841898, "CVI_equal_norm": 0.1815522870374042, "CVI_equal_class": 1, "CVI_equal_label": "Very Low Vulnerability", "CVI_equal_color": "green" }, "geometry": { "type": "LineString", "coordinates": [ [ 14.506788195592758, 35.89002828281135 ], [ 14.509687927861595, 35.88830910215718 ] ] } },
{ "type": "Feature", "properties": { "label": "T185", "land_cover_score": 5.0, "slope_score": 2, "erosion_score": 1.0, "elevation_score": 1, "CVI_equal": 1.5811388300841898, "CVI_equal_norm": 0.1815522870374042, "CVI_equal_class": 1, "CVI_equal_label": "Very Low Vulnerability", "CVI_equal_color": "green" }, "geometry": { "type": "LineString", "coordinates": [ [ 14.506522939867487, 35.889734632294484 ], [ 14.509422672137893, 35.888015445266362 ] ] } },
{ "type": "Feature", "properties": { "label": "T186", "land_cover_score": 5.0, "slope_score": 1, "erosion_score": 1.0, "elevation_score": 1, "CVI_equal": 1.1180339887498949, "CVI_equal_norm": 0.10378452887096393, "CVI_equal_class": 1, "CVI_equal_label": "Very Low Vulnerability", "CVI_equal_color": "green" }, "geometry": { "type": "LineString", "coordinates": [ [ 14.509406492005871, 35.888458544059731 ], [ 14.505862466777668, 35.888938804571097 ] ] } },
{ "type": "Feature", "properties": { "label": "T187", "land_cover_score": 5.0, "slope_score": 1, "erosion_score": 1.0, "elevation_score": 1, "CVI_equal": 1.1180339887498949, "CVI_equal_norm": 0.10378452887096393, "CVI_equal_class": 1, "CVI_equal_label": "Very Low Vulnerability", "CVI_equal_color": "green" }, "geometry": { "type": "LineString", "coordinates": [ [ 14.509239333943185, 35.888263452245845 ], [ 14.506217937321516, 35.889839130969037 ] ] } },
{ "type": "Feature", "properties": { "label": "T188", "land_cover_score": 5.0, "slope_score": 1, "erosion_score": 1.0, "elevation_score": 1, "CVI_equal": 1.1180339887498949, "CVI_equal_norm": 0.10378452887096393, "CVI_equal_class": 1, "CVI_equal_label": "Very Low Vulnerability", "CVI_equal_color": "green" }, "geometry": { "type": "LineString", "coordinates": [ [ 14.509418371536563, 35.888489209938385 ], [ 14.506531026556578, 35.890222016612086 ] ] } },
{ "type": "Feature", "properties": { "label": "T189", "land_cover_score": 5.0, "slope_score": 1, "erosion_score": 1.0, "elevation_score": 1, "CVI_equal": 1.1180339887498949, "CVI_equal_norm": 0.10378452887096393, "CVI_equal_class": 1, "CVI_equal_label": "Very Low Vulnerability", "CVI_equal_color": "green" }, "geometry": { "type": "LineString", "coordinates": [ [ 14.509685730277074, 35.888781610617649 ], [ 14.506798385297484, 35.890514410892997 ] ] } },
{ "type": "Feature", "properties": { "label": "T190", "land_cover_score": 5.0, "slope_score": 1, "erosion_score": 1.0, "elevation_score": 1, "CVI_equal": 1.1180339887498949, "CVI_equal_norm": 0.10378452887096393, "CVI_equal_class": 1, "CVI_equal_label": "Very Low Vulnerability", "CVI_equal_color": "green" }, "geometry": { "type": "LineString", "coordinates": [ [ 14.509953089018373, 35.889074010218053 ], [ 14.5070657440376, 35.890806804093266 ] ] } },
{ "type": "Feature", "properties": { "label": "T191", "land_cover_score": 5.0, "slope_score": 1, "erosion_score": 1.0, "elevation_score": 1, "CVI_equal": 1.1180339887498949, "CVI_equal_norm": 0.10378452887096393, "CVI_equal_class": 1, "CVI_equal_label": "Very Low Vulnerability", "CVI_equal_color": "green" }, "geometry": { "type": "LineString", "coordinates": [ [ 14.510209525113286, 35.889353821435634 ], [ 14.507344940720147, 35.891111227856157 ] ] } },
{ "type": "Feature", "properties": { "label": "T192", "land_cover_score": 5.0, "slope_score": 2, "erosion_score": 1.0, "elevation_score": 1, "CVI_equal": 1.5811388300841898, "CVI_equal_norm": 0.1815522870374042, "CVI_equal_class": 1, "CVI_equal_label": "Very Low Vulnerability", "CVI_equal_color": "green" }, "geometry": { "type": "LineString", "coordinates": [ [ 14.510172775594395, 35.889373131847606 ], [ 14.507943790243482, 35.891656393902444 ] ] } },
{ "type": "Feature", "properties": { "label": "T193", "land_cover_score": 5.0, "slope_score": 2, "erosion_score": 1.0, "elevation_score": 1, "CVI_equal": 1.5811388300841898, "CVI_equal_norm": 0.1815522870374042, "CVI_equal_class": 1, "CVI_equal_label": "Very Low Vulnerability", "CVI_equal_color": "green" }, "geometry": { "type": "LineString", "coordinates": [ [ 14.510867225079704, 35.889910173419231 ], [ 14.507931114042716, 35.891588305326437 ] ] } },
{ "type": "Feature", "properties": { "label": "T194", "land_cover_score": 5.0, "slope_score": 2, "erosion_score": 1.0, "elevation_score": 1, "CVI_equal": 1.5811388300841898, "CVI_equal_norm": 0.1815522870374042, "CVI_equal_class": 1, "CVI_equal_label": "Very Low Vulnerability", "CVI_equal_color": "green" }, "geometry": { "type": "LineString", "coordinates": [ [ 14.508617994604155, 35.89220270687877 ], [ 14.510419652657204, 35.889684041911288 ] ] } },
{ "type": "Feature", "properties": { "label": "T195", "land_cover_score": 5.0, "slope_score": 2, "erosion_score": 1.0, "elevation_score": 1, "CVI_equal": 1.5811388300841898, "CVI_equal_norm": 0.1815522870374042, "CVI_equal_class": 1, "CVI_equal_label": "Very Low Vulnerability", "CVI_equal_color": "green" }, "geometry": { "type": "LineString", "coordinates": [ [ 14.508007270144644, 35.89186048488903 ], [ 14.510293305284824, 35.889614555132098 ] ] } },
{ "type": "Feature", "properties": { "label": "T196", "land_cover_score": 5.0, "slope_score": 1, "erosion_score": 1.0, "elevation_score": 1, "CVI_equal": 1.1180339887498949, "CVI_equal_norm": 0.10378452887096393, "CVI_equal_class": 1, "CVI_equal_label": "Very Low Vulnerability", "CVI_equal_color": "green" }, "geometry": { "type": "LineString", "coordinates": [ [ 14.507695596050374, 35.891657751833868 ], [ 14.509904533702638, 35.889361737987407 ] ] } },
{ "type": "Feature", "properties": { "label": "T197", "land_cover_score": 5.0, "slope_score": 1, "erosion_score": 1.0, "elevation_score": 1, "CVI_equal": 1.1180339887498949, "CVI_equal_norm": 0.10378452887096393, "CVI_equal_class": 1, "CVI_equal_label": "Very Low Vulnerability", "CVI_equal_color": "green" }, "geometry": { "type": "LineString", "coordinates": [ [ 14.507341333611423, 35.891434061511589 ], [ 14.509550271263688, 35.889138041178498 ] ] } },
{ "type": "Feature", "properties": { "label": "T198", "land_cover_score": 5.0, "slope_score": 1, "erosion_score": 1.0, "elevation_score": 1, "CVI_equal": 1.1180339887498949, "CVI_equal_norm": 0.10378452887096393, "CVI_equal_class": 1, "CVI_equal_label": "Very Low Vulnerability", "CVI_equal_color": "green" }, "geometry": { "type": "LineString", "coordinates": [ [ 14.506864560708832, 35.89110166470293 ], [ 14.509346608268842, 35.888996699707356 ] ] } },
{ "type": "Feature", "properties": { "label": "T199", "land_cover_score": 5.0, "slope_score": 1, "erosion_score": 1.0, "elevation_score": 1, "CVI_equal": 1.1180339887498949, "CVI_equal_norm": 0.10378452887096393, "CVI_equal_class": 1, "CVI_equal_label": "Very Low Vulnerability", "CVI_equal_color": "green" }, "geometry": { "type": "LineString", "coordinates": [ [ 14.506287169990513, 35.890519025092118 ], [ 14.509365573404443, 35.889017529052339 ] ] } },
{ "type": "Feature", "properties": { "label": "T200", "land_cover_score": 5.0, "slope_score": 1, "erosion_score": 1.0, "elevation_score": 1, "CVI_equal": 1.1180339887498949, "CVI_equal_norm": 0.10378452887096393, "CVI_equal_class": 1, "CVI_equal_label": "Very Low Vulnerability", "CVI_equal_color": "green" }, "geometry": { "type": "LineString", "coordinates": [ [ 14.506055499494135, 35.890207282776998 ], [ 14.509133902907699, 35.888705780825148 ] ] } },
{ "type": "Feature", "properties": { "label": "T201", "land_cover_score": 5.0, "slope_score": 1, "erosion_score": 1.0, "elevation_score": 1, "CVI_equal": 1.1180339887498949, "CVI_equal_norm": 0.10378452887096393, "CVI_equal_class": 1, "CVI_equal_label": "Very Low Vulnerability", "CVI_equal_color": "green" }, "geometry": { "type": "LineString", "coordinates": [ [ 14.505669342197676, 35.889382849135885 ], [ 14.509204514712163, 35.888861522864524 ] ] } },
{ "type": "Feature", "properties": { "label": "T202", "land_cover_score": 5.0, "slope_score": 1, "erosion_score": 1.0, "elevation_score": 1, "CVI_equal": 1.1180339887498949, "CVI_equal_norm": 0.10378452887096393, "CVI_equal_class": 1, "CVI_equal_label": "Very Low Vulnerability", "CVI_equal_color": "green" }, "geometry": { "type": "LineString", "coordinates": [ [ 14.505690634314814, 35.888482730930825 ], [ 14.50921579543745, 35.889046802813283 ] ] } },
{ "type": "Feature", "properties": { "label": "T203", "land_cover_score": 5.0, "slope_score": 1, "erosion_score": 1.0, "elevation_score": 1, "CVI_equal": 1.1180339887498949, "CVI_equal_norm": 0.10378452887096393, "CVI_equal_class": 1, "CVI_equal_label": "Very Low Vulnerability", "CVI_equal_color": "green" }, "geometry": { "type": "LineString", "coordinates": [ [ 14.506482039511823, 35.889856048295925 ], [ 14.507986638773863, 35.88721243284396 ] ] } },
{ "type": "Feature", "properties": { "label": "T204", "land_cover_score": 5.0, "slope_score": 1, "erosion_score": 1.0, "elevation_score": 1, "CVI_equal": 1.1180339887498949, "CVI_equal_norm": 0.10378452887096393, "CVI_equal_class": 1, "CVI_equal_label": "Very Low Vulnerability", "CVI_equal_color": "green" }, "geometry": { "type": "LineString", "coordinates": [ [ 14.505400324105976, 35.88884267702047 ], [ 14.508648203930154, 35.887597343570761 ] ] } },
{ "type": "Feature", "properties": { "label": "T205", "land_cover_score": 5.0, "slope_score": 1, "erosion_score": 1.0, "elevation_score": 1, "CVI_equal": 1.1180339887498949, "CVI_equal_norm": 0.10378452887096393, "CVI_equal_class": 1, "CVI_equal_label": "Very Low Vulnerability", "CVI_equal_color": "green" }, "geometry": { "type": "LineString", "coordinates": [ [ 14.506513134779981, 35.889418327016806 ], [ 14.506896151082771, 35.8865237790625 ] ] } },
{ "type": "Feature", "properties": { "label": "T206", "land_cover_score": 5.0, "slope_score": 1, "erosion_score": 1.0, "elevation_score": 2, "CVI_equal": 1.5811388300841898, "CVI_equal_norm": 0.1815522870374042, "CVI_equal_class": 1, "CVI_equal_label": "Very Low Vulnerability", "CVI_equal_color": "green" }, "geometry": { "type": "LineString", "coordinates": [ [ 14.504698077169458, 35.888633219972753 ], [ 14.507833910037309, 35.887211829515152 ] ] } },
{ "type": "Feature", "properties": { "label": "T207", "land_cover_score": 5.0, "slope_score": 2, "erosion_score": 1.0, "elevation_score": 1, "CVI_equal": 1.5811388300841898, "CVI_equal_norm": 0.1815522870374042, "CVI_equal_class": 1, "CVI_equal_label": "Very Low Vulnerability", "CVI_equal_color": "green" }, "geometry": { "type": "LineString", "coordinates": [ [ 14.506393003326151, 35.889144355605332 ], [ 14.505567016804983, 35.886311170397207 ] ] } },
{ "type": "Feature", "properties": { "label": "T208", "land_cover_score": 5.0, "slope_score": 1, "erosion_score": null, "elevation_score": 1, "CVI_equal": 1.2909944487358056, "CVI_equal_norm": 0.13282924191215426, "CVI_equal_class": 1, "CVI_equal_label": "Very Low Vulnerability", "CVI_equal_color": "green" }, "geometry": { "type": "LineString", "coordinates": [ [ 14.506950876728604, 35.888904409897791 ], [ 14.504296976535647, 35.886941812562142 ] ] } },
{ "type": "Feature", "properties": { "label": "T209", "land_cover_score": 5.0, "slope_score": 1, "erosion_score": null, "elevation_score": 1, "CVI_equal": 1.2909944487358056, "CVI_equal_norm": 0.13282924191215426, "CVI_equal_class": 1, "CVI_equal_label": "Very Low Vulnerability", "CVI_equal_color": "green" }, "geometry": { "type": "LineString", "coordinates": [ [ 14.506673211600267, 35.889156347418364 ], [ 14.503976265867605, 35.88723265780343 ] ] } },
{ "type": "Feature", "properties": { "label": "T210", "land_cover_score": 5.0, "slope_score": 1, "erosion_score": null, "elevation_score": 1, "CVI_equal": 1.2909944487358056, "CVI_equal_norm": 0.13282924191215426, "CVI_equal_class": 1, "CVI_equal_label": "Very Low Vulnerability", "CVI_equal_color": "green" }, "geometry": { "type": "LineString", "coordinates": [ [ 14.506376405442003, 35.889429464147639 ], [ 14.503679459709756, 35.887505781167384 ] ] } },
{ "type": "Feature", "properties": { "label": "T211", "land_cover_score": 5.0, "slope_score": 1, "erosion_score": null, "elevation_score": 1, "CVI_equal": 1.2909944487358056, "CVI_equal_norm": 0.13282924191215426, "CVI_equal_class": 1, "CVI_equal_label": "Very Low Vulnerability", "CVI_equal_color": "green" }, "geometry": { "type": "LineString", "coordinates": [ [ 14.506079599283945, 35.889702579934685 ], [ 14.503382653551698, 35.88777890358952 ] ] } },
{ "type": "Feature", "properties": { "label": "T212", "land_cover_score": 5.0, "slope_score": 2, "erosion_score": null, "elevation_score": 1, "CVI_equal": 1.8257418583505538, "CVI_equal_norm": 0.22262771413549029, "CVI_equal_class": 1, "CVI_equal_label": "Very Low Vulnerability", "CVI_equal_color": "green" }, "geometry": { "type": "LineString", "coordinates": [ [ 14.505782793125887, 35.889975694779693 ], [ 14.503085847393637, 35.888052025069626 ] ] } },
{ "type": "Feature", "properties": { "label": "T213", "land_cover_score": 5.0, "slope_score": 2, "erosion_score": null, "elevation_score": 1, "CVI_equal": 1.8257418583505538, "CVI_equal_norm": 0.22262771413549029, "CVI_equal_class": 1, "CVI_equal_label": "Very Low Vulnerability", "CVI_equal_color": "green" }, "geometry": { "type": "LineString", "coordinates": [ [ 14.505485986967829, 35.890248808682642 ], [ 14.502789041235578, 35.888325145607716 ] ] } },
{ "type": "Feature", "properties": { "label": "T214", "land_cover_score": 5.0, "slope_score": 2, "erosion_score": null, "elevation_score": 1, "CVI_equal": 1.8257418583505538, "CVI_equal_norm": 0.22262771413549029, "CVI_equal_class": 1, "CVI_equal_label": "Very Low Vulnerability", "CVI_equal_color": "green" }, "geometry": { "type": "LineString", "coordinates": [ [ 14.505189180810705, 35.890521921642687 ], [ 14.502492235076579, 35.888598265204628 ] ] } },
{ "type": "Feature", "properties": { "label": "T215", "land_cover_score": 5.0, "slope_score": 2, "erosion_score": null, "elevation_score": 1, "CVI_equal": 1.8257418583505538, "CVI_equal_norm": 0.22262771413549029, "CVI_equal_class": 1, "CVI_equal_label": "Very Low Vulnerability", "CVI_equal_color": "green" }, "geometry": { "type": "LineString", "coordinates": [ [ 14.504892374652647, 35.89079503366154 ], [ 14.502195428918521, 35.888871383858643 ] ] } },
{ "type": "Feature", "properties": { "label": "T216", "land_cover_score": 5.0, "slope_score": 2, "erosion_score": null, "elevation_score": 1, "CVI_equal": 1.8257418583505538, "CVI_equal_norm": 0.22262771413549029, "CVI_equal_class": 1, "CVI_equal_label": "Very Low Vulnerability", "CVI_equal_color": "green" }, "geometry": { "type": "LineString", "coordinates": [ [ 14.504595568493857, 35.891068144739016 ], [ 14.501898622761191, 35.889144501569966 ] ] } },
{ "type": "Feature", "properties": { "label": "T217", "land_cover_score": 1.0, "slope_score": 3, "erosion_score": null, "elevation_score": 1, "CVI_equal": 1.0, "CVI_equal_norm": 0.083963447609807187, "CVI_equal_class": 1, "CVI_equal_label": "Very Low Vulnerability", "CVI_equal_color": "green" }, "geometry": { "type": "LineString", "coordinates": [ [ 14.504298762335589, 35.891341254873943 ], [ 14.501601816603342, 35.889417618339721 ] ] } },
{ "type": "Feature", "properties": { "label": "T218", "land_cover_score": 5.0, "slope_score": 2, "erosion_score": null, "elevation_score": 1, "CVI_equal": 1.8257418583505538, "CVI_equal_norm": 0.22262771413549029, "CVI_equal_class": 1, "CVI_equal_label": "Very Low Vulnerability", "CVI_equal_color": "green" }, "geometry": { "type": "LineString", "coordinates": [ [ 14.50400195617774, 35.89161436406642 ], [ 14.501305010445074, 35.889690734167814 ] ] } },
{ "type": "Feature", "properties": { "label": "T219", "land_cover_score": 5.0, "slope_score": 2, "erosion_score": null, "elevation_score": 1, "CVI_equal": 1.8257418583505538, "CVI_equal_norm": 0.22262771413549029, "CVI_equal_class": 1, "CVI_equal_label": "Very Low Vulnerability", "CVI_equal_color": "green" }, "geometry": { "type": "LineString", "coordinates": [ [ 14.503705150019682, 35.89188747231703 ], [ 14.501008204287016, 35.889963849053679 ] ] } },
{ "type": "Feature", "properties": { "label": "T220", "land_cover_score": 1.0, "slope_score": 2, "erosion_score": null, "elevation_score": 1, "CVI_equal": 0.81649658092772603, "CVI_equal_norm": 0.053148288182816451, "CVI_equal_class": 1, "CVI_equal_label": "Very Low Vulnerability", "CVI_equal_color": "green" }, "geometry": { "type": "LineString", "coordinates": [ [ 14.50340834386162, 35.892160579625582 ], [ 14.500711398128958, 35.890236962997491 ] ] } },
{ "type": "Feature", "properties": { "label": "T221", "land_cover_score": 1.0, "slope_score": 2, "erosion_score": null, "elevation_score": 1, "CVI_equal": 0.81649658092772603, "CVI_equal_norm": 0.053148288182816451, "CVI_equal_class": 1, "CVI_equal_label": "Very Low Vulnerability", "CVI_equal_color": "green" }, "geometry": { "type": "LineString", "coordinates": [ [ 14.503111537704294, 35.892433685991371 ], [ 14.500414591970168, 35.890510075999927 ] ] } },
{ "type": "Feature", "properties": { "label": "T222", "land_cover_score": 5.0, "slope_score": 2, "erosion_score": null, "elevation_score": 1, "CVI_equal": 1.8257418583505538, "CVI_equal_norm": 0.22262771413549029, "CVI_equal_class": 1, "CVI_equal_label": "Very Low Vulnerability", "CVI_equal_color": "green" }, "geometry": { "type": "LineString", "coordinates": [ [ 14.50281473154603, 35.892706791415975 ], [ 14.500117785812316, 35.890783188059451 ] ] } },
{ "type": "Feature", "properties": { "label": "T223", "land_cover_score": 1.0, "slope_score": 2, "erosion_score": null, "elevation_score": 1, "CVI_equal": 0.81649658092772603, "CVI_equal_norm": 0.053148288182816451, "CVI_equal_class": 1, "CVI_equal_label": "Very Low Vulnerability", "CVI_equal_color": "green" }, "geometry": { "type": "LineString", "coordinates": [ [ 14.502517925387968, 35.892979895898286 ], [ 14.499820979654258, 35.891056299177102 ] ] } },
{ "type": "Feature", "properties": { "label": "T224", "land_cover_score": 5.0, "slope_score": 2, "erosion_score": null, "elevation_score": 1, "CVI_equal": 1.8257418583505538, "CVI_equal_norm": 0.22262771413549029, "CVI_equal_class": 1, "CVI_equal_label": "Very Low Vulnerability", "CVI_equal_color": "green" }, "geometry": { "type": "LineString", "coordinates": [ [ 14.502221119229178, 35.893252999439198 ], [ 14.499524173496932, 35.891329409352039 ] ] } },
{ "type": "Feature", "properties": { "label": "T225", "land_cover_score": 5.0, "slope_score": 2, "erosion_score": null, "elevation_score": 1, "CVI_equal": 1.8257418583505538, "CVI_equal_norm": 0.22262771413549029, "CVI_equal_class": 1, "CVI_equal_label": "Very Low Vulnerability", "CVI_equal_color": "green" }, "geometry": { "type": "LineString", "coordinates": [ [ 14.50192431307112, 35.893526102037363 ], [ 14.499227367338873, 35.891602518585572 ] ] } },
{ "type": "Feature", "properties": { "label": "T226", "land_cover_score": 5.0, "slope_score": 1, "erosion_score": null, "elevation_score": 1, "CVI_equal": 1.2909944487358056, "CVI_equal_norm": 0.13282924191215426, "CVI_equal_class": 1, "CVI_equal_label": "Very Low Vulnerability", "CVI_equal_color": "green" }, "geometry": { "type": "LineString", "coordinates": [ [ 14.501627506913062, 35.89379920369344 ], [ 14.498930561180815, 35.891875626877045 ] ] } },
{ "type": "Feature", "properties": { "label": "T227", "land_cover_score": 5.0, "slope_score": 1, "erosion_score": null, "elevation_score": 1, "CVI_equal": 1.2909944487358056, "CVI_equal_norm": 0.13282924191215426, "CVI_equal_class": 1, "CVI_equal_label": "Very Low Vulnerability", "CVI_equal_color": "green" }, "geometry": { "type": "LineString", "coordinates": [ [ 14.50133070075521, 35.894072304407231 ], [ 14.498633755022544, 35.89214873422663 ] ] } },
{ "type": "Feature", "properties": { "label": "T228", "land_cover_score": 3.0, "slope_score": 1, "erosion_score": null, "elevation_score": 1, "CVI_equal": 1.0, "CVI_equal_norm": 0.083963447609807187, "CVI_equal_class": 1, "CVI_equal_label": "Very Low Vulnerability", "CVI_equal_color": "green" }, "geometry": { "type": "LineString", "coordinates": [ [ 14.501033894596942, 35.894345404179319 ], [ 14.498336948864695, 35.892421840633773 ] ] } },
{ "type": "Feature", "properties": { "label": "T229", "land_cover_score": 3.0, "slope_score": 1, "erosion_score": null, "elevation_score": 1, "CVI_equal": 1.0, "CVI_equal_norm": 0.083963447609807187, "CVI_equal_class": 1, "CVI_equal_label": "Very Low Vulnerability", "CVI_equal_color": "green" }, "geometry": { "type": "LineString", "coordinates": [ [ 14.500737088439619, 35.894618503008438 ], [ 14.498040142705905, 35.892694946099709 ] ] } },
{ "type": "Feature", "properties": { "label": "T230", "land_cover_score": 1.0, "slope_score": 1, "erosion_score": 1.0, "elevation_score": 1, "CVI_equal": 0.5, "CVI_equal_norm": 0.0, "CVI_equal_class": 1, "CVI_equal_label": "Very Low Vulnerability", "CVI_equal_color": "green" }, "geometry": { "type": "LineString", "coordinates": [ [ 14.500440282280826, 35.89489160089682 ], [ 14.497743336548579, 35.892968050622223 ] ] } },
{ "type": "Feature", "properties": { "label": "T231", "land_cover_score": 5.0, "slope_score": 1, "erosion_score": 1.0, "elevation_score": 3, "CVI_equal": 1.9364916731037085, "CVI_equal_norm": 0.24122558667313501, "CVI_equal_class": 1, "CVI_equal_label": "Very Low Vulnerability", "CVI_equal_color": "green" }, "geometry": { "type": "LineString", "coordinates": [ [ 14.500143476122767, 35.895164697842425 ], [ 14.497446530390521, 35.893241154203324 ] ] } },
{ "type": "Feature", "properties": { "label": "T232", "land_cover_score": 5.0, "slope_score": 2, "erosion_score": 1.0, "elevation_score": 1, "CVI_equal": 1.5811388300841898, "CVI_equal_norm": 0.1815522870374042, "CVI_equal_class": 1, "CVI_equal_label": "Very Low Vulnerability", "CVI_equal_color": "green" }, "geometry": { "type": "LineString", "coordinates": [ [ 14.499604885427484, 35.893049969955513 ], [ 14.498237934799771, 35.895742007218828 ] ] } },
{ "type": "Feature", "properties": { "label": "T233", "land_cover_score": 1.0, "slope_score": 1, "erosion_score": 1.0, "elevation_score": 1, "CVI_equal": 0.5, "CVI_equal_norm": 0.0, "CVI_equal_class": 1, "CVI_equal_label": "Very Low Vulnerability", "CVI_equal_color": "green" }, "geometry": { "type": "LineString", "coordinates": [ [ 14.499732537348025, 35.893061020489661 ], [ 14.498979532304935, 35.895907280143383 ] ] } },
{ "type": "Feature", "properties": { "label": "T234", "land_cover_score": 3.0, "slope_score": 1, "erosion_score": 1.0, "elevation_score": 1, "CVI_equal": 0.8660254037844386, "CVI_equal_norm": 0.061465509629026464, "CVI_equal_class": 1, "CVI_equal_label": "Very Low Vulnerability", "CVI_equal_color": "green" }, "geometry": { "type": "LineString", "coordinates": [ [ 14.500217917787465, 35.893154178095735 ], [ 14.499368042739622, 35.895982477766353 ] ] } },
{ "type": "Feature", "properties": { "label": "T235", "land_cover_score": 5.0, "slope_score": 1, "erosion_score": 1.0, "elevation_score": 1, "CVI_equal": 1.1180339887498949, "CVI_equal_norm": 0.10378452887096393, "CVI_equal_class": 1, "CVI_equal_label": "Very Low Vulnerability", "CVI_equal_color": "green" }, "geometry": { "type": "LineString", "coordinates": [ [ 14.5008655050674, 35.893334744862557 ], [ 14.499564520569862, 35.896048138888062 ] ] } },
{ "type": "Feature", "properties": { "label": "T236", "land_cover_score": 5.0, "slope_score": 1, "erosion_score": 1.0, "elevation_score": 1, "CVI_equal": 1.1180339887498949, "CVI_equal_norm": 0.10378452887096393, "CVI_equal_class": 1, "CVI_equal_label": "Very Low Vulnerability", "CVI_equal_color": "green" }, "geometry": { "type": "LineString", "coordinates": [ [ 14.501603125943927, 35.893676691141359 ], [ 14.499588375926322, 35.896086949967263 ] ] } },
{ "type": "Feature", "properties": { "label": "T237", "land_cover_score": 5.0, "slope_score": 2, "erosion_score": 1.0, "elevation_score": 1, "CVI_equal": 1.5811388300841898, "CVI_equal_norm": 0.1815522870374042, "CVI_equal_class": 1, "CVI_equal_label": "Very Low Vulnerability", "CVI_equal_color": "green" }, "geometry": { "type": "LineString", "coordinates": [ [ 14.502313627692692, 35.894279730940823 ], [ 14.499450331282256, 35.896038404985489 ] ] } },
{ "type": "Feature", "properties": { "label": "T238", "land_cover_score": 5.0, "slope_score": 2, "erosion_score": 1.0, "elevation_score": 1, "CVI_equal": 1.5811388300841898, "CVI_equal_norm": 0.1815522870374042, "CVI_equal_class": 1, "CVI_equal_label": "Very Low Vulnerability", "CVI_equal_color": "green" }, "geometry": { "type": "LineString", "coordinates": [ [ 14.502584997460591, 35.894569675026503 ], [ 14.499721701050156, 35.896328342630028 ] ] } },
{ "type": "Feature", "properties": { "label": "T239", "land_cover_score": 5.0, "slope_score": 2, "erosion_score": 1.0, "elevation_score": 1, "CVI_equal": 1.5811388300841898, "CVI_equal_norm": 0.1815522870374042, "CVI_equal_class": 1, "CVI_equal_label": "Very Low Vulnerability", "CVI_equal_color": "green" }, "geometry": { "type": "LineString", "coordinates": [ [ 14.502856367228901, 35.89485961805071 ], [ 14.499993070817645, 35.896618279212213 ] ] } },
{ "type": "Feature", "properties": { "label": "T240", "land_cover_score": 5.0, "slope_score": 2, "erosion_score": 1.0, "elevation_score": 1, "CVI_equal": 1.5811388300841898, "CVI_equal_norm": 0.1815522870374042, "CVI_equal_class": 1, "CVI_equal_label": "Very Low Vulnerability", "CVI_equal_color": "green" }, "geometry": { "type": "LineString", "coordinates": [ [ 14.503266390842091, 35.895490625512849 ], [ 14.499966400374893, 35.896642420823319 ] ] } },
{ "type": "Feature", "properties": { "label": "T241", "land_cover_score": 5.0, "slope_score": 2, "erosion_score": 1.0, "elevation_score": 1, "CVI_equal": 1.5811388300841898, "CVI_equal_norm": 0.1815522870374042, "CVI_equal_class": 1, "CVI_equal_label": "Very Low Vulnerability", "CVI_equal_color": "green" }, "geometry": { "type": "LineString", "coordinates": [ [ 14.503453234151173, 35.895864718423212 ], [ 14.50011567738885, 35.896943139574731 ] ] } },
{ "type": "Feature", "properties": { "label": "T242", "land_cover_score": 5.0, "slope_score": 2, "erosion_score": 1.0, "elevation_score": 1, "CVI_equal": 1.5811388300841898, "CVI_equal_norm": 0.1815522870374042, "CVI_equal_class": 1, "CVI_equal_label": "Very Low Vulnerability", "CVI_equal_color": "green" }, "geometry": { "type": "LineString", "coordinates": [ [ 14.503207834643364, 35.895488894902194 ], [ 14.501017695828887, 35.897796519421533 ] ] } },
{ "type": "Feature", "properties": { "label": "T243", "land_cover_score": 5.0, "slope_score": 2, "erosion_score": 1.0, "elevation_score": 1, "CVI_equal": 1.5811388300841898, "CVI_equal_norm": 0.1815522870374042, "CVI_equal_class": 1, "CVI_equal_label": "Very Low Vulnerability", "CVI_equal_color": "green" }, "geometry": { "type": "LineString", "coordinates": [ [ 14.504209963341154, 35.89629464190066 ], [ 14.500811191299022, 35.897239299559551 ] ] } },
{ "type": "Feature", "properties": { "label": "T244", "land_cover_score": 5.0, "slope_score": 2, "erosion_score": 1.0, "elevation_score": 1, "CVI_equal": 1.5811388300841898, "CVI_equal_norm": 0.1815522870374042, "CVI_equal_class": 1, "CVI_equal_label": "Very Low Vulnerability", "CVI_equal_color": "green" }, "geometry": { "type": "LineString", "coordinates": [ [ 14.503617400955584, 35.89569910474772 ], [ 14.502008027254471, 35.898301624222547 ] ] } },
{ "type": "Feature", "properties": { "label": "T245", "land_cover_score": 5.0, "slope_score": 2, "erosion_score": 1.0, "elevation_score": 1, "CVI_equal": 1.5811388300841898, "CVI_equal_norm": 0.1815522870374042, "CVI_equal_class": 1, "CVI_equal_label": "Very Low Vulnerability", "CVI_equal_color": "green" }, "geometry": { "type": "LineString", "coordinates": [ [ 14.504133213103062, 35.895933493089913 ], [ 14.502274111202425, 35.898424412584433 ] ] } },
{ "type": "Feature", "properties": { "label": "T246", "land_cover_score": 5.0, "slope_score": 2, "erosion_score": 1.0, "elevation_score": 1, "CVI_equal": 1.5811388300841898, "CVI_equal_norm": 0.1815522870374042, "CVI_equal_class": 1, "CVI_equal_label": "Very Low Vulnerability", "CVI_equal_color": "green" }, "geometry": { "type": "LineString", "coordinates": [ [ 14.504273061063573, 35.895944386399009 ], [ 14.502976959857703, 35.898659224128707 ] ] } },
{ "type": "Feature", "properties": { "label": "T247", "land_cover_score": 5.0, "slope_score": 1, "erosion_score": 1.0, "elevation_score": 1, "CVI_equal": 1.1180339887498949, "CVI_equal_norm": 0.10378452887096393, "CVI_equal_class": 1, "CVI_equal_label": "Very Low Vulnerability", "CVI_equal_color": "green" }, "geometry": { "type": "LineString", "coordinates": [ [ 14.505713079657991, 35.897544798965882 ], [ 14.502121434505788, 35.897457511843896 ] ] } },
{ "type": "Feature", "properties": { "label": "T248", "land_cover_score": 5.0, "slope_score": 2, "erosion_score": 1.0, "elevation_score": 1, "CVI_equal": 1.5811388300841898, "CVI_equal_norm": 0.1815522870374042, "CVI_equal_class": 1, "CVI_equal_label": "Very Low Vulnerability", "CVI_equal_color": "green" }, "geometry": { "type": "LineString", "coordinates": [ [ 14.505714640562539, 35.896813821361462 ], [ 14.502848614033914, 35.898569518461159 ] ] } },
{ "type": "Feature", "properties": { "label": "T249", "land_cover_score": 5.0, "slope_score": 2, "erosion_score": 1.0, "elevation_score": 3, "CVI_equal": 2.7386127875258306, "CVI_equal_norm": 0.37592329500813898, "CVI_equal_class": 2, "CVI_equal_label": "Low Vulnerability", "CVI_equal_color": "lightgreen" }, "geometry": { "type": "LineString", "coordinates": [ [ 14.505353089152528, 35.899183784673021 ], [ 14.50341748465223, 35.896731426746392 ] ] } },
{ "type": "Feature", "properties": { "label": "T250", "land_cover_score": 5.0, "slope_score": 2, "erosion_score": 1.0, "elevation_score": 1, "CVI_equal": 1.5811388300841898, "CVI_equal_norm": 0.1815522870374042, "CVI_equal_class": 1, "CVI_equal_label": "Very Low Vulnerability", "CVI_equal_color": "green" }, "geometry": { "type": "LineString", "coordinates": [ [ 14.50307819685167, 35.899301577893375 ], [ 14.504932281216295, 35.896808233092528 ] ] } },
{ "type": "Feature", "properties": { "label": "T251", "land_cover_score": 5.0, "slope_score": 2, "erosion_score": 1.0, "elevation_score": 1, "CVI_equal": 1.5811388300841898, "CVI_equal_norm": 0.1815522870374042, "CVI_equal_class": 1, "CVI_equal_label": "Very Low Vulnerability", "CVI_equal_color": "green" }, "geometry": { "type": "LineString", "coordinates": [ [ 14.50198457740677, 35.898301855256207 ], [ 14.505380691782273, 35.897350958687056 ] ] } },
{ "type": "Feature", "properties": { "label": "T252", "land_cover_score": 5.0, "slope_score": 3, "erosion_score": 1.0, "elevation_score": 2, "CVI_equal": 2.7386127875258306, "CVI_equal_norm": 0.37592329500813898, "CVI_equal_class": 2, "CVI_equal_label": "Low Vulnerability", "CVI_equal_color": "lightgreen" }, "geometry": { "type": "LineString", "coordinates": [ [ 14.504434984409913, 35.896614694268116 ], [ 14.502559032112391, 35.899097288525724 ] ] } },
{ "type": "Feature", "properties": { "label": "T253", "land_cover_score": 5.0, "slope_score": 2, "erosion_score": 1.0, "elevation_score": 2, "CVI_equal": 2.2360679774997898, "CVI_equal_norm": 0.29153250535173503, "CVI_equal_class": 1, "CVI_equal_label": "Very Low Vulnerability", "CVI_equal_color": "green" }, "geometry": { "type": "LineString", "coordinates": [ [ 14.504818070736981, 35.896804652098901 ], [ 14.502942118439085, 35.899287240398792 ] ] } },
{ "type": "Feature", "properties": { "label": "T254", "land_cover_score": 5.0, "slope_score": 2, "erosion_score": 1.0, "elevation_score": 1, "CVI_equal": 1.5811388300841898, "CVI_equal_norm": 0.1815522870374042, "CVI_equal_class": 1, "CVI_equal_label": "Very Low Vulnerability", "CVI_equal_color": "green" }, "geometry": { "type": "LineString", "coordinates": [ [ 14.505068331726509, 35.896934670733778 ], [ 14.503458220874927, 35.899536850376478 ] ] } },
{ "type": "Feature", "properties": { "label": "T255", "land_cover_score": 5.0, "slope_score": 2, "erosion_score": 1.0, "elevation_score": 1, "CVI_equal": 1.5811388300841898, "CVI_equal_norm": 0.1815522870374042, "CVI_equal_class": 1, "CVI_equal_label": "Very Low Vulnerability", "CVI_equal_color": "green" }, "geometry": { "type": "LineString", "coordinates": [ [ 14.505514880562595, 35.897116776137658 ], [ 14.503814610108769, 35.89968104242076 ] ] } },
{ "type": "Feature", "properties": { "label": "T256", "land_cover_score": 5.0, "slope_score": 2, "erosion_score": 1.0, "elevation_score": 1, "CVI_equal": 1.5811388300841898, "CVI_equal_norm": 0.1815522870374042, "CVI_equal_class": 1, "CVI_equal_label": "Very Low Vulnerability", "CVI_equal_color": "green" }, "geometry": { "type": "LineString", "coordinates": [ [ 14.506194396364689, 35.897451492637458 ], [ 14.503916562661633, 35.89970266188336 ] ] } },
{ "type": "Feature", "properties": { "label": "T257", "land_cover_score": 3.0, "slope_score": 2, "erosion_score": 1.0, "elevation_score": 1, "CVI_equal": 1.2247448713915889, "CVI_equal_norm": 0.12170415607912825, "CVI_equal_class": 1, "CVI_equal_label": "Very Low Vulnerability", "CVI_equal_color": "green" }, "geometry": { "type": "LineString", "coordinates": [ [ 14.506847445320499, 35.897974980670483 ], [ 14.503923503362524, 35.899666827633474 ] ] } },
{ "type": "Feature", "properties": { "label": "T258", "land_cover_score": 3.0, "slope_score": 2, "erosion_score": 1.0, "elevation_score": 1, "CVI_equal": 1.2247448713915889, "CVI_equal_norm": 0.12170415607912825, "CVI_equal_class": 1, "CVI_equal_label": "Very Low Vulnerability", "CVI_equal_color": "green" }, "geometry": { "type": "LineString", "coordinates": [ [ 14.506471225599082, 35.897785225457284 ], [ 14.50487878201757, 35.900394501186774 ] ] } }
]
}
