{
"type": "FeatureCollection",
"name": "transects_with_cvi_equal",
"crs": { "type": "name", "properties": { "name": "urn:ogc:def:crs:OGC:1.3:CRS84" } },
"features": [
{ "type": "Feature", "properties": { "label": "T1", "land_cover_score": null, "slope_score": 5, "erosion_score": 1.0, "elevation_score": 5, "CVI_equal": 2.8867513459481291, "CVI_equal_norm": 0.3458856884005867, "CVI_equal_class": 2, "CVI_equal_label": "Low Vulnerability", "CVI_equal_color": "lightgreen" }, "geometry": { "type": "LineString", "coordinates": [ [ 25.301565675348417, 37.443852588654963 ], [ 25.298241924651578, 37.444936607418597 ] ] } },
{ "type": "Feature", "properties": { "label": "T2", "land_cover_score": 2.0, "slope_score": 5, "erosion_score": 1.0, "elevation_score": 5, "CVI_equal": 3.5355339059327378, "CVI_equal_norm": 0.45693716633741682, "CVI_equal_class": 2, "CVI_equal_label": "Low Vulnerability", "CVI_equal_color": "lightgreen" }, "geometry": { "type": "LineString", "coordinates": [ [ 25.301823948929858, 37.444403049074985 ], [ 25.298323224170129, 37.445046313055457 ] ] } },
{ "type": "Feature", "properties": { "label": "T3", "land_cover_score": 2.0, "slope_score": 5, "erosion_score": 1.0, "elevation_score": 5, "CVI_equal": 3.5355339059327378, "CVI_equal_norm": 0.45693716633741682, "CVI_equal_class": 2, "CVI_equal_label": "Low Vulnerability", "CVI_equal_color": "lightgreen" }, "geometry": { "type": "LineString", "coordinates": [ [ 25.301950706511935, 37.444861320146899 ], [ 25.298396952110117, 37.445283195099549 ] ] } },
{ "type": "Feature", "properties": { "label": "T4", "land_cover_score": 2.0, "slope_score": 5, "erosion_score": 1.0, "elevation_score": 5, "CVI_equal": 3.5355339059327378, "CVI_equal_norm": 0.45693716633741682, "CVI_equal_class": 2, "CVI_equal_label": "Low Vulnerability", "CVI_equal_color": "lightgreen" }, "geometry": { "type": "LineString", "coordinates": [ [ 25.302001302611306, 37.445628527632699 ], [ 25.298444816885233, 37.44522142129815 ] ] } },
{ "type": "Feature", "properties": { "label": "T5", "land_cover_score": null, "slope_score": 5, "erosion_score": 1.0, "elevation_score": 5, "CVI_equal": 2.8867513459481291, "CVI_equal_norm": 0.3458856884005867, "CVI_equal_class": 2, "CVI_equal_label": "Low Vulnerability", "CVI_equal_color": "lightgreen" }, "geometry": { "type": "LineString", "coordinates": [ [ 25.301578148636654, 37.446606023203344 ], [ 25.298672214250718, 37.444928018390236 ] ] } },
{ "type": "Feature", "properties": { "label": "T6", "land_cover_score": null, "slope_score": 5, "erosion_score": 1.0, "elevation_score": 5, "CVI_equal": 2.8867513459481291, "CVI_equal_norm": 0.3458856884005867, "CVI_equal_class": 2, "CVI_equal_label": "Low Vulnerability", "CVI_equal_color": "lightgreen" }, "geometry": { "type": "LineString", "coordinates": [ [ 25.298151477354324, 37.446107785422072 ], [ 25.301686977652491, 37.44559833132103 ] ] } },
{ "type": "Feature", "properties": { "label": "T7", "land_cover_score": 2.0, "slope_score": 5, "erosion_score": 1.0, "elevation_score": 5, "CVI_equal": 3.5355339059327378, "CVI_equal_norm": 0.45693716633741682, "CVI_equal_class": 2, "CVI_equal_label": "Low Vulnerability", "CVI_equal_color": "lightgreen" }, "geometry": { "type": "LineString", "coordinates": [ [ 25.298212567711836, 37.446205396376115 ], [ 25.301359808092759, 37.444828799219358 ] ] } },
{ "type": "Feature", "properties": { "label": "T8", "land_cover_score": 2.0, "slope_score": 5, "erosion_score": 1.0, "elevation_score": 5, "CVI_equal": 3.5355339059327378, "CVI_equal_norm": 0.45693716633741682, "CVI_equal_class": 2, "CVI_equal_label": "Low Vulnerability", "CVI_equal_color": "lightgreen" }, "geometry": { "type": "LineString", "coordinates": [ [ 25.298042357175863, 37.445972612003843 ], [ 25.301077666309034, 37.444445772568109 ] ] } },
{ "type": "Feature", "properties": { "label": "T9", "land_cover_score": 2.0, "slope_score": 5, "erosion_score": 1.0, "elevation_score": 4, "CVI_equal": 3.1622776601683795, "CVI_equal_norm": 0.39304725884318936, "CVI_equal_class": 2, "CVI_equal_label": "Low Vulnerability", "CVI_equal_color": "lightgreen" }, "geometry": { "type": "LineString", "coordinates": [ [ 25.297625651876025, 37.445180841279942 ], [ 25.301141978065356, 37.444593661744854 ] ] } },
{ "type": "Feature", "properties": { "label": "T10", "land_cover_score": 2.0, "slope_score": 5, "erosion_score": 1.0, "elevation_score": 5, "CVI_equal": 3.5355339059327378, "CVI_equal_norm": 0.45693716633741682, "CVI_equal_class": 2, "CVI_equal_label": "Low Vulnerability", "CVI_equal_color": "lightgreen" }, "geometry": { "type": "LineString", "coordinates": [ [ 25.298026438624984, 37.443702742515725 ], [ 25.300883824732807, 37.44543252867966 ] ] } },
{ "type": "Feature", "properties": { "label": "T11", "land_cover_score": 2.0, "slope_score": 5, "erosion_score": 1.0, "elevation_score": 5, "CVI_equal": 3.5355339059327378, "CVI_equal_norm": 0.45693716633741682, "CVI_equal_class": 2, "CVI_equal_label": "Low Vulnerability", "CVI_equal_color": "lightgreen" }, "geometry": { "type": "LineString", "coordinates": [ [ 25.300344755873162, 37.443109741972542 ], [ 25.299257622680088, 37.445828885625083 ] ] } },
{ "type": "Feature", "properties": { "label": "T12", "land_cover_score": 2.0, "slope_score": 5, "erosion_score": 1.0, "elevation_score": 5, "CVI_equal": 3.5355339059327378, "CVI_equal_norm": 0.45693716633741682, "CVI_equal_class": 2, "CVI_equal_label": "Low Vulnerability", "CVI_equal_color": "lightgreen" }, "geometry": { "type": "LineString", "coordinates": [ [ 25.301725537187281, 37.444673217388171 ], [ 25.298139114202232, 37.444849135130063 ] ] } },
{ "type": "Feature", "properties": { "label": "T13", "land_cover_score": 2.0, "slope_score": 5, "erosion_score": 1.0, "elevation_score": 5, "CVI_equal": 3.5355339059327378, "CVI_equal_norm": 0.45693716633741682, "CVI_equal_class": 2, "CVI_equal_label": "Low Vulnerability", "CVI_equal_color": "lightgreen" }, "geometry": { "type": "LineString", "coordinates": [ [ 25.301753234143018, 37.445029142488401 ], [ 25.298166811157966, 37.445205059393423 ] ] } },
{ "type": "Feature", "properties": { "label": "T14", "land_cover_score": null, "slope_score": 5, "erosion_score": 1.0, "elevation_score": 5, "CVI_equal": 2.8867513459481291, "CVI_equal_norm": 0.3458856884005867, "CVI_equal_class": 2, "CVI_equal_label": "Low Vulnerability", "CVI_equal_color": "lightgreen" }, "geometry": { "type": "LineString", "coordinates": [ [ 25.301780931098747, 37.445385065895444 ], [ 25.298194508113699, 37.445560981963588 ] ] } },
{ "type": "Feature", "properties": { "label": "T15", "land_cover_score": null, "slope_score": 5, "erosion_score": 1.0, "elevation_score": 5, "CVI_equal": 2.8867513459481291, "CVI_equal_norm": 0.3458856884005867, "CVI_equal_class": 2, "CVI_equal_label": "Low Vulnerability", "CVI_equal_color": "lightgreen" }, "geometry": { "type": "LineString", "coordinates": [ [ 25.301808628054484, 37.445740987609256 ], [ 25.298222205069433, 37.445916902840516 ] ] } },
{ "type": "Feature", "properties": { "label": "T16", "land_cover_score": null, "slope_score": 5, "erosion_score": 1.0, "elevation_score": 5, "CVI_equal": 2.8867513459481291, "CVI_equal_norm": 0.3458856884005867, "CVI_equal_class": 2, "CVI_equal_label": "Low Vulnerability", "CVI_equal_color": "lightgreen" }, "geometry": { "type": "LineString", "coordinates": [ [ 25.301836325010214, 37.446096907629851 ], [ 25.298249902025166, 37.446272822024234 ] ] } },
{ "type": "Feature", "properties": { "label": "T17", "land_cover_score": null, "slope_score": 5, "erosion_score": 1.0, "elevation_score": 5, "CVI_equal": 2.8867513459481291, "CVI_equal_norm": 0.3458856884005867, "CVI_equal_class": 2, "CVI_equal_label": "Low Vulnerability", "CVI_equal_color": "lightgreen" }, "geometry": { "type": "LineString", "coordinates": [ [ 25.301864021965947, 37.44645282595723 ], [ 25.298277598980899, 37.446628739514722 ] ] } },
{ "type": "Feature", "properties": { "label": "T18", "land_cover_score": null, "slope_score": 5, "erosion_score": 1.0, "elevation_score": 5, "CVI_equal": 2.8867513459481291, "CVI_equal_norm": 0.3458856884005867, "CVI_equal_class": 2, "CVI_equal_label": "Low Vulnerability", "CVI_equal_color": "lightgreen" }, "geometry": { "type": "LineString", "coordinates": [ [ 25.298503070409932, 37.445831684903759 ], [ 25.301817029339706, 37.446934409423669 ] ] } },
{ "type": "Feature", "properties": { "label": "T19", "land_cover_score": 2.0, "slope_score": 5, "erosion_score": 1.0, "elevation_score": 5, "CVI_equal": 3.5355339059327378, "CVI_equal_norm": 0.45693716633741682, "CVI_equal_class": 2, "CVI_equal_label": "Low Vulnerability", "CVI_equal_color": "lightgreen" }, "geometry": { "type": "LineString", "coordinates": [ [ 25.299871768143124, 37.44481204832902 ], [ 25.301056378799338, 37.447505341573759 ] ] } },
{ "type": "Feature", "properties": { "label": "T20", "land_cover_score": null, "slope_score": 5, "erosion_score": 1.0, "elevation_score": 5, "CVI_equal": 2.8867513459481291, "CVI_equal_norm": 0.3458856884005867, "CVI_equal_class": 2, "CVI_equal_label": "Low Vulnerability", "CVI_equal_color": "lightgreen" }, "geometry": { "type": "LineString", "coordinates": [ [ 25.30191831596326, 37.447326462550116 ], [ 25.298983429195967, 37.445680541677959 ] ] } },
{ "type": "Feature", "properties": { "label": "T21", "land_cover_score": null, "slope_score": 5, "erosion_score": 1.0, "elevation_score": 5, "CVI_equal": 2.8867513459481291, "CVI_equal_norm": 0.3458856884005867, "CVI_equal_class": 2, "CVI_equal_label": "Low Vulnerability", "CVI_equal_color": "lightgreen" }, "geometry": { "type": "LineString", "coordinates": [ [ 25.298903696848772, 37.445718472533258 ], [ 25.301483301318562, 37.44770440806704 ] ] } },
{ "type": "Feature", "properties": { "label": "T22", "land_cover_score": null, "slope_score": 5, "erosion_score": 1.0, "elevation_score": 5, "CVI_equal": 2.8867513459481291, "CVI_equal_norm": 0.3458856884005867, "CVI_equal_class": 2, "CVI_equal_label": "Low Vulnerability", "CVI_equal_color": "lightgreen" }, "geometry": { "type": "LineString", "coordinates": [ [ 25.29921637595691, 37.445462469013712 ], [ 25.3017959804267, 37.447448411343053 ] ] } },
{ "type": "Feature", "properties": { "label": "T23", "land_cover_score": null, "slope_score": 5, "erosion_score": 1.0, "elevation_score": 5, "CVI_equal": 2.8867513459481291, "CVI_equal_norm": 0.3458856884005867, "CVI_equal_class": 2, "CVI_equal_label": "Low Vulnerability", "CVI_equal_color": "lightgreen" }, "geometry": { "type": "LineString", "coordinates": [ [ 25.299529055065047, 37.445206464618188 ], [ 25.302108659534841, 37.447192413743068 ] ] } },
{ "type": "Feature", "properties": { "label": "T24", "land_cover_score": 2.0, "slope_score": 5, "erosion_score": 1.0, "elevation_score": 4, "CVI_equal": 3.1622776601683795, "CVI_equal_norm": 0.39304725884318936, "CVI_equal_class": 2, "CVI_equal_label": "Low Vulnerability", "CVI_equal_color": "lightgreen" }, "geometry": { "type": "LineString", "coordinates": [ [ 25.299841734173192, 37.444950459346678 ], [ 25.302421338642986, 37.446936415267082 ] ] } },
{ "type": "Feature", "properties": { "label": "T25", "land_cover_score": null, "slope_score": 5, "erosion_score": null, "elevation_score": 5, "CVI_equal": 3.5355339059327378, "CVI_equal_norm": 0.45693716633741682, "CVI_equal_class": 2, "CVI_equal_label": "Low Vulnerability", "CVI_equal_color": "lightgreen" }, "geometry": { "type": "LineString", "coordinates": [ [ 25.300154413282144, 37.44469445319853 ], [ 25.302734017750311, 37.446680415915779 ] ] } },
{ "type": "Feature", "properties": { "label": "T26", "land_cover_score": null, "slope_score": 5, "erosion_score": null, "elevation_score": 5, "CVI_equal": 3.5355339059327378, "CVI_equal_norm": 0.45693716633741682, "CVI_equal_class": 2, "CVI_equal_label": "Low Vulnerability", "CVI_equal_color": "lightgreen" }, "geometry": { "type": "LineString", "coordinates": [ [ 25.300467092389471, 37.444438446175724 ], [ 25.303046696859262, 37.446424415687147 ] ] } },
{ "type": "Feature", "properties": { "label": "T27", "land_cover_score": null, "slope_score": 5, "erosion_score": null, "elevation_score": 5, "CVI_equal": 3.5355339059327378, "CVI_equal_norm": 0.45693716633741682, "CVI_equal_class": 2, "CVI_equal_label": "Low Vulnerability", "CVI_equal_color": "lightgreen" }, "geometry": { "type": "LineString", "coordinates": [ [ 25.300779771498423, 37.444182438275632 ], [ 25.303359375966593, 37.446168414583859 ] ] } },
{ "type": "Feature", "properties": { "label": "T28", "land_cover_score": null, "slope_score": 5, "erosion_score": null, "elevation_score": 5, "CVI_equal": 3.5355339059327378, "CVI_equal_norm": 0.45693716633741682, "CVI_equal_class": 2, "CVI_equal_label": "Low Vulnerability", "CVI_equal_color": "lightgreen" }, "geometry": { "type": "LineString", "coordinates": [ [ 25.301092450606564, 37.44392642950023 ], [ 25.303672055074735, 37.445912412603917 ] ] } },
{ "type": "Feature", "properties": { "label": "T29", "land_cover_score": null, "slope_score": 5, "erosion_score": null, "elevation_score": 5, "CVI_equal": 3.5355339059327378, "CVI_equal_norm": 0.45693716633741682, "CVI_equal_class": 2, "CVI_equal_label": "Low Vulnerability", "CVI_equal_color": "lightgreen" }, "geometry": { "type": "LineString", "coordinates": [ [ 25.301405129714706, 37.443670419848857 ], [ 25.303984734182876, 37.445656409747983 ] ] } },
{ "type": "Feature", "properties": { "label": "T30", "land_cover_score": null, "slope_score": 5, "erosion_score": null, "elevation_score": 5, "CVI_equal": 3.5355339059327378, "CVI_equal_norm": 0.45693716633741682, "CVI_equal_class": 2, "CVI_equal_label": "Low Vulnerability", "CVI_equal_color": "lightgreen" }, "geometry": { "type": "LineString", "coordinates": [ [ 25.301717808822843, 37.443414409321505 ], [ 25.304297413291014, 37.445400406016077 ] ] } },
{ "type": "Feature", "properties": { "label": "T31", "land_cover_score": null, "slope_score": 5, "erosion_score": null, "elevation_score": 5, "CVI_equal": 3.5355339059327378, "CVI_equal_norm": 0.45693716633741682, "CVI_equal_class": 2, "CVI_equal_label": "Low Vulnerability", "CVI_equal_color": "lightgreen" }, "geometry": { "type": "LineString", "coordinates": [ [ 25.302030487930985, 37.443158397918204 ], [ 25.304610092399155, 37.445144401408186 ] ] } },
{ "type": "Feature", "properties": { "label": "T32", "land_cover_score": null, "slope_score": 5, "erosion_score": null, "elevation_score": 5, "CVI_equal": 3.5355339059327378, "CVI_equal_norm": 0.45693716633741682, "CVI_equal_class": 2, "CVI_equal_label": "Low Vulnerability", "CVI_equal_color": "lightgreen" }, "geometry": { "type": "LineString", "coordinates": [ [ 25.302343167039126, 37.442902385638931 ], [ 25.304922771507297, 37.444888395924316 ] ] } },
{ "type": "Feature", "properties": { "label": "T33", "land_cover_score": null, "slope_score": 2, "erosion_score": 1.0, "elevation_score": 5, "CVI_equal": 1.8257418583505538, "CVI_equal_norm": 0.16427372937150181, "CVI_equal_class": 1, "CVI_equal_label": "Very Low Vulnerability", "CVI_equal_color": "green" }, "geometry": { "type": "LineString", "coordinates": [ [ 25.302655846147264, 37.442646372483708 ], [ 25.305235450615434, 37.444632389564468 ] ] } },
{ "type": "Feature", "properties": { "label": "T34", "land_cover_score": 2.0, "slope_score": 1, "erosion_score": 1.0, "elevation_score": 2, "CVI_equal": 1.0, "CVI_equal_norm": 0.022932300948535201, "CVI_equal_class": 1, "CVI_equal_label": "Very Low Vulnerability", "CVI_equal_color": "green" }, "geometry": { "type": "LineString", "coordinates": [ [ 25.302968525255409, 37.442390358452514 ], [ 25.305548129723576, 37.444376382328642 ] ] } },
{ "type": "Feature", "properties": { "label": "T35", "land_cover_score": 3.0, "slope_score": 1, "erosion_score": 1.0, "elevation_score": 1, "CVI_equal": 0.8660254037844386, "CVI_equal_norm": 0.0, "CVI_equal_class": 1, "CVI_equal_label": "Very Low Vulnerability", "CVI_equal_color": "green" }, "geometry": { "type": "LineString", "coordinates": [ [ 25.303281204363547, 37.442134343545376 ], [ 25.305860808831717, 37.444120374216844 ] ] } },
{ "type": "Feature", "properties": { "label": "T36", "land_cover_score": 3.0, "slope_score": 2, "erosion_score": 1.0, "elevation_score": 2, "CVI_equal": 1.7320508075688772, "CVI_equal_norm": 0.14823672360025139, "CVI_equal_class": 1, "CVI_equal_label": "Very Low Vulnerability", "CVI_equal_color": "green" }, "geometry": { "type": "LineString", "coordinates": [ [ 25.303593883471684, 37.441878327762275 ], [ 25.306173487939855, 37.443864365229075 ] ] } },
{ "type": "Feature", "properties": { "label": "T37", "land_cover_score": 3.0, "slope_score": 3, "erosion_score": 1.0, "elevation_score": 2, "CVI_equal": 2.1213203435596424, "CVI_equal_norm": 0.21486761036234944, "CVI_equal_class": 1, "CVI_equal_label": "Very Low Vulnerability", "CVI_equal_color": "green" }, "geometry": { "type": "LineString", "coordinates": [ [ 25.303906562579829, 37.441622311103231 ], [ 25.306486167047996, 37.443608355365342 ] ] } },
{ "type": "Feature", "properties": { "label": "T38", "land_cover_score": 3.0, "slope_score": 2, "erosion_score": 1.0, "elevation_score": 2, "CVI_equal": 1.7320508075688772, "CVI_equal_norm": 0.14823672360025139, "CVI_equal_class": 1, "CVI_equal_label": "Very Low Vulnerability", "CVI_equal_color": "green" }, "geometry": { "type": "LineString", "coordinates": [ [ 25.304219241687161, 37.441366293568898 ], [ 25.306798846156955, 37.443352344624984 ] ] } },
{ "type": "Feature", "properties": { "label": "T39", "land_cover_score": 3.0, "slope_score": 2, "erosion_score": 1.0, "elevation_score": 2, "CVI_equal": 1.7320508075688772, "CVI_equal_norm": 0.14823672360025139, "CVI_equal_class": 1, "CVI_equal_label": "Very Low Vulnerability", "CVI_equal_color": "green" }, "geometry": { "type": "LineString", "coordinates": [ [ 25.304531920795299, 37.441110275157953 ], [ 25.307111525265093, 37.443096333009322 ] ] } },
{ "type": "Feature", "properties": { "label": "T40", "land_cover_score": 3.0, "slope_score": 2, "erosion_score": 1.0, "elevation_score": 2, "CVI_equal": 1.7320508075688772, "CVI_equal_norm": 0.14823672360025139, "CVI_equal_class": 1, "CVI_equal_label": "Very Low Vulnerability", "CVI_equal_color": "green" }, "geometry": { "type": "LineString", "coordinates": [ [ 25.304844599903443, 37.440854255871052 ], [ 25.307424204373234, 37.442840320517689 ] ] } },
{ "type": "Feature", "properties": { "label": "T41", "land_cover_score": 3.0, "slope_score": 1, "erosion_score": 1.0, "elevation_score": 2, "CVI_equal": 1.2247448713915889, "CVI_equal_norm": 0.061401661356975973, "CVI_equal_class": 1, "CVI_equal_label": "Very Low Vulnerability", "CVI_equal_color": "green" }, "geometry": { "type": "LineString", "coordinates": [ [ 25.305719561594323, 37.440295721754616 ], [ 25.307186359852366, 37.442900151739003 ] ] } },
{ "type": "Feature", "properties": { "label": "T42", "land_cover_score": 3.0, "slope_score": 3, "erosion_score": 1.0, "elevation_score": 2, "CVI_equal": 2.1213203435596424, "CVI_equal_norm": 0.21486761036234944, "CVI_equal_class": 1, "CVI_equal_label": "Very Low Vulnerability", "CVI_equal_color": "green" }, "geometry": { "type": "LineString", "coordinates": [ [ 25.307695501846972, 37.440312940029301 ], [ 25.306020528860358, 37.442836976148428 ] ] } },
{ "type": "Feature", "properties": { "label": "T43", "land_cover_score": 3.0, "slope_score": 3, "erosion_score": 1.0, "elevation_score": 2, "CVI_equal": 2.1213203435596424, "CVI_equal_norm": 0.21486761036234944, "CVI_equal_class": 1, "CVI_equal_label": "Very Low Vulnerability", "CVI_equal_color": "green" }, "geometry": { "type": "LineString", "coordinates": [ [ 25.308706393940618, 37.441053542323537 ], [ 25.305653131818936, 37.442557717853603 ] ] } },
{ "type": "Feature", "properties": { "label": "T44", "land_cover_score": 3.0, "slope_score": 3, "erosion_score": 1.0, "elevation_score": 2, "CVI_equal": 2.1213203435596424, "CVI_equal_norm": 0.21486761036234944, "CVI_equal_class": 1, "CVI_equal_label": "Very Low Vulnerability", "CVI_equal_color": "green" }, "geometry": { "type": "LineString", "coordinates": [ [ 25.309037066918943, 37.441595033059848 ], [ 25.305703331942933, 37.442659582772144 ] ] } },
{ "type": "Feature", "properties": { "label": "T45", "land_cover_score": 3.0, "slope_score": 3, "erosion_score": 1.0, "elevation_score": 2, "CVI_equal": 2.1213203435596424, "CVI_equal_norm": 0.21486761036234944, "CVI_equal_class": 1, "CVI_equal_label": "Very Low Vulnerability", "CVI_equal_color": "green" }, "geometry": { "type": "LineString", "coordinates": [ [ 25.309243985950793, 37.442087672822936 ], [ 25.305779234774008, 37.442843827319884 ] ] } },
{ "type": "Feature", "properties": { "label": "T46", "land_cover_score": 3.0, "slope_score": 2, "erosion_score": 1.0, "elevation_score": 2, "CVI_equal": 1.7320508075688772, "CVI_equal_norm": 0.14823672360025139, "CVI_equal_class": 1, "CVI_equal_label": "Very Low Vulnerability", "CVI_equal_color": "green" }, "geometry": { "type": "LineString", "coordinates": [ [ 25.309383606625957, 37.442917797622421 ], [ 25.305800127378969, 37.442707432411282 ] ] } },
{ "type": "Feature", "properties": { "label": "T47", "land_cover_score": 3.0, "slope_score": 2, "erosion_score": 1.0, "elevation_score": 2, "CVI_equal": 1.7320508075688772, "CVI_equal_norm": 0.14823672360025139, "CVI_equal_class": 1, "CVI_equal_label": "Very Low Vulnerability", "CVI_equal_color": "green" }, "geometry": { "type": "LineString", "coordinates": [ [ 25.307802758346693, 37.444429544431536 ], [ 25.306945417266945, 37.44165904112235 ] ] } },
{ "type": "Feature", "properties": { "label": "T48", "land_cover_score": 3.0, "slope_score": 2, "erosion_score": 1.0, "elevation_score": 2, "CVI_equal": 1.7320508075688772, "CVI_equal_norm": 0.14823672360025139, "CVI_equal_class": 1, "CVI_equal_label": "Very Low Vulnerability", "CVI_equal_color": "green" }, "geometry": { "type": "LineString", "coordinates": [ [ 25.306831975792843, 37.444488574975587 ], [ 25.307028513614473, 37.4416399476371 ] ] } },
{ "type": "Feature", "properties": { "label": "T49", "land_cover_score": 3.0, "slope_score": 3, "erosion_score": 1.0, "elevation_score": 2, "CVI_equal": 2.1213203435596424, "CVI_equal_norm": 0.21486761036234944, "CVI_equal_class": 1, "CVI_equal_label": "Very Low Vulnerability", "CVI_equal_color": "green" }, "geometry": { "type": "LineString", "coordinates": [ [ 25.308166330366188, 37.444110024048555 ], [ 25.305159465934459, 37.442548071670728 ] ] } },
{ "type": "Feature", "properties": { "label": "T50", "land_cover_score": 3.0, "slope_score": 2, "erosion_score": 1.0, "elevation_score": 2, "CVI_equal": 1.7320508075688772, "CVI_equal_norm": 0.14823672360025139, "CVI_equal_class": 1, "CVI_equal_label": "Very Low Vulnerability", "CVI_equal_color": "green" }, "geometry": { "type": "LineString", "coordinates": [ [ 25.308045626484596, 37.444446455715628 ], [ 25.305034037678841, 37.442890258478769 ] ] } },
{ "type": "Feature", "properties": { "label": "T51", "land_cover_score": null, "slope_score": 4, "erosion_score": 1.0, "elevation_score": 5, "CVI_equal": 2.5819888974716112, "CVI_equal_norm": 0.29371979737576126, "CVI_equal_class": 2, "CVI_equal_label": "Low Vulnerability", "CVI_equal_color": "lightgreen" }, "geometry": { "type": "LineString", "coordinates": [ [ 25.307986259935888, 37.44316538817165 ], [ 25.305011879622729, 37.44476605322739 ] ] } },
{ "type": "Feature", "properties": { "label": "T52", "land_cover_score": 3.0, "slope_score": 3, "erosion_score": 1.0, "elevation_score": 2, "CVI_equal": 2.1213203435596424, "CVI_equal_norm": 0.21486761036234944, "CVI_equal_class": 1, "CVI_equal_label": "Very Low Vulnerability", "CVI_equal_color": "green" }, "geometry": { "type": "LineString", "coordinates": [ [ 25.306623236560778, 37.44568349067044 ], [ 25.306356895200491, 37.442838486068958 ] ] } },
{ "type": "Feature", "properties": { "label": "T53", "land_cover_score": 3.0, "slope_score": 3, "erosion_score": 1.0, "elevation_score": 2, "CVI_equal": 2.1213203435596424, "CVI_equal_norm": 0.21486761036234944, "CVI_equal_class": 1, "CVI_equal_label": "Very Low Vulnerability", "CVI_equal_color": "green" }, "geometry": { "type": "LineString", "coordinates": [ [ 25.306818233486304, 37.445642613728744 ], [ 25.305306131013278, 37.443054663346032 ] ] } },
{ "type": "Feature", "properties": { "label": "T54", "land_cover_score": null, "slope_score": 2, "erosion_score": 1.0, "elevation_score": 5, "CVI_equal": 1.8257418583505538, "CVI_equal_norm": 0.16427372937150181, "CVI_equal_class": 1, "CVI_equal_label": "Very Low Vulnerability", "CVI_equal_color": "green" }, "geometry": { "type": "LineString", "coordinates": [ [ 25.304168089069464, 37.44411786987915 ], [ 25.30776131207508, 37.444104727076997 ] ] } },
{ "type": "Feature", "properties": { "label": "T55", "land_cover_score": 3.0, "slope_score": 1, "erosion_score": 1.0, "elevation_score": 2, "CVI_equal": 1.2247448713915889, "CVI_equal_norm": 0.061401661356975973, "CVI_equal_class": 1, "CVI_equal_label": "Very Low Vulnerability", "CVI_equal_color": "green" }, "geometry": { "type": "LineString", "coordinates": [ [ 25.304578881426053, 37.445017379152091 ], [ 25.306735813211773, 37.442735666363021 ] ] } },
{ "type": "Feature", "properties": { "label": "T56", "land_cover_score": 2.0, "slope_score": 2, "erosion_score": 1.0, "elevation_score": 2, "CVI_equal": 1.4142135623730951, "CVI_equal_norm": 0.093832832374815878, "CVI_equal_class": 1, "CVI_equal_label": "Very Low Vulnerability", "CVI_equal_color": "green" }, "geometry": { "type": "LineString", "coordinates": [ [ 25.306731641325101, 37.445087825629606 ], [ 25.304030389499861, 37.443206530461048 ] ] } },
{ "type": "Feature", "properties": { "label": "T57", "land_cover_score": 2.0, "slope_score": 2, "erosion_score": 1.0, "elevation_score": 2, "CVI_equal": 1.4142135623730951, "CVI_equal_norm": 0.093832832374815878, "CVI_equal_class": 1, "CVI_equal_label": "Very Low Vulnerability", "CVI_equal_color": "green" }, "geometry": { "type": "LineString", "coordinates": [ [ 25.303664796747249, 37.445213860828289 ], [ 25.306510615254403, 37.443472090556263 ] ] } },
{ "type": "Feature", "properties": { "label": "T58", "land_cover_score": 2.0, "slope_score": 1, "erosion_score": 1.0, "elevation_score": 2, "CVI_equal": 1.0, "CVI_equal_norm": 0.022932300948535201, "CVI_equal_class": 1, "CVI_equal_label": "Very Low Vulnerability", "CVI_equal_color": "green" }, "geometry": { "type": "LineString", "coordinates": [ [ 25.305380974441796, 37.445475574727418 ], [ 25.30444088065569, 37.442722083837964 ] ] } },
{ "type": "Feature", "properties": { "label": "T59", "land_cover_score": null, "slope_score": 5, "erosion_score": 1.0, "elevation_score": 5, "CVI_equal": 2.8867513459481291, "CVI_equal_norm": 0.3458856884005867, "CVI_equal_class": 2, "CVI_equal_label": "Low Vulnerability", "CVI_equal_color": "lightgreen" }, "geometry": { "type": "LineString", "coordinates": [ [ 25.305921782825777, 37.445215725179018 ], [ 25.30318866997624, 37.443363667754461 ] ] } },
{ "type": "Feature", "properties": { "label": "T60", "land_cover_score": 2.0, "slope_score": 1, "erosion_score": 1.0, "elevation_score": 2, "CVI_equal": 1.0, "CVI_equal_norm": 0.022932300948535201, "CVI_equal_class": 1, "CVI_equal_label": "Very Low Vulnerability", "CVI_equal_color": "green" }, "geometry": { "type": "LineString", "coordinates": [ [ 25.302646331016973, 37.444435850793646 ], [ 25.306153548461211, 37.443815275279697 ] ] } },
{ "type": "Feature", "properties": { "label": "T61", "land_cover_score": 3.0, "slope_score": 2, "erosion_score": 1.0, "elevation_score": 2, "CVI_equal": 1.7320508075688772, "CVI_equal_norm": 0.14823672360025139, "CVI_equal_class": 1, "CVI_equal_label": "Very Low Vulnerability", "CVI_equal_color": "green" }, "geometry": { "type": "LineString", "coordinates": [ [ 25.302805065674807, 37.444807473569668 ], [ 25.305461854758835, 37.44288667383897 ] ] } },
{ "type": "Feature", "properties": { "label": "T62", "land_cover_score": 2.0, "slope_score": 2, "erosion_score": 1.0, "elevation_score": 1, "CVI_equal": 1.0, "CVI_equal_norm": 0.022932300948535201, "CVI_equal_class": 1, "CVI_equal_label": "Very Low Vulnerability", "CVI_equal_color": "green" }, "geometry": { "type": "LineString", "coordinates": [ [ 25.30234317209106, 37.443404062252576 ], [ 25.305928485619372, 37.443593703270508 ] ] } },
{ "type": "Feature", "properties": { "label": "T63", "land_cover_score": 2.0, "slope_score": 4, "erosion_score": 1.0, "elevation_score": 5, "CVI_equal": 3.1622776601683795, "CVI_equal_norm": 0.39304725884318936, "CVI_equal_class": 2, "CVI_equal_label": "Low Vulnerability", "CVI_equal_color": "lightgreen" }, "geometry": { "type": "LineString", "coordinates": [ [ 25.304283694997782, 37.444695935117068 ], [ 25.303344008084135, 37.441942327988734 ] ] } },
{ "type": "Feature", "properties": { "label": "T64", "land_cover_score": 3.0, "slope_score": 3, "erosion_score": 1.0, "elevation_score": 2, "CVI_equal": 2.1213203435596424, "CVI_equal_norm": 0.21486761036234944, "CVI_equal_class": 1, "CVI_equal_label": "Very Low Vulnerability", "CVI_equal_color": "green" }, "geometry": { "type": "LineString", "coordinates": [ [ 25.301719427834165, 37.443222957191153 ], [ 25.305309969260993, 37.443333934627432 ] ] } },
{ "type": "Feature", "properties": { "label": "T65", "land_cover_score": 2.0, "slope_score": 3, "erosion_score": 1.0, "elevation_score": 2, "CVI_equal": 1.7320508075688772, "CVI_equal_norm": 0.14823672360025139, "CVI_equal_class": 1, "CVI_equal_label": "Very Low Vulnerability", "CVI_equal_color": "green" }, "geometry": { "type": "LineString", "coordinates": [ [ 25.301595583566069, 37.442699928946354 ], [ 25.305110140051706, 37.443293764496744 ] ] } },
{ "type": "Feature", "properties": { "label": "T66", "land_cover_score": 2.0, "slope_score": 3, "erosion_score": 1.0, "elevation_score": 2, "CVI_equal": 1.7320508075688772, "CVI_equal_norm": 0.14823672360025139, "CVI_equal_class": 1, "CVI_equal_label": "Very Low Vulnerability", "CVI_equal_color": "green" }, "geometry": { "type": "LineString", "coordinates": [ [ 25.302122932913939, 37.441737912254261 ], [ 25.304854564510308, 37.443591386933839 ] ] } },
{ "type": "Feature", "properties": { "label": "T67", "land_cover_score": 3.0, "slope_score": 2, "erosion_score": 1.0, "elevation_score": 2, "CVI_equal": 1.7320508075688772, "CVI_equal_norm": 0.14823672360025139, "CVI_equal_class": 1, "CVI_equal_label": "Very Low Vulnerability", "CVI_equal_color": "green" }, "geometry": { "type": "LineString", "coordinates": [ [ 25.302756515588356, 37.441259213860796 ], [ 25.304857600516382, 37.443573586094764 ] ] } },
{ "type": "Feature", "properties": { "label": "T68", "land_cover_score": 3.0, "slope_score": 3, "erosion_score": 1.0, "elevation_score": 2, "CVI_equal": 2.1213203435596424, "CVI_equal_norm": 0.21486761036234944, "CVI_equal_class": 1, "CVI_equal_label": "Very Low Vulnerability", "CVI_equal_color": "green" }, "geometry": { "type": "LineString", "coordinates": [ [ 25.30281214316809, 37.441208596890171 ], [ 25.305456199800247, 37.443140482734911 ] ] } },
{ "type": "Feature", "properties": { "label": "T69", "land_cover_score": 3.0, "slope_score": 3, "erosion_score": 1.0, "elevation_score": 3, "CVI_equal": 2.598076211353316, "CVI_equal_norm": 0.29647344720050284, "CVI_equal_class": 2, "CVI_equal_label": "Low Vulnerability", "CVI_equal_color": "lightgreen" }, "geometry": { "type": "LineString", "coordinates": [ [ 25.304893071620658, 37.440587204177461 ], [ 25.303964318393582, 37.443343198512544 ] ] } },
{ "type": "Feature", "properties": { "label": "T70", "land_cover_score": 3.0, "slope_score": 3, "erosion_score": 1.0, "elevation_score": 2, "CVI_equal": 2.1213203435596424, "CVI_equal_norm": 0.21486761036234944, "CVI_equal_class": 1, "CVI_equal_label": "Very Low Vulnerability", "CVI_equal_color": "green" }, "geometry": { "type": "LineString", "coordinates": [ [ 25.303146234734129, 37.441373937044965 ], [ 25.306440625574101, 37.44251308712618 ] ] } },
{ "type": "Feature", "properties": { "label": "T71", "land_cover_score": 3.0, "slope_score": 3, "erosion_score": 1.0, "elevation_score": 2, "CVI_equal": 2.1213203435596424, "CVI_equal_norm": 0.21486761036234944, "CVI_equal_class": 1, "CVI_equal_label": "Very Low Vulnerability", "CVI_equal_color": "green" }, "geometry": { "type": "LineString", "coordinates": [ [ 25.304518691576011, 37.440337926676385 ], [ 25.305609882990819, 37.443056146198572 ] ] } },
{ "type": "Feature", "properties": { "label": "T72", "land_cover_score": 3.0, "slope_score": 3, "erosion_score": 1.0, "elevation_score": 2, "CVI_equal": 2.1213203435596424, "CVI_equal_norm": 0.21486761036234944, "CVI_equal_class": 1, "CVI_equal_label": "Very Low Vulnerability", "CVI_equal_color": "green" }, "geometry": { "type": "LineString", "coordinates": [ [ 25.303872894436708, 37.440708204134935 ], [ 25.306897773080994, 37.442248112880819 ] ] } },
{ "type": "Feature", "properties": { "label": "T73", "land_cover_score": 3.0, "slope_score": 3, "erosion_score": 1.0, "elevation_score": 2, "CVI_equal": 2.1213203435596424, "CVI_equal_norm": 0.21486761036234944, "CVI_equal_class": 1, "CVI_equal_label": "Very Low Vulnerability", "CVI_equal_color": "green" }, "geometry": { "type": "LineString", "coordinates": [ [ 25.304913485845507, 37.44000591985283 ], [ 25.306561330115084, 37.442541198184905 ] ] } },
{ "type": "Feature", "properties": { "label": "T74", "land_cover_score": 3.0, "slope_score": 3, "erosion_score": 1.0, "elevation_score": 4, "CVI_equal": 3.0, "CVI_equal_norm": 0.36527035004610842, "CVI_equal_class": 2, "CVI_equal_label": "Low Vulnerability", "CVI_equal_color": "lightgreen" }, "geometry": { "type": "LineString", "coordinates": [ [ 25.30459955104244, 37.440159335904902 ], [ 25.307473039976379, 37.44187230658126 ] ] } },
{ "type": "Feature", "properties": { "label": "T75", "land_cover_score": 3.0, "slope_score": 3, "erosion_score": 1.0, "elevation_score": 2, "CVI_equal": 2.1213203435596424, "CVI_equal_norm": 0.21486761036234944, "CVI_equal_class": 1, "CVI_equal_label": "Very Low Vulnerability", "CVI_equal_color": "green" }, "geometry": { "type": "LineString", "coordinates": [ [ 25.307331931637464, 37.439923281751184 ], [ 25.305493077341023, 37.442374365972334 ] ] } },
{ "type": "Feature", "properties": { "label": "T76", "land_cover_score": null, "slope_score": 5, "erosion_score": null, "elevation_score": 5, "CVI_equal": 3.5355339059327378, "CVI_equal_norm": 0.45693716633741682, "CVI_equal_class": 2, "CVI_equal_label": "Low Vulnerability", "CVI_equal_color": "lightgreen" }, "geometry": { "type": "LineString", "coordinates": [ [ 25.305803386746209, 37.440006490848518 ], [ 25.307785395304794, 37.442386195504177 ] ] } },
{ "type": "Feature", "properties": { "label": "T77", "land_cover_score": null, "slope_score": 5, "erosion_score": null, "elevation_score": 5, "CVI_equal": 3.5355339059327378, "CVI_equal_norm": 0.45693716633741682, "CVI_equal_class": 2, "CVI_equal_label": "Low Vulnerability", "CVI_equal_color": "lightgreen" }, "geometry": { "type": "LineString", "coordinates": [ [ 25.305805409493399, 37.439978904046995 ], [ 25.308431958140329, 37.441925818816699 ] ] } },
{ "type": "Feature", "properties": { "label": "T78", "land_cover_score": null, "slope_score": 4, "erosion_score": 1.0, "elevation_score": 5, "CVI_equal": 2.5819888974716112, "CVI_equal_norm": 0.29371979737576126, "CVI_equal_class": 2, "CVI_equal_label": "Low Vulnerability", "CVI_equal_color": "lightgreen" }, "geometry": { "type": "LineString", "coordinates": [ [ 25.306111921315928, 37.439718221717882 ], [ 25.308738469961302, 37.441665143271294 ] ] } },
{ "type": "Feature", "properties": { "label": "T79", "land_cover_score": 3.0, "slope_score": 3, "erosion_score": 1.0, "elevation_score": 2, "CVI_equal": 2.1213203435596424, "CVI_equal_norm": 0.21486761036234944, "CVI_equal_class": 1, "CVI_equal_label": "Very Low Vulnerability", "CVI_equal_color": "green" }, "geometry": { "type": "LineString", "coordinates": [ [ 25.306418433136901, 37.439457538481982 ], [ 25.309044981783831, 37.441404466816437 ] ] } },
{ "type": "Feature", "properties": { "label": "T80", "land_cover_score": 3.0, "slope_score": 4, "erosion_score": 1.0, "elevation_score": 2, "CVI_equal": 2.4494897427831779, "CVI_equal_norm": 0.27104004631420336, "CVI_equal_class": 1, "CVI_equal_label": "Very Low Vulnerability", "CVI_equal_color": "green" }, "geometry": { "type": "LineString", "coordinates": [ [ 25.306724944958656, 37.439196854337318 ], [ 25.309351493605583, 37.441143789454131 ] ] } },
{ "type": "Feature", "properties": { "label": "T81", "land_cover_score": 3.0, "slope_score": 4, "erosion_score": 1.0, "elevation_score": 2, "CVI_equal": 2.4494897427831779, "CVI_equal_norm": 0.27104004631420336, "CVI_equal_class": 1, "CVI_equal_label": "Very Low Vulnerability", "CVI_equal_color": "green" }, "geometry": { "type": "LineString", "coordinates": [ [ 25.307031456780408, 37.43893616928456 ], [ 25.309658005427337, 37.440883111183695 ] ] } },
{ "type": "Feature", "properties": { "label": "T82", "land_cover_score": 2.0, "slope_score": 4, "erosion_score": 1.0, "elevation_score": 3, "CVI_equal": 2.4494897427831779, "CVI_equal_norm": 0.27104004631420336, "CVI_equal_class": 1, "CVI_equal_label": "Very Low Vulnerability", "CVI_equal_color": "green" }, "geometry": { "type": "LineString", "coordinates": [ [ 25.307337968602937, 37.438675483323031 ], [ 25.309964517248311, 37.440622432005817 ] ] } },
{ "type": "Feature", "properties": { "label": "T83", "land_cover_score": 3.0, "slope_score": 4, "erosion_score": 1.0, "elevation_score": 4, "CVI_equal": 3.4641016151377544, "CVI_equal_norm": 0.4447101708007542, "CVI_equal_class": 2, "CVI_equal_label": "Low Vulnerability", "CVI_equal_color": "lightgreen" }, "geometry": { "type": "LineString", "coordinates": [ [ 25.307644480423914, 37.438414796454744 ], [ 25.310271029070844, 37.440361751918509 ] ] } },
{ "type": "Feature", "properties": { "label": "T84", "land_cover_score": 3.0, "slope_score": 3, "erosion_score": 1.0, "elevation_score": 3, "CVI_equal": 2.598076211353316, "CVI_equal_norm": 0.29647344720050284, "CVI_equal_class": 2, "CVI_equal_label": "Low Vulnerability", "CVI_equal_color": "lightgreen" }, "geometry": { "type": "LineString", "coordinates": [ [ 25.307950992245665, 37.438154108677686 ], [ 25.310577540892595, 37.440101070923738 ] ] } },
{ "type": "Feature", "properties": { "label": "T85", "land_cover_score": 3.0, "slope_score": 3, "erosion_score": 1.0, "elevation_score": 2, "CVI_equal": 2.1213203435596424, "CVI_equal_norm": 0.21486761036234944, "CVI_equal_class": 1, "CVI_equal_label": "Very Low Vulnerability", "CVI_equal_color": "green" }, "geometry": { "type": "LineString", "coordinates": [ [ 25.308257504067416, 37.437893419992548 ], [ 25.310884052714346, 37.439840389020858 ] ] } },
{ "type": "Feature", "properties": { "label": "T86", "land_cover_score": 3.0, "slope_score": 3, "erosion_score": 1.0, "elevation_score": 2, "CVI_equal": 2.1213203435596424, "CVI_equal_norm": 0.21486761036234944, "CVI_equal_class": 1, "CVI_equal_label": "Very Low Vulnerability", "CVI_equal_color": "green" }, "geometry": { "type": "LineString", "coordinates": [ [ 25.308564015888752, 37.437632730399663 ], [ 25.311190564536517, 37.439579706209514 ] ] } },
{ "type": "Feature", "properties": { "label": "T87", "land_cover_score": 5.0, "slope_score": 2, "erosion_score": 1.0, "elevation_score": 2, "CVI_equal": 2.2360679774997898, "CVI_equal_norm": 0.23450885093316573, "CVI_equal_class": 1, "CVI_equal_label": "Very Low Vulnerability", "CVI_equal_color": "green" }, "geometry": { "type": "LineString", "coordinates": [ [ 25.308870527710919, 37.43737203989798 ], [ 25.311497076357849, 37.439319022490785 ] ] } },
{ "type": "Feature", "properties": { "label": "T88", "land_cover_score": 5.0, "slope_score": 2, "erosion_score": 1.0, "elevation_score": 1, "CVI_equal": 1.5811388300841898, "CVI_equal_norm": 0.122405267621469, "CVI_equal_class": 1, "CVI_equal_label": "Very Low Vulnerability", "CVI_equal_color": "green" }, "geometry": { "type": "LineString", "coordinates": [ [ 25.309499804787379, 37.436949042506583 ], [ 25.311557171447205, 37.439288177086524 ] ] } },
{ "type": "Feature", "properties": { "label": "T89", "land_cover_score": 5.0, "slope_score": 2, "erosion_score": 1.0, "elevation_score": 1, "CVI_equal": 1.5811388300841898, "CVI_equal_norm": 0.122405267621469, "CVI_equal_class": 1, "CVI_equal_label": "Very Low Vulnerability", "CVI_equal_color": "green" }, "geometry": { "type": "LineString", "coordinates": [ [ 25.309868051648497, 37.436744842731322 ], [ 25.311925418307531, 37.439083983694168 ] ] } },
{ "type": "Feature", "properties": { "label": "T90", "land_cover_score": 5.0, "slope_score": 2, "erosion_score": 1.0, "elevation_score": 1, "CVI_equal": 1.5811388300841898, "CVI_equal_norm": 0.122405267621469, "CVI_equal_class": 1, "CVI_equal_label": "Very Low Vulnerability", "CVI_equal_color": "green" }, "geometry": { "type": "LineString", "coordinates": [ [ 25.310236298510347, 37.436540642398498 ], [ 25.312293665167132, 37.438879789745059 ] ] } },
{ "type": "Feature", "properties": { "label": "T91", "land_cover_score": 3.0, "slope_score": 1, "erosion_score": 1.0, "elevation_score": 2, "CVI_equal": 1.2247448713915889, "CVI_equal_norm": 0.061401661356975973, "CVI_equal_class": 1, "CVI_equal_label": "Very Low Vulnerability", "CVI_equal_color": "green" }, "geometry": { "type": "LineString", "coordinates": [ [ 25.310604545369948, 37.436336441509781 ], [ 25.312661912028986, 37.438675595237548 ] ] } },
{ "type": "Feature", "properties": { "label": "T92", "land_cover_score": 3.0, "slope_score": 1, "erosion_score": 1.0, "elevation_score": 1, "CVI_equal": 0.8660254037844386, "CVI_equal_norm": 0.0, "CVI_equal_class": 1, "CVI_equal_label": "Very Low Vulnerability", "CVI_equal_color": "green" }, "geometry": { "type": "LineString", "coordinates": [ [ 25.310972792230675, 37.43613224006328 ], [ 25.313030158889713, 37.438471400173476 ] ] } },
{ "type": "Feature", "properties": { "label": "T93", "land_cover_score": 3.0, "slope_score": 1, "erosion_score": 1.0, "elevation_score": 1, "CVI_equal": 0.8660254037844386, "CVI_equal_norm": 0.0, "CVI_equal_class": 1, "CVI_equal_label": "Very Low Vulnerability", "CVI_equal_color": "green" }, "geometry": { "type": "LineString", "coordinates": [ [ 25.311341039091403, 37.435928038059622 ], [ 25.313398405750437, 37.438267204552247 ] ] } },
{ "type": "Feature", "properties": { "label": "T94", "land_cover_score": 3.0, "slope_score": 1, "erosion_score": 1.0, "elevation_score": 1, "CVI_equal": 0.8660254037844386, "CVI_equal_norm": 0.0, "CVI_equal_class": 1, "CVI_equal_label": "Very Low Vulnerability", "CVI_equal_color": "green" }, "geometry": { "type": "LineString", "coordinates": [ [ 25.311709285952126, 37.435723835498813 ], [ 25.313766652611161, 37.438063008373852 ] ] } },
{ "type": "Feature", "properties": { "label": "T95", "land_cover_score": 5.0, "slope_score": 1, "erosion_score": 1.0, "elevation_score": 1, "CVI_equal": 1.1180339887498949, "CVI_equal_norm": 0.043136063666457163, "CVI_equal_class": 1, "CVI_equal_label": "Very Low Vulnerability", "CVI_equal_color": "green" }, "geometry": { "type": "LineString", "coordinates": [ [ 25.31207753281285, 37.435519632380846 ], [ 25.314134899471888, 37.437858811638293 ] ] } },
{ "type": "Feature", "properties": { "label": "T96", "land_cover_score": 5.0, "slope_score": 1, "erosion_score": 1.0, "elevation_score": 1, "CVI_equal": 1.1180339887498949, "CVI_equal_norm": 0.043136063666457163, "CVI_equal_class": 1, "CVI_equal_label": "Very Low Vulnerability", "CVI_equal_color": "green" }, "geometry": { "type": "LineString", "coordinates": [ [ 25.31244577967357, 37.435315428705749 ], [ 25.314503146332612, 37.437654614345568 ] ] } },
{ "type": "Feature", "properties": { "label": "T97", "land_cover_score": 5.0, "slope_score": 1, "erosion_score": 1.0, "elevation_score": 1, "CVI_equal": 1.1180339887498949, "CVI_equal_norm": 0.043136063666457163, "CVI_equal_class": 1, "CVI_equal_label": "Very Low Vulnerability", "CVI_equal_color": "green" }, "geometry": { "type": "LineString", "coordinates": [ [ 25.312814026534301, 37.435111224473495 ], [ 25.314871393193336, 37.437450416495686 ] ] } },
{ "type": "Feature", "properties": { "label": "T98", "land_cover_score": 2.0, "slope_score": 2, "erosion_score": 1.0, "elevation_score": 1, "CVI_equal": 1.0, "CVI_equal_norm": 0.022932300948535201, "CVI_equal_class": 1, "CVI_equal_label": "Very Low Vulnerability", "CVI_equal_color": "green" }, "geometry": { "type": "LineString", "coordinates": [ [ 25.313182273396151, 37.434907019683465 ], [ 25.315239640052937, 37.437246218089278 ] ] } },
{ "type": "Feature", "properties": { "label": "T99", "land_cover_score": 5.0, "slope_score": 2, "erosion_score": 1.0, "elevation_score": 1, "CVI_equal": 1.5811388300841898, "CVI_equal_norm": 0.122405267621469, "CVI_equal_class": 1, "CVI_equal_label": "Very Low Vulnerability", "CVI_equal_color": "green" }, "geometry": { "type": "LineString", "coordinates": [ [ 25.313550520255752, 37.434702814337555 ], [ 25.31560788691479, 37.437042019124469 ] ] } },
{ "type": "Feature", "properties": { "label": "T100", "land_cover_score": 2.0, "slope_score": 2, "erosion_score": 1.0, "elevation_score": 1, "CVI_equal": 1.0, "CVI_equal_norm": 0.022932300948535201, "CVI_equal_class": 1, "CVI_equal_label": "Very Low Vulnerability", "CVI_equal_color": "green" }, "geometry": { "type": "LineString", "coordinates": [ [ 25.31391876711648, 37.434498608433849 ], [ 25.315976133775518, 37.436837819603106 ] ] } },
{ "type": "Feature", "properties": { "label": "T101", "land_cover_score": 5.0, "slope_score": 1, "erosion_score": 1.0, "elevation_score": 1, "CVI_equal": 1.1180339887498949, "CVI_equal_norm": 0.043136063666457163, "CVI_equal_class": 1, "CVI_equal_label": "Very Low Vulnerability", "CVI_equal_color": "green" }, "geometry": { "type": "LineString", "coordinates": [ [ 25.314287013976813, 37.43429440197324 ], [ 25.316344380636636, 37.436633619524379 ] ] } },
{ "type": "Feature", "properties": { "label": "T102", "land_cover_score": 3.0, "slope_score": 1, "erosion_score": 1.0, "elevation_score": 1, "CVI_equal": 0.8660254037844386, "CVI_equal_norm": 0.0, "CVI_equal_class": 1, "CVI_equal_label": "Very Low Vulnerability", "CVI_equal_color": "green" }, "geometry": { "type": "LineString", "coordinates": [ [ 25.314655260837927, 37.43409019495504 ], [ 25.316712627496969, 37.436429418888928 ] ] } },
{ "type": "Feature", "properties": { "label": "T103", "land_cover_score": 5.0, "slope_score": 1, "erosion_score": 1.0, "elevation_score": 1, "CVI_equal": 1.1180339887498949, "CVI_equal_norm": 0.043136063666457163, "CVI_equal_class": 1, "CVI_equal_label": "Very Low Vulnerability", "CVI_equal_color": "green" }, "geometry": { "type": "LineString", "coordinates": [ [ 25.315023507698655, 37.433885987379909 ], [ 25.317080874357693, 37.436225217696112 ] ] } },
{ "type": "Feature", "properties": { "label": "T104", "land_cover_score": 5.0, "slope_score": 1, "erosion_score": 1.0, "elevation_score": 1, "CVI_equal": 1.1180339887498949, "CVI_equal_norm": 0.043136063666457163, "CVI_equal_class": 1, "CVI_equal_label": "Very Low Vulnerability", "CVI_equal_color": "green" }, "geometry": { "type": "LineString", "coordinates": [ [ 25.315391754559379, 37.43368177924765 ], [ 25.317449121218413, 37.436021015946139 ] ] } },
{ "type": "Feature", "properties": { "label": "T105", "land_cover_score": 3.0, "slope_score": 1, "erosion_score": 1.0, "elevation_score": 1, "CVI_equal": 0.8660254037844386, "CVI_equal_norm": 0.0, "CVI_equal_class": 1, "CVI_equal_label": "Very Low Vulnerability", "CVI_equal_color": "green" }, "geometry": { "type": "LineString", "coordinates": [ [ 25.316814819501026, 37.433271173197603 ], [ 25.316802394215607, 37.436124373120521 ] ] } },
{ "type": "Feature", "properties": { "label": "T106", "land_cover_score": 3.0, "slope_score": 1, "erosion_score": 1.0, "elevation_score": 1, "CVI_equal": 0.8660254037844386, "CVI_equal_norm": 0.0, "CVI_equal_class": 1, "CVI_equal_label": "Very Low Vulnerability", "CVI_equal_color": "green" }, "geometry": { "type": "LineString", "coordinates": [ [ 25.315932791132276, 37.433587516363559 ], [ 25.318475285815527, 37.435603716994052 ] ] } },
{ "type": "Feature", "properties": { "label": "T107", "land_cover_score": 5.0, "slope_score": 1, "erosion_score": 1.0, "elevation_score": 1, "CVI_equal": 1.1180339887498949, "CVI_equal_norm": 0.043136063666457163, "CVI_equal_class": 1, "CVI_equal_label": "Very Low Vulnerability", "CVI_equal_color": "green" }, "geometry": { "type": "LineString", "coordinates": [ [ 25.315841894030211, 37.433686277660065 ], [ 25.319075983079298, 37.43492972002641 ] ] } },
{ "type": "Feature", "properties": { "label": "T108", "land_cover_score": 5.0, "slope_score": 1, "erosion_score": 1.0, "elevation_score": 1, "CVI_equal": 1.1180339887498949, "CVI_equal_norm": 0.043136063666457163, "CVI_equal_class": 1, "CVI_equal_label": "Very Low Vulnerability", "CVI_equal_color": "green" }, "geometry": { "type": "LineString", "coordinates": [ [ 25.316196595534816, 37.433201500981113 ], [ 25.319172974602616, 37.434800035173787 ] ] } },
{ "type": "Feature", "properties": { "label": "T109", "land_cover_score": 3.0, "slope_score": 1, "erosion_score": 1.0, "elevation_score": 1, "CVI_equal": 0.8660254037844386, "CVI_equal_norm": 0.0, "CVI_equal_class": 1, "CVI_equal_label": "Very Low Vulnerability", "CVI_equal_color": "green" }, "geometry": { "type": "LineString", "coordinates": [ [ 25.316292835358066, 37.433065307984826 ], [ 25.319521083553113, 37.434318294009543 ] ] } },
{ "type": "Feature", "properties": { "label": "T110", "land_cover_score": 3.0, "slope_score": 1, "erosion_score": 1.0, "elevation_score": 1, "CVI_equal": 0.8660254037844386, "CVI_equal_norm": 0.0, "CVI_equal_class": 1, "CVI_equal_label": "Very Low Vulnerability", "CVI_equal_color": "green" }, "geometry": { "type": "LineString", "coordinates": [ [ 25.316330691911091, 37.432978262113281 ], [ 25.319793802464552, 37.433739232178404 ] ] } },
{ "type": "Feature", "properties": { "label": "T111", "land_cover_score": 3.0, "slope_score": 1, "erosion_score": 1.0, "elevation_score": 1, "CVI_equal": 0.8660254037844386, "CVI_equal_norm": 0.0, "CVI_equal_class": 1, "CVI_equal_label": "Very Low Vulnerability", "CVI_equal_color": "green" }, "geometry": { "type": "LineString", "coordinates": [ [ 25.316601844058106, 37.432415508922226 ], [ 25.319847545627987, 37.433639745784035 ] ] } },
{ "type": "Feature", "properties": { "label": "T112", "land_cover_score": 5.0, "slope_score": 2, "erosion_score": 1.0, "elevation_score": 1, "CVI_equal": 1.5811388300841898, "CVI_equal_norm": 0.122405267621469, "CVI_equal_class": 1, "CVI_equal_label": "Very Low Vulnerability", "CVI_equal_color": "green" }, "geometry": { "type": "LineString", "coordinates": [ [ 25.317474583629345, 37.431617860898776 ], [ 25.319573041877433, 37.433934033261906 ] ] } },
{ "type": "Feature", "properties": { "label": "T113", "land_cover_score": 3.0, "slope_score": 1, "erosion_score": 1.0, "elevation_score": 1, "CVI_equal": 0.8660254037844386, "CVI_equal_norm": 0.0, "CVI_equal_class": 1, "CVI_equal_label": "Very Low Vulnerability", "CVI_equal_color": "green" }, "geometry": { "type": "LineString", "coordinates": [ [ 25.31696597302583, 37.432165097160144 ], [ 25.320471439496124, 37.432791975433965 ] ] } },
{ "type": "Feature", "properties": { "label": "T114", "land_cover_score": 3.0, "slope_score": 1, "erosion_score": 1.0, "elevation_score": 1, "CVI_equal": 0.8660254037844386, "CVI_equal_norm": 0.0, "CVI_equal_class": 1, "CVI_equal_label": "Very Low Vulnerability", "CVI_equal_color": "green" }, "geometry": { "type": "LineString", "coordinates": [ [ 25.317873323733973, 37.431144438778503 ], [ 25.320192001374114, 37.433324202513518 ] ] } },
{ "type": "Feature", "properties": { "label": "T115", "land_cover_score": 3.0, "slope_score": 2, "erosion_score": 1.0, "elevation_score": 1, "CVI_equal": 1.2247448713915889, "CVI_equal_norm": 0.061401661356975973, "CVI_equal_class": 1, "CVI_equal_label": "Very Low Vulnerability", "CVI_equal_color": "green" }, "geometry": { "type": "LineString", "coordinates": [ [ 25.317629485019495, 37.431434468631643 ], [ 25.320974684994955, 37.43247624115174 ] ] } },
{ "type": "Feature", "properties": { "label": "T116", "land_cover_score": 3.0, "slope_score": 2, "erosion_score": 1.0, "elevation_score": 1, "CVI_equal": 1.2247448713915889, "CVI_equal_norm": 0.061401661356975973, "CVI_equal_class": 1, "CVI_equal_label": "Very Low Vulnerability", "CVI_equal_color": "green" }, "geometry": { "type": "LineString", "coordinates": [ [ 25.317572368594057, 37.431770361753088 ], [ 25.321143416659552, 37.431453583479801 ] ] } },
{ "type": "Feature", "properties": { "label": "T117", "land_cover_score": 3.0, "slope_score": 1, "erosion_score": 1.0, "elevation_score": 1, "CVI_equal": 0.8660254037844386, "CVI_equal_norm": 0.0, "CVI_equal_class": 1, "CVI_equal_label": "Very Low Vulnerability", "CVI_equal_color": "green" }, "geometry": { "type": "LineString", "coordinates": [ [ 25.317594294185295, 37.431863444256116 ], [ 25.320866996202739, 37.430685375372597 ] ] } },
{ "type": "Feature", "properties": { "label": "T118", "land_cover_score": 5.0, "slope_score": 2, "erosion_score": 1.0, "elevation_score": 1, "CVI_equal": 1.5811388300841898, "CVI_equal_norm": 0.122405267621469, "CVI_equal_class": 1, "CVI_equal_label": "Very Low Vulnerability", "CVI_equal_color": "green" }, "geometry": { "type": "LineString", "coordinates": [ [ 25.317391933144133, 37.431487301003585 ], [ 25.320716927961389, 37.430405495531375 ] ] } },
{ "type": "Feature", "properties": { "label": "T119", "land_cover_score": 3.0, "slope_score": 2, "erosion_score": 1.0, "elevation_score": 1, "CVI_equal": 1.2247448713915889, "CVI_equal_norm": 0.061401661356975973, "CVI_equal_class": 1, "CVI_equal_label": "Very Low Vulnerability", "CVI_equal_color": "green" }, "geometry": { "type": "LineString", "coordinates": [ [ 25.317185128635991, 37.430997938957368 ], [ 25.320641793791168, 37.430218681446597 ] ] } },
{ "type": "Feature", "properties": { "label": "T120", "land_cover_score": 3.0, "slope_score": 3, "erosion_score": 1.0, "elevation_score": 1, "CVI_equal": 1.5, "CVI_equal_norm": 0.1085168132229285, "CVI_equal_class": 1, "CVI_equal_label": "Very Low Vulnerability", "CVI_equal_color": "green" }, "geometry": { "type": "LineString", "coordinates": [ [ 25.31706303267902, 37.430658461812399 ], [ 25.320517197215679, 37.429872239714335 ] ] } },
{ "type": "Feature", "properties": { "label": "T121", "land_cover_score": 3.0, "slope_score": 2, "erosion_score": 1.0, "elevation_score": 1, "CVI_equal": 1.2247448713915889, "CVI_equal_norm": 0.061401661356975973, "CVI_equal_class": 1, "CVI_equal_label": "Very Low Vulnerability", "CVI_equal_color": "green" }, "geometry": { "type": "LineString", "coordinates": [ [ 25.316992613920451, 37.429779146165089 ], [ 25.320569775386989, 37.430048954050221 ] ] } },
{ "type": "Feature", "properties": { "label": "T122", "land_cover_score": 3.0, "slope_score": 2, "erosion_score": 1.0, "elevation_score": 1, "CVI_equal": 1.2247448713915889, "CVI_equal_norm": 0.061401661356975973, "CVI_equal_class": 1, "CVI_equal_label": "Very Low Vulnerability", "CVI_equal_color": "green" }, "geometry": { "type": "LineString", "coordinates": [ [ 25.317385583492321, 37.428906855188444 ], [ 25.320536697533882, 37.430278147020864 ] ] } },
{ "type": "Feature", "properties": { "label": "T123", "land_cover_score": 3.0, "slope_score": 2, "erosion_score": 1.0, "elevation_score": 1, "CVI_equal": 1.2247448713915889, "CVI_equal_norm": 0.061401661356975973, "CVI_equal_class": 1, "CVI_equal_label": "Very Low Vulnerability", "CVI_equal_color": "green" }, "geometry": { "type": "LineString", "coordinates": [ [ 25.31725059315459, 37.430006835042107 ], [ 25.320348809626459, 37.428561526278529 ] ] } },
{ "type": "Feature", "properties": { "label": "T124", "land_cover_score": 5.0, "slope_score": 1, "erosion_score": 1.0, "elevation_score": 1, "CVI_equal": 1.1180339887498949, "CVI_equal_norm": 0.043136063666457163, "CVI_equal_class": 1, "CVI_equal_label": "Very Low Vulnerability", "CVI_equal_color": "green" }, "geometry": { "type": "LineString", "coordinates": [ [ 25.317253062226655, 37.428422430826771 ], [ 25.320585309854408, 37.429490099907099 ] ] } },
{ "type": "Feature", "properties": { "label": "T125", "land_cover_score": 3.0, "slope_score": 1, "erosion_score": 1.0, "elevation_score": 1, "CVI_equal": 0.8660254037844386, "CVI_equal_norm": 0.0, "CVI_equal_class": 1, "CVI_equal_label": "Very Low Vulnerability", "CVI_equal_color": "green" }, "geometry": { "type": "LineString", "coordinates": [ [ 25.317766542027876, 37.427792587497571 ], [ 25.32060075077575, 37.429546617007112 ] ] } },
{ "type": "Feature", "properties": { "label": "T126", "land_cover_score": 5.0, "slope_score": 2, "erosion_score": 1.0, "elevation_score": 1, "CVI_equal": 1.5811388300841898, "CVI_equal_norm": 0.122405267621469, "CVI_equal_class": 1, "CVI_equal_label": "Very Low Vulnerability", "CVI_equal_color": "green" }, "geometry": { "type": "LineString", "coordinates": [ [ 25.318031824267173, 37.427518374578355 ], [ 25.320882811793087, 37.429255178499226 ] ] } },
{ "type": "Feature", "properties": { "label": "T127", "land_cover_score": 5.0, "slope_score": 1, "erosion_score": 1.0, "elevation_score": 1, "CVI_equal": 1.1180339887498949, "CVI_equal_norm": 0.043136063666457163, "CVI_equal_class": 1, "CVI_equal_label": "Very Low Vulnerability", "CVI_equal_color": "green" }, "geometry": { "type": "LineString", "coordinates": [ [ 25.317532048440341, 37.428077710595453 ], [ 25.321125225326515, 37.42809725070304 ] ] } },
{ "type": "Feature", "properties": { "label": "T128", "land_cover_score": 5.0, "slope_score": 2, "erosion_score": 1.0, "elevation_score": 1, "CVI_equal": 1.5811388300841898, "CVI_equal_norm": 0.122405267621469, "CVI_equal_class": 1, "CVI_equal_label": "Very Low Vulnerability", "CVI_equal_color": "green" }, "geometry": { "type": "LineString", "coordinates": [ [ 25.317556055809607, 37.427615566391516 ], [ 25.321137469155385, 37.427847095833691 ] ] } },
{ "type": "Feature", "properties": { "label": "T129", "land_cover_score": 5.0, "slope_score": 2, "erosion_score": 1.0, "elevation_score": 1, "CVI_equal": 1.5811388300841898, "CVI_equal_norm": 0.122405267621469, "CVI_equal_class": 1, "CVI_equal_label": "Very Low Vulnerability", "CVI_equal_color": "green" }, "geometry": { "type": "LineString", "coordinates": [ [ 25.317640055662025, 37.42711045134763 ], [ 25.32116950201722, 37.427645843108998 ] ] } },
{ "type": "Feature", "properties": { "label": "T130", "land_cover_score": 5.0, "slope_score": 2, "erosion_score": 1.0, "elevation_score": 1, "CVI_equal": 1.5811388300841898, "CVI_equal_norm": 0.122405267621469, "CVI_equal_class": 1, "CVI_equal_label": "Very Low Vulnerability", "CVI_equal_color": "green" }, "geometry": { "type": "LineString", "coordinates": [ [ 25.318352112203023, 37.426051575575393 ], [ 25.320852345353053, 37.428101033858873 ] ] } },
{ "type": "Feature", "properties": { "label": "T131", "land_cover_score": 3.0, "slope_score": 3, "erosion_score": 1.0, "elevation_score": 3, "CVI_equal": 2.598076211353316, "CVI_equal_norm": 0.29647344720050284, "CVI_equal_class": 2, "CVI_equal_label": "Low Vulnerability", "CVI_equal_color": "lightgreen" }, "geometry": { "type": "LineString", "coordinates": [ [ 25.319613301812996, 37.425518699680858 ], [ 25.320352529727913, 37.428311175509627 ] ] } },
{ "type": "Feature", "properties": { "label": "T132", "land_cover_score": 5.0, "slope_score": 4, "erosion_score": 1.0, "elevation_score": 4, "CVI_equal": 4.4721359549995796, "CVI_equal_norm": 0.61725442546658293, "CVI_equal_class": 2, "CVI_equal_label": "Low Vulnerability", "CVI_equal_color": "lightgreen" }, "geometry": { "type": "LineString", "coordinates": [ [ 25.320057263430876, 37.425445028480688 ], [ 25.320787891203555, 37.428238934059443 ] ] } },
{ "type": "Feature", "properties": { "label": "T133", "land_cover_score": 5.0, "slope_score": 5, "erosion_score": 1.0, "elevation_score": 4, "CVI_equal": 5.0, "CVI_equal_norm": 0.70760839914368168, "CVI_equal_class": 3, "CVI_equal_label": "Moderate Vulnerability", "CVI_equal_color": "yellow" }, "geometry": { "type": "LineString", "coordinates": [ [ 25.320531433676464, 37.425370538723406 ], [ 25.321194918931727, 37.428174991208891 ] ] } },
{ "type": "Feature", "properties": { "label": "T134", "land_cover_score": 5.0, "slope_score": 5, "erosion_score": 1.0, "elevation_score": 5, "CVI_equal": 5.5901699437494745, "CVI_equal_norm": 0.80862721273329141, "CVI_equal_class": 3, "CVI_equal_label": "Moderate Vulnerability", "CVI_equal_color": "yellow" }, "geometry": { "type": "LineString", "coordinates": [ [ 25.321063159009075, 37.425302009423412 ], [ 25.321549627966533, 37.428129258997998 ] ] } },
{ "type": "Feature", "properties": { "label": "T135", "land_cover_score": 5.0, "slope_score": 5, "erosion_score": 1.0, "elevation_score": 4, "CVI_equal": 5.0, "CVI_equal_norm": 0.70760839914368168, "CVI_equal_class": 3, "CVI_equal_label": "Moderate Vulnerability", "CVI_equal_color": "yellow" }, "geometry": { "type": "LineString", "coordinates": [ [ 25.321648876083014, 37.425256711482987 ], [ 25.321857316619717, 37.428105428926813 ] ] } },
{ "type": "Feature", "properties": { "label": "T136", "land_cover_score": 5.0, "slope_score": 5, "erosion_score": 1.0, "elevation_score": 4, "CVI_equal": 5.0, "CVI_equal_norm": 0.70760839914368168, "CVI_equal_class": 3, "CVI_equal_label": "Moderate Vulnerability", "CVI_equal_color": "yellow" }, "geometry": { "type": "LineString", "coordinates": [ [ 25.322204826740958, 37.425244209956787 ], [ 25.322198920867201, 37.428097729047956 ] ] } },
{ "type": "Feature", "properties": { "label": "T137", "land_cover_score": 5.0, "slope_score": 5, "erosion_score": 1.0, "elevation_score": 4, "CVI_equal": 5.0, "CVI_equal_norm": 0.70760839914368168, "CVI_equal_class": 3, "CVI_equal_label": "Moderate Vulnerability", "CVI_equal_color": "yellow" }, "geometry": { "type": "LineString", "coordinates": [ [ 25.322915292426007, 37.425286681428894 ], [ 25.322381813138342, 37.428108578977657 ] ] } },
{ "type": "Feature", "properties": { "label": "T138", "land_cover_score": 5.0, "slope_score": 3, "erosion_score": 1.0, "elevation_score": 3, "CVI_equal": 3.3541019662496847, "CVI_equal_norm": 0.42588163819987435, "CVI_equal_class": 2, "CVI_equal_label": "Low Vulnerability", "CVI_equal_color": "lightgreen" }, "geometry": { "type": "LineString", "coordinates": [ [ 25.323730970095216, 37.425459061761465 ], [ 25.322428870465547, 37.428118635945054 ] ] } },
{ "type": "Feature", "properties": { "label": "T139", "land_cover_score": 5.0, "slope_score": 3, "erosion_score": 1.0, "elevation_score": 2, "CVI_equal": 2.7386127875258306, "CVI_equal_norm": 0.32052895585737839, "CVI_equal_class": 2, "CVI_equal_label": "Low Vulnerability", "CVI_equal_color": "lightgreen" }, "geometry": { "type": "LineString", "coordinates": [ [ 25.324409312326093, 37.425724068250801 ], [ 25.322553502105634, 37.428167546707364 ] ] } },
{ "type": "Feature", "properties": { "label": "T140", "land_cover_score": 3.0, "slope_score": 2, "erosion_score": 1.0, "elevation_score": 1, "CVI_equal": 1.2247448713915889, "CVI_equal_norm": 0.061401661356975973, "CVI_equal_class": 1, "CVI_equal_label": "Very Low Vulnerability", "CVI_equal_color": "green" }, "geometry": { "type": "LineString", "coordinates": [ [ 25.325240449856675, 37.426318526385501 ], [ 25.32237718572037, 37.428042575358994 ] ] } },
{ "type": "Feature", "properties": { "label": "T141", "land_cover_score": 3.0, "slope_score": 2, "erosion_score": 1.0, "elevation_score": 1, "CVI_equal": 1.2247448713915889, "CVI_equal_norm": 0.061401661356975973, "CVI_equal_class": 1, "CVI_equal_label": "Very Low Vulnerability", "CVI_equal_color": "green" }, "geometry": { "type": "LineString", "coordinates": [ [ 25.325622790101175, 37.427825139745984 ], [ 25.322124293719867, 37.427174129021147 ] ] } },
{ "type": "Feature", "properties": { "label": "T142", "land_cover_score": 3.0, "slope_score": 2, "erosion_score": 1.0, "elevation_score": 1, "CVI_equal": 1.2247448713915889, "CVI_equal_norm": 0.061401661356975973, "CVI_equal_class": 1, "CVI_equal_label": "Very Low Vulnerability", "CVI_equal_color": "green" }, "geometry": { "type": "LineString", "coordinates": [ [ 25.325547353932972, 37.428113727459071 ], [ 25.322016608988118, 37.42758376616203 ] ] } },
{ "type": "Feature", "properties": { "label": "T143", "land_cover_score": 3.0, "slope_score": 3, "erosion_score": 1.0, "elevation_score": 1, "CVI_equal": 1.5, "CVI_equal_norm": 0.1085168132229285, "CVI_equal_class": 1, "CVI_equal_label": "Very Low Vulnerability", "CVI_equal_color": "green" }, "geometry": { "type": "LineString", "coordinates": [ [ 25.325523933731983, 37.428290379369514 ], [ 25.321937508559774, 37.428114450816096 ] ] } },
{ "type": "Feature", "properties": { "label": "T144", "land_cover_score": 5.0, "slope_score": 2, "erosion_score": 1.0, "elevation_score": 1, "CVI_equal": 1.5811388300841898, "CVI_equal_norm": 0.122405267621469, "CVI_equal_class": 1, "CVI_equal_label": "Very Low Vulnerability", "CVI_equal_color": "green" }, "geometry": { "type": "LineString", "coordinates": [ [ 25.325533937938907, 37.428379341380648 ], [ 25.321968708324743, 37.42873506747393 ] ] } },
{ "type": "Feature", "properties": { "label": "T145", "land_cover_score": 5.0, "slope_score": 2, "erosion_score": 1.0, "elevation_score": 1, "CVI_equal": 1.5811388300841898, "CVI_equal_norm": 0.122405267621469, "CVI_equal_class": 1, "CVI_equal_label": "Very Low Vulnerability", "CVI_equal_color": "green" }, "geometry": { "type": "LineString", "coordinates": [ [ 25.325546733425369, 37.42838253491491 ], [ 25.322196399225941, 37.429413893545316 ] ] } },
{ "type": "Feature", "properties": { "label": "T146", "land_cover_score": 5.0, "slope_score": 2, "erosion_score": 1.0, "elevation_score": 1, "CVI_equal": 1.5811388300841898, "CVI_equal_norm": 0.122405267621469, "CVI_equal_class": 1, "CVI_equal_label": "Very Low Vulnerability", "CVI_equal_color": "green" }, "geometry": { "type": "LineString", "coordinates": [ [ 25.325658125005287, 37.428569181776027 ], [ 25.322462302695385, 37.429873604971732 ] ] } },
{ "type": "Feature", "properties": { "label": "T147", "land_cover_score": 3.0, "slope_score": 1, "erosion_score": 1.0, "elevation_score": 1, "CVI_equal": 0.8660254037844386, "CVI_equal_norm": 0.0, "CVI_equal_class": 1, "CVI_equal_label": "Very Low Vulnerability", "CVI_equal_color": "green" }, "geometry": { "type": "LineString", "coordinates": [ [ 25.325844194154374, 37.429840378822014 ], [ 25.322321625266387, 37.429277163427649 ] ] } },
{ "type": "Feature", "properties": { "label": "T148", "land_cover_score": 3.0, "slope_score": 1, "erosion_score": 1.0, "elevation_score": 1, "CVI_equal": 0.8660254037844386, "CVI_equal_norm": 0.0, "CVI_equal_class": 1, "CVI_equal_label": "Very Low Vulnerability", "CVI_equal_color": "green" }, "geometry": { "type": "LineString", "coordinates": [ [ 25.325661773955236, 37.430352120360951 ], [ 25.322253167448469, 37.429449176183276 ] ] } },
{ "type": "Feature", "properties": { "label": "T149", "land_cover_score": 5.0, "slope_score": 1, "erosion_score": 1.0, "elevation_score": 1, "CVI_equal": 1.1180339887498949, "CVI_equal_norm": 0.043136063666457163, "CVI_equal_class": 1, "CVI_equal_label": "Very Low Vulnerability", "CVI_equal_color": "green" }, "geometry": { "type": "LineString", "coordinates": [ [ 25.32552317497262, 37.43068520402921 ], [ 25.322109914861326, 37.429793418133805 ] ] } },
{ "type": "Feature", "properties": { "label": "T150", "land_cover_score": 5.0, "slope_score": 1, "erosion_score": 1.0, "elevation_score": 1, "CVI_equal": 1.1180339887498949, "CVI_equal_norm": 0.043136063666457163, "CVI_equal_class": 1, "CVI_equal_label": "Very Low Vulnerability", "CVI_equal_color": "green" }, "geometry": { "type": "LineString", "coordinates": [ [ 25.325434869708268, 37.430939647164799 ], [ 25.321955953271903, 37.430225554626851 ] ] } },
{ "type": "Feature", "properties": { "label": "T151", "land_cover_score": 3.0, "slope_score": 1, "erosion_score": 1.0, "elevation_score": 1, "CVI_equal": 0.8660254037844386, "CVI_equal_norm": 0.0, "CVI_equal_class": 1, "CVI_equal_label": "Very Low Vulnerability", "CVI_equal_color": "green" }, "geometry": { "type": "LineString", "coordinates": [ [ 25.325457441640427, 37.430933562249379 ], [ 25.321864184657372, 37.430937900653795 ] ] } },
{ "type": "Feature", "properties": { "label": "T152", "land_cover_score": 3.0, "slope_score": 1, "erosion_score": 1.0, "elevation_score": 1, "CVI_equal": 0.8660254037844386, "CVI_equal_norm": 0.0, "CVI_equal_class": 1, "CVI_equal_label": "Very Low Vulnerability", "CVI_equal_color": "green" }, "geometry": { "type": "LineString", "coordinates": [ [ 25.325472273372576, 37.431212385851275 ], [ 25.321884613456266, 37.431371642355636 ] ] } },
{ "type": "Feature", "properties": { "label": "T153", "land_cover_score": 5.0, "slope_score": 1, "erosion_score": 1.0, "elevation_score": 1, "CVI_equal": 1.1180339887498949, "CVI_equal_norm": 0.043136063666457163, "CVI_equal_class": 1, "CVI_equal_label": "Very Low Vulnerability", "CVI_equal_color": "green" }, "geometry": { "type": "LineString", "coordinates": [ [ 25.325500710061146, 37.431543737368642 ], [ 25.321917029883121, 37.431751964776225 ] ] } },
{ "type": "Feature", "properties": { "label": "T154", "land_cover_score": 5.0, "slope_score": 1, "erosion_score": 1.0, "elevation_score": 1, "CVI_equal": 1.1180339887498949, "CVI_equal_norm": 0.043136063666457163, "CVI_equal_class": 1, "CVI_equal_label": "Very Low Vulnerability", "CVI_equal_color": "green" }, "geometry": { "type": "LineString", "coordinates": [ [ 25.325534155032546, 37.431894016512693 ], [ 25.321951489439883, 37.432112975248316 ] ] } },
{ "type": "Feature", "properties": { "label": "T155", "land_cover_score": 5.0, "slope_score": 1, "erosion_score": 1.0, "elevation_score": 1, "CVI_equal": 1.1180339887498949, "CVI_equal_norm": 0.043136063666457163, "CVI_equal_class": 1, "CVI_equal_label": "Very Low Vulnerability", "CVI_equal_color": "green" }, "geometry": { "type": "LineString", "coordinates": [ [ 25.325568622600105, 37.432249629441742 ], [ 25.321985957007438, 37.43246858713713 ] ] } },
{ "type": "Feature", "properties": { "label": "T156", "land_cover_score": 3.0, "slope_score": 1, "erosion_score": 1.0, "elevation_score": 1, "CVI_equal": 0.8660254037844386, "CVI_equal_norm": 0.0, "CVI_equal_class": 1, "CVI_equal_label": "Very Low Vulnerability", "CVI_equal_color": "green" }, "geometry": { "type": "LineString", "coordinates": [ [ 25.325603090167665, 37.432605240681333 ], [ 25.322020424574998, 37.43282419733648 ] ] } },
{ "type": "Feature", "properties": { "label": "T157", "land_cover_score": 3.0, "slope_score": 1, "erosion_score": 1.0, "elevation_score": 1, "CVI_equal": 0.8660254037844386, "CVI_equal_norm": 0.0, "CVI_equal_class": 1, "CVI_equal_label": "Very Low Vulnerability", "CVI_equal_color": "green" }, "geometry": { "type": "LineString", "coordinates": [ [ 25.325645422818873, 37.432793057793084 ], [ 25.322118764250337, 37.433339870402143 ] ] } },
{ "type": "Feature", "properties": { "label": "T158", "land_cover_score": 3.0, "slope_score": 1, "erosion_score": 1.0, "elevation_score": 1, "CVI_equal": 0.8660254037844386, "CVI_equal_norm": 0.0, "CVI_equal_class": 1, "CVI_equal_label": "Very Low Vulnerability", "CVI_equal_color": "green" }, "geometry": { "type": "LineString", "coordinates": [ [ 25.325730845387273, 37.433123990159203 ], [ 25.322213588727681, 37.433707735811673 ] ] } },
{ "type": "Feature", "properties": { "label": "T159", "land_cover_score": 5.0, "slope_score": 1, "erosion_score": 1.0, "elevation_score": 1, "CVI_equal": 1.1180339887498949, "CVI_equal_norm": 0.043136063666457163, "CVI_equal_class": 1, "CVI_equal_label": "Very Low Vulnerability", "CVI_equal_color": "green" }, "geometry": { "type": "LineString", "coordinates": [ [ 25.325793297404584, 37.433258419559159 ], [ 25.32242448378372, 37.4342510286181 ] ] } },
{ "type": "Feature", "properties": { "label": "T160", "land_cover_score": 5.0, "slope_score": 1, "erosion_score": 1.0, "elevation_score": 1, "CVI_equal": 1.1180339887498949, "CVI_equal_norm": 0.043136063666457163, "CVI_equal_class": 1, "CVI_equal_label": "Very Low Vulnerability", "CVI_equal_color": "green" }, "geometry": { "type": "LineString", "coordinates": [ [ 25.325905042049307, 37.433444276456569 ], [ 25.322686499107057, 37.434712900906391 ] ] } },
{ "type": "Feature", "properties": { "label": "T161", "land_cover_score": 5.0, "slope_score": 2, "erosion_score": 1.0, "elevation_score": 2, "CVI_equal": 2.2360679774997898, "CVI_equal_norm": 0.23450885093316573, "CVI_equal_class": 1, "CVI_equal_label": "Very Low Vulnerability", "CVI_equal_color": "green" }, "geometry": { "type": "LineString", "coordinates": [ [ 25.326145270678289, 37.433895532373377 ], [ 25.322791384687164, 37.434919510028998 ] ] } },
{ "type": "Feature", "properties": { "label": "T162", "land_cover_score": 5.0, "slope_score": 3, "erosion_score": 1.0, "elevation_score": 1, "CVI_equal": 1.9364916731037085, "CVI_equal_norm": 0.18323066713175812, "CVI_equal_class": 1, "CVI_equal_label": "Very Low Vulnerability", "CVI_equal_color": "green" }, "geometry": { "type": "LineString", "coordinates": [ [ 25.326336482059219, 37.434414958175537 ], [ 25.32284381758366, 37.435085360934899 ] ] } },
{ "type": "Feature", "properties": { "label": "T163", "land_cover_score": 3.0, "slope_score": 1, "erosion_score": 1.0, "elevation_score": 1, "CVI_equal": 0.8660254037844386, "CVI_equal_norm": 0.0, "CVI_equal_class": 1, "CVI_equal_label": "Very Low Vulnerability", "CVI_equal_color": "green" }, "geometry": { "type": "LineString", "coordinates": [ [ 25.326230817581045, 37.435529390069483 ], [ 25.32281090257889, 37.434653885961083 ] ] } },
{ "type": "Feature", "properties": { "label": "T164", "land_cover_score": 3.0, "slope_score": 1, "erosion_score": 1.0, "elevation_score": 1, "CVI_equal": 0.8660254037844386, "CVI_equal_norm": 0.0, "CVI_equal_class": 1, "CVI_equal_label": "Very Low Vulnerability", "CVI_equal_color": "green" }, "geometry": { "type": "LineString", "coordinates": [ [ 25.326056584558916, 37.435920316656045 ], [ 25.322684400013898, 37.434934973238349 ] ] } },
{ "type": "Feature", "properties": { "label": "T165", "land_cover_score": 3.0, "slope_score": 1, "erosion_score": 1.0, "elevation_score": 1, "CVI_equal": 0.8660254037844386, "CVI_equal_norm": 0.0, "CVI_equal_class": 1, "CVI_equal_label": "Very Low Vulnerability", "CVI_equal_color": "green" }, "geometry": { "type": "LineString", "coordinates": [ [ 25.325600352468971, 37.436559169071408 ], [ 25.322676351633273, 37.434900842148011 ] ] } },
{ "type": "Feature", "properties": { "label": "T166", "land_cover_score": 5.0, "slope_score": 1, "erosion_score": 1.0, "elevation_score": 1, "CVI_equal": 1.1180339887498949, "CVI_equal_norm": 0.043136063666457163, "CVI_equal_class": 1, "CVI_equal_label": "Very Low Vulnerability", "CVI_equal_color": "green" }, "geometry": { "type": "LineString", "coordinates": [ [ 25.324846644912746, 37.437117320703337 ], [ 25.322751629142768, 37.434799282752017 ] ] } },
{ "type": "Feature", "properties": { "label": "T167", "land_cover_score": 5.0, "slope_score": 1, "erosion_score": 1.0, "elevation_score": 1, "CVI_equal": 1.1180339887498949, "CVI_equal_norm": 0.043136063666457163, "CVI_equal_class": 1, "CVI_equal_label": "Very Low Vulnerability", "CVI_equal_color": "green" }, "geometry": { "type": "LineString", "coordinates": [ [ 25.325033023441879, 37.437017508815941 ], [ 25.322023896060124, 37.435458158209762 ] ] } },
{ "type": "Feature", "properties": { "label": "T168", "land_cover_score": 5.0, "slope_score": 1, "erosion_score": 1.0, "elevation_score": 1, "CVI_equal": 1.1180339887498949, "CVI_equal_norm": 0.043136063666457163, "CVI_equal_class": 1, "CVI_equal_label": "Very Low Vulnerability", "CVI_equal_color": "green" }, "geometry": { "type": "LineString", "coordinates": [ [ 25.324838598800284, 37.43727288128747 ], [ 25.321751888444062, 37.435812271811223 ] ] } },
{ "type": "Feature", "properties": { "label": "T169", "land_cover_score": 5.0, "slope_score": 1, "erosion_score": 1.0, "elevation_score": 1, "CVI_equal": 1.1180339887498949, "CVI_equal_norm": 0.043136063666457163, "CVI_equal_class": 1, "CVI_equal_label": "Very Low Vulnerability", "CVI_equal_color": "green" }, "geometry": { "type": "LineString", "coordinates": [ [ 25.325018257911783, 37.436994991269003 ], [ 25.321434860158085, 37.436783736073387 ] ] } },
{ "type": "Feature", "properties": { "label": "T170", "land_cover_score": 5.0, "slope_score": 1, "erosion_score": 1.0, "elevation_score": 1, "CVI_equal": 1.1180339887498949, "CVI_equal_norm": 0.043136063666457163, "CVI_equal_class": 1, "CVI_equal_label": "Very Low Vulnerability", "CVI_equal_color": "green" }, "geometry": { "type": "LineString", "coordinates": [ [ 25.324973767546918, 37.437380862268263 ], [ 25.321396962737936, 37.437108115710785 ] ] } },
{ "type": "Feature", "properties": { "label": "T171", "land_cover_score": 5.0, "slope_score": 1, "erosion_score": 1.0, "elevation_score": 1, "CVI_equal": 1.1180339887498949, "CVI_equal_norm": 0.043136063666457163, "CVI_equal_class": 1, "CVI_equal_label": "Very Low Vulnerability", "CVI_equal_color": "green" }, "geometry": { "type": "LineString", "coordinates": [ [ 25.323894087751658, 37.436202918881527 ], [ 25.322807890500417, 37.438922549301608 ] ] } },
{ "type": "Feature", "properties": { "label": "T172", "land_cover_score": 5.0, "slope_score": 1, "erosion_score": 1.0, "elevation_score": 1, "CVI_equal": 1.1180339887498949, "CVI_equal_norm": 0.043136063666457163, "CVI_equal_class": 1, "CVI_equal_label": "Very Low Vulnerability", "CVI_equal_color": "green" }, "geometry": { "type": "LineString", "coordinates": [ [ 25.324628795870641, 37.436420717731146 ], [ 25.322923285212102, 37.438931960147229 ] ] } },
{ "type": "Feature", "properties": { "label": "T173", "land_cover_score": 5.0, "slope_score": 1, "erosion_score": 1.0, "elevation_score": 1, "CVI_equal": 1.1180339887498949, "CVI_equal_norm": 0.043136063666457163, "CVI_equal_class": 1, "CVI_equal_label": "Very Low Vulnerability", "CVI_equal_color": "green" }, "geometry": { "type": "LineString", "coordinates": [ [ 25.325090124819408, 37.43662158803069 ], [ 25.323250613697631, 37.43907246967369 ] ] } },
{ "type": "Feature", "properties": { "label": "T174", "land_cover_score": 5.0, "slope_score": 1, "erosion_score": 1.0, "elevation_score": 1, "CVI_equal": 1.1180339887498949, "CVI_equal_norm": 0.043136063666457163, "CVI_equal_class": 1, "CVI_equal_label": "Very Low Vulnerability", "CVI_equal_color": "green" }, "geometry": { "type": "LineString", "coordinates": [ [ 25.324891853758249, 37.436598467919424 ], [ 25.32424679812565, 37.439405209505296 ] ] } },
{ "type": "Feature", "properties": { "label": "T175", "land_cover_score": 5.0, "slope_score": 1, "erosion_score": 1.0, "elevation_score": 1, "CVI_equal": 1.1180339887498949, "CVI_equal_norm": 0.043136063666457163, "CVI_equal_class": 1, "CVI_equal_label": "Very Low Vulnerability", "CVI_equal_color": "green" }, "geometry": { "type": "LineString", "coordinates": [ [ 25.325125720383753, 37.436627672832799 ], [ 25.324901093470292, 37.439475181680017 ] ] } },
{ "type": "Feature", "properties": { "label": "T176", "land_cover_score": 5.0, "slope_score": 2, "erosion_score": 1.0, "elevation_score": 2, "CVI_equal": 2.2360679774997898, "CVI_equal_norm": 0.23450885093316573, "CVI_equal_class": 1, "CVI_equal_label": "Very Low Vulnerability", "CVI_equal_color": "green" }, "geometry": { "type": "LineString", "coordinates": [ [ 25.326439534489115, 37.437001838107761 ], [ 25.324395328084286, 37.439348233787094 ] ] } },
{ "type": "Feature", "properties": { "label": "T177", "land_cover_score": 5.0, "slope_score": 3, "erosion_score": 1.0, "elevation_score": 2, "CVI_equal": 2.7386127875258306, "CVI_equal_norm": 0.32052895585737839, "CVI_equal_class": 2, "CVI_equal_label": "Low Vulnerability", "CVI_equal_color": "lightgreen" }, "geometry": { "type": "LineString", "coordinates": [ [ 25.326895791688141, 37.437273419089053 ], [ 25.324656813413156, 37.439504919452894 ] ] } },
{ "type": "Feature", "properties": { "label": "T178", "land_cover_score": 5.0, "slope_score": 3, "erosion_score": 1.0, "elevation_score": 2, "CVI_equal": 2.7386127875258306, "CVI_equal_norm": 0.32052895585737839, "CVI_equal_class": 2, "CVI_equal_label": "Low Vulnerability", "CVI_equal_color": "lightgreen" }, "geometry": { "type": "LineString", "coordinates": [ [ 25.327420942857316, 37.437667800568235 ], [ 25.324779323551155, 37.43960187863653 ] ] } },
{ "type": "Feature", "properties": { "label": "T179", "land_cover_score": 5.0, "slope_score": 2, "erosion_score": 1.0, "elevation_score": 1, "CVI_equal": 1.5811388300841898, "CVI_equal_norm": 0.122405267621469, "CVI_equal_class": 1, "CVI_equal_label": "Very Low Vulnerability", "CVI_equal_color": "green" }, "geometry": { "type": "LineString", "coordinates": [ [ 25.327707262258222, 37.437909264584277 ], [ 25.325108696816162, 37.439879763396796 ] ] } },
{ "type": "Feature", "properties": { "label": "T180", "land_cover_score": 5.0, "slope_score": 1, "erosion_score": 1.0, "elevation_score": 1, "CVI_equal": 1.1180339887498949, "CVI_equal_norm": 0.043136063666457163, "CVI_equal_class": 1, "CVI_equal_label": "Very Low Vulnerability", "CVI_equal_color": "green" }, "geometry": { "type": "LineString", "coordinates": [ [ 25.328059634900587, 37.438216520024575 ], [ 25.325360681875075, 37.440100019347696 ] ] } },
{ "type": "Feature", "properties": { "label": "T181", "land_cover_score": 3.0, "slope_score": 2, "erosion_score": 1.0, "elevation_score": 1, "CVI_equal": 1.2247448713915889, "CVI_equal_norm": 0.061401661356975973, "CVI_equal_class": 1, "CVI_equal_label": "Very Low Vulnerability", "CVI_equal_color": "green" }, "geometry": { "type": "LineString", "coordinates": [ [ 25.328536185396306, 37.438769888001922 ], [ 25.325381345802516, 37.440135587494751 ] ] } },
{ "type": "Feature", "properties": { "label": "T182", "land_cover_score": 3.0, "slope_score": 2, "erosion_score": 1.0, "elevation_score": 1, "CVI_equal": 1.2247448713915889, "CVI_equal_norm": 0.061401661356975973, "CVI_equal_class": 1, "CVI_equal_label": "Very Low Vulnerability", "CVI_equal_color": "green" }, "geometry": { "type": "LineString", "coordinates": [ [ 25.328844225354608, 37.43938171946661 ], [ 25.32539637389668, 37.440185123133212 ] ] } },
{ "type": "Feature", "properties": { "label": "T183", "land_cover_score": 3.0, "slope_score": 2, "erosion_score": 1.0, "elevation_score": 1, "CVI_equal": 1.2247448713915889, "CVI_equal_norm": 0.061401661356975973, "CVI_equal_class": 1, "CVI_equal_label": "Very Low Vulnerability", "CVI_equal_color": "green" }, "geometry": { "type": "LineString", "coordinates": [ [ 25.328767473622857, 37.439189254227067 ], [ 25.325956865836119, 37.440966799779595 ] ] } },
{ "type": "Feature", "properties": { "label": "T184", "land_cover_score": 5.0, "slope_score": 1, "erosion_score": 1.0, "elevation_score": 1, "CVI_equal": 1.1180339887498949, "CVI_equal_norm": 0.043136063666457163, "CVI_equal_class": 1, "CVI_equal_label": "Very Low Vulnerability", "CVI_equal_color": "green" }, "geometry": { "type": "LineString", "coordinates": [ [ 25.329178772544228, 37.440570704723648 ], [ 25.325607225902178, 37.440257527636653 ] ] } },
{ "type": "Feature", "properties": { "label": "T185", "land_cover_score": 5.0, "slope_score": 1, "erosion_score": 1.0, "elevation_score": 1, "CVI_equal": 1.1180339887498949, "CVI_equal_norm": 0.043136063666457163, "CVI_equal_class": 1, "CVI_equal_label": "Very Low Vulnerability", "CVI_equal_color": "green" }, "geometry": { "type": "LineString", "coordinates": [ [ 25.328646967126691, 37.441541300791677 ], [ 25.325710796844813, 37.439896696302007 ] ] } },
{ "type": "Feature", "properties": { "label": "T186", "land_cover_score": 5.0, "slope_score": 2, "erosion_score": 1.0, "elevation_score": 1, "CVI_equal": 1.5811388300841898, "CVI_equal_norm": 0.122405267621469, "CVI_equal_class": 1, "CVI_equal_label": "Very Low Vulnerability", "CVI_equal_color": "green" }, "geometry": { "type": "LineString", "coordinates": [ [ 25.328517886813824, 37.441723759038751 ], [ 25.325383957728963, 37.44032806724119 ] ] } },
{ "type": "Feature", "properties": { "label": "T187", "land_cover_score": 5.0, "slope_score": 3, "erosion_score": 1.0, "elevation_score": 2, "CVI_equal": 2.7386127875258306, "CVI_equal_norm": 0.32052895585737839, "CVI_equal_class": 2, "CVI_equal_label": "Low Vulnerability", "CVI_equal_color": "lightgreen" }, "geometry": { "type": "LineString", "coordinates": [ [ 25.328112836415187, 37.442182904072546 ], [ 25.325262702522807, 37.440445516967259 ] ] } },
{ "type": "Feature", "properties": { "label": "T188", "land_cover_score": 5.0, "slope_score": 2, "erosion_score": 1.0, "elevation_score": 2, "CVI_equal": 2.2360679774997898, "CVI_equal_norm": 0.23450885093316573, "CVI_equal_class": 1, "CVI_equal_label": "Very Low Vulnerability", "CVI_equal_color": "green" }, "geometry": { "type": "LineString", "coordinates": [ [ 25.328218897854839, 37.442103131449805 ], [ 25.324818888191267, 37.441180119545528 ] ] } },
{ "type": "Feature", "properties": { "label": "T189", "land_cover_score": 5.0, "slope_score": 3, "erosion_score": 1.0, "elevation_score": 2, "CVI_equal": 2.7386127875258306, "CVI_equal_norm": 0.32052895585737839, "CVI_equal_class": 2, "CVI_equal_label": "Low Vulnerability", "CVI_equal_color": "lightgreen" }, "geometry": { "type": "LineString", "coordinates": [ [ 25.328277248058306, 37.442047674220959 ], [ 25.324686438314785, 37.441942309446176 ] ] } },
{ "type": "Feature", "properties": { "label": "T190", "land_cover_score": 5.0, "slope_score": 3, "erosion_score": 1.0, "elevation_score": 2, "CVI_equal": 2.7386127875258306, "CVI_equal_norm": 0.32052895585737839, "CVI_equal_class": 2, "CVI_equal_label": "Low Vulnerability", "CVI_equal_color": "lightgreen" }, "geometry": { "type": "LineString", "coordinates": [ [ 25.328370087990066, 37.44200839563991 ], [ 25.324869359213398, 37.442651666427871 ] ] } },
{ "type": "Feature", "properties": { "label": "T191", "land_cover_score": 5.0, "slope_score": 3, "erosion_score": 1.0, "elevation_score": 2, "CVI_equal": 2.7386127875258306, "CVI_equal_norm": 0.32052895585737839, "CVI_equal_class": 2, "CVI_equal_label": "Low Vulnerability", "CVI_equal_color": "lightgreen" }, "geometry": { "type": "LineString", "coordinates": [ [ 25.328363092293731, 37.443203491232339 ], [ 25.325024711767188, 37.442148166367012 ] ] } },
{ "type": "Feature", "properties": { "label": "T192", "land_cover_score": 5.0, "slope_score": 3, "erosion_score": 1.0, "elevation_score": 2, "CVI_equal": 2.7386127875258306, "CVI_equal_norm": 0.32052895585737839, "CVI_equal_class": 2, "CVI_equal_label": "Low Vulnerability", "CVI_equal_color": "lightgreen" }, "geometry": { "type": "LineString", "coordinates": [ [ 25.32786749366581, 37.443930408607876 ], [ 25.325148815608369, 37.442064975025929 ] ] } },
{ "type": "Feature", "properties": { "label": "T193", "land_cover_score": 5.0, "slope_score": 3, "erosion_score": 1.0, "elevation_score": 2, "CVI_equal": 2.7386127875258306, "CVI_equal_norm": 0.32052895585737839, "CVI_equal_class": 2, "CVI_equal_label": "Low Vulnerability", "CVI_equal_color": "lightgreen" }, "geometry": { "type": "LineString", "coordinates": [ [ 25.327398633963828, 37.444328711924825 ], [ 25.325014724044415, 37.442194092845021 ] ] } },
{ "type": "Feature", "properties": { "label": "T194", "land_cover_score": 5.0, "slope_score": 3, "erosion_score": 1.0, "elevation_score": 2, "CVI_equal": 2.7386127875258306, "CVI_equal_norm": 0.32052895585737839, "CVI_equal_class": 2, "CVI_equal_label": "Low Vulnerability", "CVI_equal_color": "lightgreen" }, "geometry": { "type": "LineString", "coordinates": [ [ 25.326108511794089, 37.444867262191714 ], [ 25.325583568336057, 37.442044987301578 ] ] } },
{ "type": "Feature", "properties": { "label": "T195", "land_cover_score": 5.0, "slope_score": 3, "erosion_score": 1.0, "elevation_score": 2, "CVI_equal": 2.7386127875258306, "CVI_equal_norm": 0.32052895585737839, "CVI_equal_class": 2, "CVI_equal_label": "Low Vulnerability", "CVI_equal_color": "lightgreen" }, "geometry": { "type": "LineString", "coordinates": [ [ 25.326420161030597, 37.444754210058569 ], [ 25.324437549827355, 37.442374897195897 ] ] } },
{ "type": "Feature", "properties": { "label": "T196", "land_cover_score": 5.0, "slope_score": 3, "erosion_score": 1.0, "elevation_score": 2, "CVI_equal": 2.7386127875258306, "CVI_equal_norm": 0.32052895585737839, "CVI_equal_class": 2, "CVI_equal_label": "Low Vulnerability", "CVI_equal_color": "lightgreen" }, "geometry": { "type": "LineString", "coordinates": [ [ 25.32660413837235, 37.444594552761068 ], [ 25.323612563282349, 37.44301421241083 ] ] } },
{ "type": "Feature", "properties": { "label": "T197", "land_cover_score": 5.0, "slope_score": 3, "erosion_score": 1.0, "elevation_score": 2, "CVI_equal": 2.7386127875258306, "CVI_equal_norm": 0.32052895585737839, "CVI_equal_class": 2, "CVI_equal_label": "Low Vulnerability", "CVI_equal_color": "lightgreen" }, "geometry": { "type": "LineString", "coordinates": [ [ 25.326394160913082, 37.444853252030768 ], [ 25.323336260730393, 37.443355073679825 ] ] } },
{ "type": "Feature", "properties": { "label": "T198", "land_cover_score": 5.0, "slope_score": 2, "erosion_score": 1.0, "elevation_score": 3, "CVI_equal": 2.7386127875258306, "CVI_equal_norm": 0.32052895585737839, "CVI_equal_class": 2, "CVI_equal_label": "Low Vulnerability", "CVI_equal_color": "lightgreen" }, "geometry": { "type": "LineString", "coordinates": [ [ 25.326064830055444, 37.445239311780192 ], [ 25.323161327061719, 37.443558625377264 ] ] } },
{ "type": "Feature", "properties": { "label": "T199", "land_cover_score": 5.0, "slope_score": 2, "erosion_score": 1.0, "elevation_score": 2, "CVI_equal": 2.2360679774997898, "CVI_equal_norm": 0.23450885093316573, "CVI_equal_class": 1, "CVI_equal_label": "Very Low Vulnerability", "CVI_equal_color": "green" }, "geometry": { "type": "LineString", "coordinates": [ [ 25.325909411071557, 37.443593126267679 ], [ 25.323514465544406, 37.445719904575398 ] ] } },
{ "type": "Feature", "properties": { "label": "T200", "land_cover_score": 5.0, "slope_score": 3, "erosion_score": 1.0, "elevation_score": 2, "CVI_equal": 2.7386127875258306, "CVI_equal_norm": 0.32052895585737839, "CVI_equal_class": 2, "CVI_equal_label": "Low Vulnerability", "CVI_equal_color": "lightgreen" }, "geometry": { "type": "LineString", "coordinates": [ [ 25.326154229660617, 37.443742817721635 ], [ 25.323975126766289, 37.446011182024982 ] ] } },
{ "type": "Feature", "properties": { "label": "T201", "land_cover_score": 5.0, "slope_score": 3, "erosion_score": 1.0, "elevation_score": 2, "CVI_equal": 2.7386127875258306, "CVI_equal_norm": 0.32052895585737839, "CVI_equal_class": 2, "CVI_equal_label": "Low Vulnerability", "CVI_equal_color": "lightgreen" }, "geometry": { "type": "LineString", "coordinates": [ [ 25.326021429286506, 37.443850235944204 ], [ 25.324612609215684, 37.446474640736611 ] ] } },
{ "type": "Feature", "properties": { "label": "T202", "land_cover_score": 5.0, "slope_score": 3, "erosion_score": 1.0, "elevation_score": 2, "CVI_equal": 2.7386127875258306, "CVI_equal_norm": 0.32052895585737839, "CVI_equal_class": 2, "CVI_equal_label": "Low Vulnerability", "CVI_equal_color": "lightgreen" }, "geometry": { "type": "LineString", "coordinates": [ [ 25.326736900108912, 37.444146256312976 ], [ 25.324697870030196, 37.446495265473146 ] ] } },
{ "type": "Feature", "properties": { "label": "T203", "land_cover_score": 5.0, "slope_score": 3, "erosion_score": 1.0, "elevation_score": 3, "CVI_equal": 3.3541019662496847, "CVI_equal_norm": 0.42588163819987435, "CVI_equal_class": 2, "CVI_equal_label": "Low Vulnerability", "CVI_equal_color": "lightgreen" }, "geometry": { "type": "LineString", "coordinates": [ [ 25.327650740106161, 37.44493976103152 ], [ 25.324415068588131, 37.44618041835809 ] ] } },
{ "type": "Feature", "properties": { "label": "T204", "land_cover_score": 5.0, "slope_score": 4, "erosion_score": 1.0, "elevation_score": 3, "CVI_equal": 3.872983346207417, "CVI_equal_norm": 0.51469805786376766, "CVI_equal_class": 2, "CVI_equal_label": "Low Vulnerability", "CVI_equal_color": "lightgreen" }, "geometry": { "type": "LineString", "coordinates": [ [ 25.327963214925735, 37.445665848061438 ], [ 25.324414983928772, 37.446116070551341 ] ] } },
{ "type": "Feature", "properties": { "label": "T205", "land_cover_score": 5.0, "slope_score": 4, "erosion_score": 1.0, "elevation_score": 3, "CVI_equal": 3.872983346207417, "CVI_equal_norm": 0.51469805786376766, "CVI_equal_class": 2, "CVI_equal_label": "Low Vulnerability", "CVI_equal_color": "lightgreen" }, "geometry": { "type": "LineString", "coordinates": [ [ 25.327967750338491, 37.446505920513495 ], [ 25.324436314345149, 37.445979000388029 ] ] } },
{ "type": "Feature", "properties": { "label": "T206", "land_cover_score": 5.0, "slope_score": 3, "erosion_score": 3.0, "elevation_score": 3, "CVI_equal": 5.8094750193111251, "CVI_equal_norm": 0.84616544859577714, "CVI_equal_class": 3, "CVI_equal_label": "Moderate Vulnerability", "CVI_equal_color": "yellow" }, "geometry": { "type": "LineString", "coordinates": [ [ 25.327267194293508, 37.447564355504284 ], [ 25.324750604330205, 37.445528091377973 ] ] } },
{ "type": "Feature", "properties": { "label": "T207", "land_cover_score": 5.0, "slope_score": 3, "erosion_score": 3.0, "elevation_score": 3, "CVI_equal": 5.8094750193111251, "CVI_equal_norm": 0.84616544859577714, "CVI_equal_class": 3, "CVI_equal_label": "Moderate Vulnerability", "CVI_equal_color": "yellow" }, "geometry": { "type": "LineString", "coordinates": [ [ 25.326874711883228, 37.447853575545388 ], [ 25.32448443554977, 37.445723549443017 ] ] } },
{ "type": "Feature", "properties": { "label": "T208", "land_cover_score": 5.0, "slope_score": 3, "erosion_score": 3.0, "elevation_score": 4, "CVI_equal": 6.7082039324993694, "CVI_equal_norm": 1.0, "CVI_equal_class": 3, "CVI_equal_label": "Moderate Vulnerability", "CVI_equal_color": "yellow" }, "geometry": { "type": "LineString", "coordinates": [ [ 25.326786416823637, 37.447946363038824 ], [ 25.323980516599587, 37.446164301262378 ] ] } },
{ "type": "Feature", "properties": { "label": "T209", "land_cover_score": 5.0, "slope_score": 3, "erosion_score": 1.0, "elevation_score": 3, "CVI_equal": 3.3541019662496847, "CVI_equal_norm": 0.42588163819987435, "CVI_equal_class": 2, "CVI_equal_label": "Low Vulnerability", "CVI_equal_color": "lightgreen" }, "geometry": { "type": "LineString", "coordinates": [ [ 25.327113653292596, 37.447496547751498 ], [ 25.32352843995524, 37.447305726414072 ] ] } },
{ "type": "Feature", "properties": { "label": "T210", "land_cover_score": 5.0, "slope_score": 3, "erosion_score": 1.0, "elevation_score": 3, "CVI_equal": 3.3541019662496847, "CVI_equal_norm": 0.42588163819987435, "CVI_equal_class": 2, "CVI_equal_label": "Low Vulnerability", "CVI_equal_color": "lightgreen" }, "geometry": { "type": "LineString", "coordinates": [ [ 25.326370383784536, 37.446278094907413 ], [ 25.324998665242479, 37.448914773648347 ] ] } },
{ "type": "Feature", "properties": { "label": "T211", "land_cover_score": 5.0, "slope_score": 4, "erosion_score": 1.0, "elevation_score": 3, "CVI_equal": 3.872983346207417, "CVI_equal_norm": 0.51469805786376766, "CVI_equal_class": 2, "CVI_equal_label": "Low Vulnerability", "CVI_equal_color": "lightgreen" }, "geometry": { "type": "LineString", "coordinates": [ [ 25.326811652490097, 37.446423212737209 ], [ 25.325387474013372, 37.449042297142555 ] ] } },
{ "type": "Feature", "properties": { "label": "T212", "land_cover_score": 5.0, "slope_score": 3, "erosion_score": 3.0, "elevation_score": 4, "CVI_equal": 6.7082039324993694, "CVI_equal_norm": 1.0, "CVI_equal_class": 3, "CVI_equal_label": "Moderate Vulnerability", "CVI_equal_color": "yellow" }, "geometry": { "type": "LineString", "coordinates": [ [ 25.327888187211308, 37.447091958010134 ], [ 25.325001453939421, 37.448790675344085 ] ] } },
{ "type": "Feature", "properties": { "label": "T213", "land_cover_score": null, "slope_score": 5, "erosion_score": 3.0, "elevation_score": 5, "CVI_equal": 5.0, "CVI_equal_norm": 0.70760839914368168, "CVI_equal_class": 3, "CVI_equal_label": "Moderate Vulnerability", "CVI_equal_color": "yellow" }, "geometry": { "type": "LineString", "coordinates": [ [ 25.328298995282221, 37.448418646968129 ], [ 25.324724951515638, 37.44812400666369 ] ] } },
{ "type": "Feature", "properties": { "label": "T214", "land_cover_score": null, "slope_score": 5, "erosion_score": 3.0, "elevation_score": 5, "CVI_equal": 5.0, "CVI_equal_norm": 0.70760839914368168, "CVI_equal_class": 3, "CVI_equal_label": "Moderate Vulnerability", "CVI_equal_color": "yellow" }, "geometry": { "type": "LineString", "coordinates": [ [ 25.32826119628945, 37.44874685787768 ], [ 25.324680769712074, 37.448505963375162 ] ] } },
{ "type": "Feature", "properties": { "label": "T215", "land_cover_score": null, "slope_score": 5, "erosion_score": 3.0, "elevation_score": 5, "CVI_equal": 5.0, "CVI_equal_norm": 0.70760839914368168, "CVI_equal_class": 3, "CVI_equal_label": "Moderate Vulnerability", "CVI_equal_color": "yellow" }, "geometry": { "type": "LineString", "coordinates": [ [ 25.328274618305958, 37.448686554472189 ], [ 25.324757031753784, 37.449268924276559 ] ] } },
{ "type": "Feature", "properties": { "label": "T216", "land_cover_score": null, "slope_score": 5, "erosion_score": 1.0, "elevation_score": 5, "CVI_equal": 2.8867513459481291, "CVI_equal_norm": 0.3458856884005867, "CVI_equal_class": 2, "CVI_equal_label": "Low Vulnerability", "CVI_equal_color": "lightgreen" }, "geometry": { "type": "LineString", "coordinates": [ [ 25.328266307685229, 37.448624803112246 ], [ 25.325106445869817, 37.449982984225663 ] ] } },
{ "type": "Feature", "properties": { "label": "T217", "land_cover_score": null, "slope_score": 5, "erosion_score": 1.0, "elevation_score": 5, "CVI_equal": 2.8867513459481291, "CVI_equal_norm": 0.3458856884005867, "CVI_equal_class": 2, "CVI_equal_label": "Low Vulnerability", "CVI_equal_color": "lightgreen" }, "geometry": { "type": "LineString", "coordinates": [ [ 25.32487209883033, 37.449466477975356 ], [ 25.328290005156006, 37.448586206012997 ] ] } },
{ "type": "Feature", "properties": { "label": "T218", "land_cover_score": null, "slope_score": 5, "erosion_score": 3.0, "elevation_score": 5, "CVI_equal": 5.0, "CVI_equal_norm": 0.70760839914368168, "CVI_equal_class": 3, "CVI_equal_label": "Moderate Vulnerability", "CVI_equal_color": "yellow" }, "geometry": { "type": "LineString", "coordinates": [ [ 25.324741911592206, 37.448801725660147 ], [ 25.328320446646874, 37.448543724010115 ] ] } },
{ "type": "Feature", "properties": { "label": "T219", "land_cover_score": null, "slope_score": 5, "erosion_score": 3.0, "elevation_score": 5, "CVI_equal": 5.0, "CVI_equal_norm": 0.70760839914368168, "CVI_equal_class": 3, "CVI_equal_label": "Moderate Vulnerability", "CVI_equal_color": "yellow" }, "geometry": { "type": "LineString", "coordinates": [ [ 25.324798826534696, 37.448134676680127 ], [ 25.328361960977492, 37.448503305994322 ] ] } },
{ "type": "Feature", "properties": { "label": "T220", "land_cover_score": null, "slope_score": 5, "erosion_score": 3.0, "elevation_score": 4, "CVI_equal": 4.4721359549995796, "CVI_equal_norm": 0.61725442546658293, "CVI_equal_class": 2, "CVI_equal_label": "Low Vulnerability", "CVI_equal_color": "lightgreen" }, "geometry": { "type": "LineString", "coordinates": [ [ 25.324951195378404, 37.447611887063644 ], [ 25.328427218527711, 37.448334641673462 ] ] } },
{ "type": "Feature", "properties": { "label": "T221", "land_cover_score": 5.0, "slope_score": 3, "erosion_score": 3.0, "elevation_score": 3, "CVI_equal": 5.8094750193111251, "CVI_equal_norm": 0.84616544859577714, "CVI_equal_class": 3, "CVI_equal_label": "Moderate Vulnerability", "CVI_equal_color": "yellow" }, "geometry": { "type": "LineString", "coordinates": [ [ 25.325313107679005, 37.446979325697278 ], [ 25.3284751503748, 37.448334333864842 ] ] } },
{ "type": "Feature", "properties": { "label": "T222", "land_cover_score": 5.0, "slope_score": 3, "erosion_score": 3.0, "elevation_score": 3, "CVI_equal": 5.8094750193111251, "CVI_equal_norm": 0.84616544859577714, "CVI_equal_class": 3, "CVI_equal_label": "Moderate Vulnerability", "CVI_equal_color": "yellow" }, "geometry": { "type": "LineString", "coordinates": [ [ 25.328220159142887, 37.446438645804207 ], [ 25.326421910046385, 37.448908433427476 ] ] } },
{ "type": "Feature", "properties": { "label": "T223", "land_cover_score": 5.0, "slope_score": 4, "erosion_score": 3.0, "elevation_score": 3, "CVI_equal": 6.7082039324993694, "CVI_equal_norm": 1.0, "CVI_equal_class": 3, "CVI_equal_label": "Moderate Vulnerability", "CVI_equal_color": "yellow" }, "geometry": { "type": "LineString", "coordinates": [ [ 25.328155929423247, 37.446465137592142 ], [ 25.32726865741645, 37.449229516509121 ] ] } },
{ "type": "Feature", "properties": { "label": "T224", "land_cover_score": 5.0, "slope_score": 4, "erosion_score": 3.0, "elevation_score": 3, "CVI_equal": 6.7082039324993694, "CVI_equal_norm": 1.0, "CVI_equal_class": 3, "CVI_equal_label": "Moderate Vulnerability", "CVI_equal_color": "yellow" }, "geometry": { "type": "LineString", "coordinates": [ [ 25.326708603376954, 37.448995644554024 ], [ 25.32850726089514, 37.446526047271838 ] ] } },
{ "type": "Feature", "properties": { "label": "T225", "land_cover_score": 5.0, "slope_score": 4, "erosion_score": 3.0, "elevation_score": 3, "CVI_equal": 6.7082039324993694, "CVI_equal_norm": 1.0, "CVI_equal_class": 3, "CVI_equal_label": "Moderate Vulnerability", "CVI_equal_color": "yellow" }, "geometry": { "type": "LineString", "coordinates": [ [ 25.326606681394178, 37.446227835479533 ], [ 25.328185296321152, 37.44879051981512 ] ] } },
{ "type": "Feature", "properties": { "label": "T226", "land_cover_score": 5.0, "slope_score": 4, "erosion_score": 3.0, "elevation_score": 3, "CVI_equal": 6.7082039324993694, "CVI_equal_norm": 1.0, "CVI_equal_class": 3, "CVI_equal_label": "Moderate Vulnerability", "CVI_equal_color": "yellow" }, "geometry": { "type": "LineString", "coordinates": [ [ 25.327919110833164, 37.445954775185157 ], [ 25.327692743178613, 37.448801842211061 ] ] } },
{ "type": "Feature", "properties": { "label": "T227", "land_cover_score": 5.0, "slope_score": 3, "erosion_score": 3.0, "elevation_score": 3, "CVI_equal": 5.8094750193111251, "CVI_equal_norm": 0.84616544859577714, "CVI_equal_class": 3, "CVI_equal_label": "Moderate Vulnerability", "CVI_equal_color": "yellow" }, "geometry": { "type": "LineString", "coordinates": [ [ 25.328739624297555, 37.446039586818685 ], [ 25.327763785431348, 37.448785105825948 ] ] } },
{ "type": "Feature", "properties": { "label": "T228", "land_cover_score": 5.0, "slope_score": 3, "erosion_score": 3.0, "elevation_score": 2, "CVI_equal": 4.7434164902525691, "CVI_equal_norm": 0.66368925006490975, "CVI_equal_class": 2, "CVI_equal_label": "Low Vulnerability", "CVI_equal_color": "lightgreen" }, "geometry": { "type": "LineString", "coordinates": [ [ 25.329550897256269, 37.446274573956615 ], [ 25.327804618841242, 37.448767761307352 ] ] } },
{ "type": "Feature", "properties": { "label": "T229", "land_cover_score": 5.0, "slope_score": 2, "erosion_score": 1.0, "elevation_score": 1, "CVI_equal": 1.5811388300841898, "CVI_equal_norm": 0.122405267621469, "CVI_equal_class": 1, "CVI_equal_label": "Very Low Vulnerability", "CVI_equal_color": "green" }, "geometry": { "type": "LineString", "coordinates": [ [ 25.330468514898978, 37.446834175048565 ], [ 25.327635367362721, 37.448588838828044 ] ] } },
{ "type": "Feature", "properties": { "label": "T230", "land_cover_score": 5.0, "slope_score": 2, "erosion_score": 1.0, "elevation_score": 1, "CVI_equal": 1.5811388300841898, "CVI_equal_norm": 0.122405267621469, "CVI_equal_class": 1, "CVI_equal_label": "Very Low Vulnerability", "CVI_equal_color": "green" }, "geometry": { "type": "LineString", "coordinates": [ [ 25.330922744390033, 37.44736014295998 ], [ 25.327709664004786, 37.44863723075153 ] ] } },
{ "type": "Feature", "properties": { "label": "T231", "land_cover_score": 5.0, "slope_score": 2, "erosion_score": 1.0, "elevation_score": 1, "CVI_equal": 1.5811388300841898, "CVI_equal_norm": 0.122405267621469, "CVI_equal_class": 1, "CVI_equal_label": "Very Low Vulnerability", "CVI_equal_color": "green" }, "geometry": { "type": "LineString", "coordinates": [ [ 25.330995843474785, 37.447491883989159 ], [ 25.328057761128466, 37.449134167659047 ] ] } },
{ "type": "Feature", "properties": { "label": "T232", "land_cover_score": 5.0, "slope_score": 2, "erosion_score": 1.0, "elevation_score": 1, "CVI_equal": 1.5811388300841898, "CVI_equal_norm": 0.122405267621469, "CVI_equal_class": 1, "CVI_equal_label": "Very Low Vulnerability", "CVI_equal_color": "green" }, "geometry": { "type": "LineString", "coordinates": [ [ 25.331384258862073, 37.44799030350422 ], [ 25.328151299486073, 37.449235358702921 ] ] } },
{ "type": "Feature", "properties": { "label": "T233", "land_cover_score": 5.0, "slope_score": 2, "erosion_score": 1.0, "elevation_score": 1, "CVI_equal": 1.5811388300841898, "CVI_equal_norm": 0.122405267621469, "CVI_equal_class": 1, "CVI_equal_label": "Very Low Vulnerability", "CVI_equal_color": "green" }, "geometry": { "type": "LineString", "coordinates": [ [ 25.331703583504524, 37.448734032943769 ], [ 25.328149038530125, 37.449151666967722 ] ] } },
{ "type": "Feature", "properties": { "label": "T234", "land_cover_score": 5.0, "slope_score": 1, "erosion_score": 1.0, "elevation_score": 1, "CVI_equal": 1.1180339887498949, "CVI_equal_norm": 0.043136063666457163, "CVI_equal_class": 1, "CVI_equal_label": "Very Low Vulnerability", "CVI_equal_color": "green" }, "geometry": { "type": "LineString", "coordinates": [ [ 25.331221134769375, 37.450223145759026 ], [ 25.328548186797605, 37.448316668182827 ] ] } },
{ "type": "Feature", "properties": { "label": "T235", "land_cover_score": 5.0, "slope_score": 2, "erosion_score": 1.0, "elevation_score": 1, "CVI_equal": 1.5811388300841898, "CVI_equal_norm": 0.122405267621469, "CVI_equal_class": 1, "CVI_equal_label": "Very Low Vulnerability", "CVI_equal_color": "green" }, "geometry": { "type": "LineString", "coordinates": [ [ 25.330683433411458, 37.450633887247321 ], [ 25.328445063481478, 37.448402334102887 ] ] } },
{ "type": "Feature", "properties": { "label": "T236", "land_cover_score": 5.0, "slope_score": 2, "erosion_score": 1.0, "elevation_score": 1, "CVI_equal": 1.5811388300841898, "CVI_equal_norm": 0.122405267621469, "CVI_equal_class": 1, "CVI_equal_label": "Very Low Vulnerability", "CVI_equal_color": "green" }, "geometry": { "type": "LineString", "coordinates": [ [ 25.330732008306274, 37.450593491703543 ], [ 25.32778832886677, 37.448957569430732 ] ] } },
{ "type": "Feature", "properties": { "label": "T237", "land_cover_score": 5.0, "slope_score": 2, "erosion_score": 1.0, "elevation_score": 1, "CVI_equal": 1.5811388300841898, "CVI_equal_norm": 0.122405267621469, "CVI_equal_class": 1, "CVI_equal_label": "Very Low Vulnerability", "CVI_equal_color": "green" }, "geometry": { "type": "LineString", "coordinates": [ [ 25.330501610893943, 37.450861430032013 ], [ 25.327512251997948, 37.449278580940138 ] ] } },
{ "type": "Feature", "properties": { "label": "T238", "land_cover_score": 5.0, "slope_score": 2, "erosion_score": 1.0, "elevation_score": 1, "CVI_equal": 1.5811388300841898, "CVI_equal_norm": 0.122405267621469, "CVI_equal_class": 1, "CVI_equal_label": "Very Low Vulnerability", "CVI_equal_color": "green" }, "geometry": { "type": "LineString", "coordinates": [ [ 25.330298663459104, 37.451114759954642 ], [ 25.327232970694993, 37.449626778798574 ] ] } },
{ "type": "Feature", "properties": { "label": "T239", "land_cover_score": 5.0, "slope_score": 2, "erosion_score": 1.0, "elevation_score": 1, "CVI_equal": 1.5811388300841898, "CVI_equal_norm": 0.122405267621469, "CVI_equal_class": 1, "CVI_equal_label": "Very Low Vulnerability", "CVI_equal_color": "green" }, "geometry": { "type": "LineString", "coordinates": [ [ 25.330063158078715, 37.451420164089427 ], [ 25.326999456014089, 37.449929607153116 ] ] } },
{ "type": "Feature", "properties": { "label": "T240", "land_cover_score": 5.0, "slope_score": 2, "erosion_score": 1.0, "elevation_score": 1, "CVI_equal": 1.5811388300841898, "CVI_equal_norm": 0.122405267621469, "CVI_equal_class": 1, "CVI_equal_label": "Very Low Vulnerability", "CVI_equal_color": "green" }, "geometry": { "type": "LineString", "coordinates": [ [ 25.32975866510434, 37.451788113462051 ], [ 25.326810561116602, 37.450157246596795 ] ] } },
{ "type": "Feature", "properties": { "label": "T241", "land_cover_score": 5.0, "slope_score": 4, "erosion_score": 1.0, "elevation_score": 4, "CVI_equal": 4.4721359549995796, "CVI_equal_norm": 0.61725442546658293, "CVI_equal_class": 2, "CVI_equal_label": "Low Vulnerability", "CVI_equal_color": "lightgreen" }, "geometry": { "type": "LineString", "coordinates": [ [ 25.328227794504876, 37.452532746055667 ], [ 25.327607110025763, 37.449723035065851 ] ] } },
{ "type": "Feature", "properties": { "label": "T242", "land_cover_score": 5.0, "slope_score": 5, "erosion_score": 1.0, "elevation_score": 5, "CVI_equal": 5.5901699437494745, "CVI_equal_norm": 0.80862721273329141, "CVI_equal_class": 3, "CVI_equal_label": "Moderate Vulnerability", "CVI_equal_color": "yellow" }, "geometry": { "type": "LineString", "coordinates": [ [ 25.326825439017981, 37.452351976325055 ], [ 25.328167112223692, 37.449705692781826 ] ] } },
{ "type": "Feature", "properties": { "label": "T243", "land_cover_score": 5.0, "slope_score": 5, "erosion_score": 1.0, "elevation_score": 5, "CVI_equal": 5.5901699437494745, "CVI_equal_norm": 0.80862721273329141, "CVI_equal_class": 3, "CVI_equal_label": "Moderate Vulnerability", "CVI_equal_color": "yellow" }, "geometry": { "type": "LineString", "coordinates": [ [ 25.326423048640709, 37.45237484211804 ], [ 25.327700466563616, 37.449708594444893 ] ] } },
{ "type": "Feature", "properties": { "label": "T244", "land_cover_score": null, "slope_score": 5, "erosion_score": 1.0, "elevation_score": 5, "CVI_equal": 2.8867513459481291, "CVI_equal_norm": 0.3458856884005867, "CVI_equal_class": 2, "CVI_equal_label": "Low Vulnerability", "CVI_equal_color": "lightgreen" }, "geometry": { "type": "LineString", "coordinates": [ [ 25.326003232292294, 37.452248080783939 ], [ 25.327280650215197, 37.4495818285924 ] ] } },
{ "type": "Feature", "properties": { "label": "T245", "land_cover_score": null, "slope_score": 5, "erosion_score": 1.0, "elevation_score": 5, "CVI_equal": 2.8867513459481291, "CVI_equal_norm": 0.3458856884005867, "CVI_equal_class": 2, "CVI_equal_label": "Low Vulnerability", "CVI_equal_color": "lightgreen" }, "geometry": { "type": "LineString", "coordinates": [ [ 25.325583415943878, 37.452121319235012 ], [ 25.326860833866785, 37.449455062525097 ] ] } },
{ "type": "Feature", "properties": { "label": "T246", "land_cover_score": null, "slope_score": 5, "erosion_score": 1.0, "elevation_score": 5, "CVI_equal": 2.8867513459481291, "CVI_equal_norm": 0.3458856884005867, "CVI_equal_class": 2, "CVI_equal_label": "Low Vulnerability", "CVI_equal_color": "lightgreen" }, "geometry": { "type": "LineString", "coordinates": [ [ 25.326059942039237, 37.452090928180787 ], [ 25.325539645704712, 37.449268383435893 ] ] } },
{ "type": "Feature", "properties": { "label": "T247", "land_cover_score": null, "slope_score": 5, "erosion_score": 1.0, "elevation_score": 5, "CVI_equal": 2.8867513459481291, "CVI_equal_norm": 0.3458856884005867, "CVI_equal_class": 2, "CVI_equal_label": "Low Vulnerability", "CVI_equal_color": "lightgreen" }, "geometry": { "type": "LineString", "coordinates": [ [ 25.326365555889947, 37.449458243374444 ], [ 25.324907803124056, 37.452065553560551 ] ] } },
{ "type": "Feature", "properties": { "label": "T248", "land_cover_score": null, "slope_score": 5, "erosion_score": 1.0, "elevation_score": 5, "CVI_equal": 2.8867513459481291, "CVI_equal_norm": 0.3458856884005867, "CVI_equal_class": 2, "CVI_equal_label": "Low Vulnerability", "CVI_equal_color": "lightgreen" }, "geometry": { "type": "LineString", "coordinates": [ [ 25.326671655212486, 37.449558445743321 ], [ 25.325432302187142, 37.452235997093538 ] ] } },
{ "type": "Feature", "properties": { "label": "T249", "land_cover_score": null, "slope_score": 5, "erosion_score": 1.0, "elevation_score": 5, "CVI_equal": 2.8867513459481291, "CVI_equal_norm": 0.3458856884005867, "CVI_equal_class": 2, "CVI_equal_label": "Low Vulnerability", "CVI_equal_color": "lightgreen" }, "geometry": { "type": "LineString", "coordinates": [ [ 25.327169040055011, 37.449714625347546 ], [ 25.325769988920285, 37.45234211612199 ] ] } },
{ "type": "Feature", "properties": { "label": "T250", "land_cover_score": 5.0, "slope_score": 5, "erosion_score": 1.0, "elevation_score": 5, "CVI_equal": 5.5901699437494745, "CVI_equal_norm": 0.80862721273329141, "CVI_equal_class": 3, "CVI_equal_label": "Moderate Vulnerability", "CVI_equal_color": "yellow" }, "geometry": { "type": "LineString", "coordinates": [ [ 25.32835902790789, 37.450606883805989 ], [ 25.325174496450757, 37.451928216160468 ] ] } },
{ "type": "Feature", "properties": { "label": "T251", "land_cover_score": 5.0, "slope_score": 4, "erosion_score": 1.0, "elevation_score": 4, "CVI_equal": 4.4721359549995796, "CVI_equal_norm": 0.61725442546658293, "CVI_equal_class": 2, "CVI_equal_label": "Low Vulnerability", "CVI_equal_color": "lightgreen" }, "geometry": { "type": "LineString", "coordinates": [ [ 25.328604822674293, 37.451017607155926 ], [ 25.325313158065892, 37.452161566984707 ] ] } },
{ "type": "Feature", "properties": { "label": "T252", "land_cover_score": 5.0, "slope_score": 4, "erosion_score": 1.0, "elevation_score": 3, "CVI_equal": 3.872983346207417, "CVI_equal_norm": 0.51469805786376766, "CVI_equal_class": 2, "CVI_equal_label": "Low Vulnerability", "CVI_equal_color": "lightgreen" }, "geometry": { "type": "LineString", "coordinates": [ [ 25.328848260366634, 37.4518175550078 ], [ 25.325266697412854, 37.45204754599235 ] ] } },
{ "type": "Feature", "properties": { "label": "T253", "land_cover_score": 5.0, "slope_score": 3, "erosion_score": 1.0, "elevation_score": 3, "CVI_equal": 3.3541019662496847, "CVI_equal_norm": 0.42588163819987435, "CVI_equal_class": 2, "CVI_equal_label": "Low Vulnerability", "CVI_equal_color": "lightgreen" }, "geometry": { "type": "LineString", "coordinates": [ [ 25.328888794921887, 37.452109732880061 ], [ 25.325323377509417, 37.452464157609718 ] ] } },
{ "type": "Feature", "properties": { "label": "T254", "land_cover_score": 2.0, "slope_score": 4, "erosion_score": 1.0, "elevation_score": 3, "CVI_equal": 2.4494897427831779, "CVI_equal_norm": 0.27104004631420336, "CVI_equal_class": 1, "CVI_equal_label": "Very Low Vulnerability", "CVI_equal_color": "green" }, "geometry": { "type": "LineString", "coordinates": [ [ 25.328484704407501, 37.45337429371304 ], [ 25.325456555350726, 37.451838670697811 ] ] } },
{ "type": "Feature", "properties": { "label": "T255", "land_cover_score": 5.0, "slope_score": 4, "erosion_score": 1.0, "elevation_score": 4, "CVI_equal": 4.4721359549995796, "CVI_equal_norm": 0.61725442546658293, "CVI_equal_class": 2, "CVI_equal_label": "Low Vulnerability", "CVI_equal_color": "lightgreen" }, "geometry": { "type": "LineString", "coordinates": [ [ 25.328734064824175, 37.452611184159217 ], [ 25.325238499317841, 37.453271824169825 ] ] } },
{ "type": "Feature", "properties": { "label": "T256", "land_cover_score": 2.0, "slope_score": 3, "erosion_score": 1.0, "elevation_score": 3, "CVI_equal": 2.1213203435596424, "CVI_equal_norm": 0.21486761036234944, "CVI_equal_class": 1, "CVI_equal_label": "Very Low Vulnerability", "CVI_equal_color": "green" }, "geometry": { "type": "LineString", "coordinates": [ [ 25.328815963836423, 37.453244035461999 ], [ 25.325225079446373, 37.45334776848933 ] ] } },
{ "type": "Feature", "properties": { "label": "T257", "land_cover_score": 2.0, "slope_score": 4, "erosion_score": 1.0, "elevation_score": 2, "CVI_equal": 2.0, "CVI_equal_norm": 0.19410132549732179, "CVI_equal_class": 1, "CVI_equal_label": "Very Low Vulnerability", "CVI_equal_color": "green" }, "geometry": { "type": "LineString", "coordinates": [ [ 25.328786690198918, 37.453764028703105 ], [ 25.325204624063005, 37.453539035748101 ] ] } },
{ "type": "Feature", "properties": { "label": "T258", "land_cover_score": 5.0, "slope_score": 3, "erosion_score": 1.0, "elevation_score": 2, "CVI_equal": 2.7386127875258306, "CVI_equal_norm": 0.32052895585737839, "CVI_equal_class": 2, "CVI_equal_label": "Low Vulnerability", "CVI_equal_color": "lightgreen" }, "geometry": { "type": "LineString", "coordinates": [ [ 25.32880775424438, 37.453524588654069 ], [ 25.325412700561085, 37.454458875530676 ] ] } },
{ "type": "Feature", "properties": { "label": "T259", "land_cover_score": 5.0, "slope_score": 2, "erosion_score": 1.0, "elevation_score": 2, "CVI_equal": 2.2360679774997898, "CVI_equal_norm": 0.23450885093316573, "CVI_equal_class": 1, "CVI_equal_label": "Very Low Vulnerability", "CVI_equal_color": "green" }, "geometry": { "type": "LineString", "coordinates": [ [ 25.328961833359322, 37.453912267539131 ], [ 25.325527622310229, 37.454751531502758 ] ] } },
{ "type": "Feature", "properties": { "label": "T260", "land_cover_score": 2.0, "slope_score": 2, "erosion_score": 1.0, "elevation_score": 1, "CVI_equal": 1.0, "CVI_equal_norm": 0.022932300948535201, "CVI_equal_class": 1, "CVI_equal_label": "Very Low Vulnerability", "CVI_equal_color": "green" }, "geometry": { "type": "LineString", "coordinates": [ [ 25.329089401714356, 37.454552547997821 ], [ 25.325511598184089, 37.454816845429356 ] ] } },
{ "type": "Feature", "properties": { "label": "T261", "land_cover_score": 2.0, "slope_score": 2, "erosion_score": 1.0, "elevation_score": 1, "CVI_equal": 1.0, "CVI_equal_norm": 0.022932300948535201, "CVI_equal_class": 1, "CVI_equal_label": "Very Low Vulnerability", "CVI_equal_color": "green" }, "geometry": { "type": "LineString", "coordinates": [ [ 25.32907927622993, 37.455120184848525 ], [ 25.325491620864327, 37.454960914273848 ] ] } },
{ "type": "Feature", "properties": { "label": "T262", "land_cover_score": 2.0, "slope_score": 2, "erosion_score": 1.0, "elevation_score": 2, "CVI_equal": 1.4142135623730951, "CVI_equal_norm": 0.093832832374815878, "CVI_equal_class": 1, "CVI_equal_label": "Very Low Vulnerability", "CVI_equal_color": "green" }, "geometry": { "type": "LineString", "coordinates": [ [ 25.328950139390809, 37.455703521256787 ], [ 25.325445013580428, 37.455075635324036 ] ] } },
{ "type": "Feature", "properties": { "label": "T263", "land_cover_score": 2.0, "slope_score": 3, "erosion_score": 1.0, "elevation_score": 2, "CVI_equal": 1.7320508075688772, "CVI_equal_norm": 0.14823672360025139, "CVI_equal_class": 1, "CVI_equal_label": "Very Low Vulnerability", "CVI_equal_color": "green" }, "geometry": { "type": "LineString", "coordinates": [ [ 25.32892172718147, 37.455912229955651 ], [ 25.325353931619592, 37.455573238184733 ] ] } },
{ "type": "Feature", "properties": { "label": "T264", "land_cover_score": 5.0, "slope_score": 2, "erosion_score": 1.0, "elevation_score": 2, "CVI_equal": 2.2360679774997898, "CVI_equal_norm": 0.23450885093316573, "CVI_equal_class": 1, "CVI_equal_label": "Very Low Vulnerability", "CVI_equal_color": "green" }, "geometry": { "type": "LineString", "coordinates": [ [ 25.328963561314488, 37.455667878310734 ], [ 25.325527682624596, 37.456502810313012 ] ] } },
{ "type": "Feature", "properties": { "label": "T265", "land_cover_score": 5.0, "slope_score": 3, "erosion_score": 1.0, "elevation_score": 1, "CVI_equal": 1.9364916731037085, "CVI_equal_norm": 0.18323066713175812, "CVI_equal_class": 1, "CVI_equal_label": "Very Low Vulnerability", "CVI_equal_color": "green" }, "geometry": { "type": "LineString", "coordinates": [ [ 25.329059508276529, 37.455818442304405 ], [ 25.325791802336628, 37.457004825424633 ] ] } },
{ "type": "Feature", "properties": { "label": "T266", "land_cover_score": 5.0, "slope_score": 2, "erosion_score": 1.0, "elevation_score": 2, "CVI_equal": 2.2360679774997898, "CVI_equal_norm": 0.23450885093316573, "CVI_equal_class": 1, "CVI_equal_label": "Very Low Vulnerability", "CVI_equal_color": "green" }, "geometry": { "type": "LineString", "coordinates": [ [ 25.328922390380676, 37.45557700703079 ], [ 25.326571864614994, 37.457734450887159 ] ] } },
{ "type": "Feature", "properties": { "label": "T267", "land_cover_score": 5.0, "slope_score": 1, "erosion_score": 1.0, "elevation_score": 1, "CVI_equal": 1.1180339887498949, "CVI_equal_norm": 0.043136063666457163, "CVI_equal_class": 1, "CVI_equal_label": "Very Low Vulnerability", "CVI_equal_color": "green" }, "geometry": { "type": "LineString", "coordinates": [ [ 25.329463880949934, 37.456097723047442 ], [ 25.326566747320722, 37.457785040710853 ] ] } },
{ "type": "Feature", "properties": { "label": "T268", "land_cover_score": 5.0, "slope_score": 1, "erosion_score": 1.0, "elevation_score": 1, "CVI_equal": 1.1180339887498949, "CVI_equal_norm": 0.043136063666457163, "CVI_equal_class": 1, "CVI_equal_label": "Very Low Vulnerability", "CVI_equal_color": "green" }, "geometry": { "type": "LineString", "coordinates": [ [ 25.329836834107098, 37.456664026170181 ], [ 25.326576629137943, 37.45786332912035 ] ] } },
{ "type": "Feature", "properties": { "label": "T269", "land_cover_score": 5.0, "slope_score": 1, "erosion_score": 1.0, "elevation_score": 1, "CVI_equal": 1.1180339887498949, "CVI_equal_norm": 0.043136063666457163, "CVI_equal_class": 1, "CVI_equal_label": "Very Low Vulnerability", "CVI_equal_color": "green" }, "geometry": { "type": "LineString", "coordinates": [ [ 25.330057210060211, 37.457001289968332 ], [ 25.326772624920999, 37.458157910387293 ] ] } },
{ "type": "Feature", "properties": { "label": "T270", "land_cover_score": 3.0, "slope_score": 1, "erosion_score": 1.0, "elevation_score": 1, "CVI_equal": 0.8660254037844386, "CVI_equal_norm": 0.0, "CVI_equal_class": 1, "CVI_equal_label": "Very Low Vulnerability", "CVI_equal_color": "green" }, "geometry": { "type": "LineString", "coordinates": [ [ 25.330349851075979, 37.457631422168305 ], [ 25.326825178540094, 37.458186066042366 ] ] } },
{ "type": "Feature", "properties": { "label": "T271", "land_cover_score": 3.0, "slope_score": 1, "erosion_score": 1.0, "elevation_score": 1, "CVI_equal": 0.8660254037844386, "CVI_equal_norm": 0.0, "CVI_equal_class": 1, "CVI_equal_label": "Very Low Vulnerability", "CVI_equal_color": "green" }, "geometry": { "type": "LineString", "coordinates": [ [ 25.330449890351012, 37.458038317017696 ], [ 25.326899706732625, 37.458478657315773 ] ] } },
{ "type": "Feature", "properties": { "label": "T272", "land_cover_score": 3.0, "slope_score": 2, "erosion_score": 1.0, "elevation_score": 2, "CVI_equal": 1.7320508075688772, "CVI_equal_norm": 0.14823672360025139, "CVI_equal_class": 1, "CVI_equal_label": "Very Low Vulnerability", "CVI_equal_color": "green" }, "geometry": { "type": "LineString", "coordinates": [ [ 25.33053800382347, 37.458534266348465 ], [ 25.326949916014566, 37.458687267679316 ] ] } },
{ "type": "Feature", "properties": { "label": "T273", "land_cover_score": 3.0, "slope_score": 2, "erosion_score": 1.0, "elevation_score": 2, "CVI_equal": 1.7320508075688772, "CVI_equal_norm": 0.14823672360025139, "CVI_equal_class": 1, "CVI_equal_label": "Very Low Vulnerability", "CVI_equal_color": "green" }, "geometry": { "type": "LineString", "coordinates": [ [ 25.330459956981734, 37.459441740279864 ], [ 25.327072023892196, 37.458491367177118 ] ] } },
{ "type": "Feature", "properties": { "label": "T274", "land_cover_score": 3.0, "slope_score": 2, "erosion_score": 1.0, "elevation_score": 2, "CVI_equal": 1.7320508075688772, "CVI_equal_norm": 0.14823672360025139, "CVI_equal_class": 1, "CVI_equal_label": "Very Low Vulnerability", "CVI_equal_color": "green" }, "geometry": { "type": "LineString", "coordinates": [ [ 25.330216178726868, 37.459949885629875 ], [ 25.327014607551721, 37.45865490348703 ] ] } },
{ "type": "Feature", "properties": { "label": "T275", "land_cover_score": 5.0, "slope_score": 3, "erosion_score": 1.0, "elevation_score": 2, "CVI_equal": 2.7386127875258306, "CVI_equal_norm": 0.32052895585737839, "CVI_equal_class": 2, "CVI_equal_label": "Low Vulnerability", "CVI_equal_color": "lightgreen" }, "geometry": { "type": "LineString", "coordinates": [ [ 25.329956646311814, 37.460346855514821 ], [ 25.326865328537416, 37.458892851088208 ] ] } },
{ "type": "Feature", "properties": { "label": "T276", "land_cover_score": 5.0, "slope_score": 3, "erosion_score": 1.0, "elevation_score": 2, "CVI_equal": 2.7386127875258306, "CVI_equal_norm": 0.32052895585737839, "CVI_equal_class": 2, "CVI_equal_label": "Low Vulnerability", "CVI_equal_color": "lightgreen" }, "geometry": { "type": "LineString", "coordinates": [ [ 25.329989716504336, 37.459581647960128 ], [ 25.326507981843982, 37.460286749399671 ] ] } },
{ "type": "Feature", "properties": { "label": "T277", "land_cover_score": 5.0, "slope_score": 3, "erosion_score": 1.0, "elevation_score": 2, "CVI_equal": 2.7386127875258306, "CVI_equal_norm": 0.32052895585737839, "CVI_equal_class": 2, "CVI_equal_label": "Low Vulnerability", "CVI_equal_color": "lightgreen" }, "geometry": { "type": "LineString", "coordinates": [ [ 25.329830362309846, 37.459288930049667 ], [ 25.327129337827387, 37.461170026468338 ] ] } }
]
}
